{"timestamp":"2026-06-19T05:08:05.054681Z","level":"INFO","fields":{"message":"python/3.11.15; huggingface_hub/1.20.1; hf_xet/1.5.1; , xet-core revision 9dc8c18"},"filename":"/home/runner/work/xet-core/xet-core/xet_runtime/src/logging/init.rs","line_number":65}
{"timestamp":"2026-06-19T05:08:05.054759Z","level":"INFO","fields":{"message":"hf_xet logging configured."},"filename":"src/logging.rs","line_number":36}
{"timestamp":"2026-06-19T05:08:05.054811Z","level":"INFO","fields":{"message":"starting log cleanup in \"/home/runner/work/FinAI/FinAI/.hf_cache/xet/logs\" (min_age=86400s, max_retention=1209600s, max_size=250MB bytes)"},"filename":"/home/runner/work/xet-core/xet-core/xet_runtime/src/logging/init.rs","line_number":241}
{"timestamp":"2026-06-19T05:08:05.054865Z","level":"INFO","fields":{"message":"Config: min_spacing_between_global_dedup_queries = 256 (default)"},"filename":"/home/runner/work/xet-core/xet-core/xet_runtime/src/utils/configuration_utils.rs","line_number":53}
{"timestamp":"2026-06-19T05:08:05.054877Z","level":"INFO","fields":{"message":"Config: local_cas_scheme = \"local://\" (default)"},"filename":"/home/runner/work/xet-core/xet-core/xet_runtime/src/utils/configuration_utils.rs","line_number":53}
{"timestamp":"2026-06-19T05:08:05.054883Z","level":"INFO","fields":{"message":"Config: max_concurrent_file_ingestion = 8 (default)"},"filename":"/home/runner/work/xet-core/xet-core/xet_runtime/src/utils/configuration_utils.rs","line_number":53}
{"timestamp":"2026-06-19T05:08:05.054886Z","level":"INFO","fields":{"message":"Config: max_concurrent_file_downloads = 8 (default)"},"filename":"/home/runner/work/xet-core/xet-core/xet_runtime/src/utils/configuration_utils.rs","line_number":53}
{"timestamp":"2026-06-19T05:08:05.054890Z","level":"INFO","fields":{"message":"Config: ingestion_block_size = 8MB (default)"},"filename":"/home/runner/work/xet-core/xet-core/xet_runtime/src/utils/configuration_utils.rs","line_number":53}
{"timestamp":"2026-06-19T05:08:05.054894Z","level":"INFO","fields":{"message":"Config: progress_update_interval = 200ms (default)"},"filename":"/home/runner/work/xet-core/xet-core/xet_runtime/src/utils/configuration_utils.rs","line_number":53}
{"timestamp":"2026-06-19T05:08:05.054898Z","level":"INFO","fields":{"message":"Config: progress_update_speed_sampling_window = 10s (default)"},"filename":"/home/runner/work/xet-core/xet-core/xet_runtime/src/utils/configuration_utils.rs","line_number":53}
{"timestamp":"2026-06-19T05:08:05.054902Z","level":"INFO","fields":{"message":"Config: progress_update_speed_min_observations = 4 (default)"},"filename":"/home/runner/work/xet-core/xet-core/xet_runtime/src/utils/configuration_utils.rs","line_number":53}
{"timestamp":"2026-06-19T05:08:05.054905Z","level":"INFO","fields":{"message":"Config: session_xorb_metadata_flush_interval = 20s (default)"},"filename":"/home/runner/work/xet-core/xet-core/xet_runtime/src/utils/configuration_utils.rs","line_number":53}
{"timestamp":"2026-06-19T05:08:05.054909Z","level":"INFO","fields":{"message":"Config: session_xorb_metadata_flush_max_count = 64 (default)"},"filename":"/home/runner/work/xet-core/xet-core/xet_runtime/src/utils/configuration_utils.rs","line_number":53}
{"timestamp":"2026-06-19T05:08:05.054913Z","level":"INFO","fields":{"message":"Config: default_cas_endpoint = \"http://localhost:8080\" (default)"},"filename":"/home/runner/work/xet-core/xet-core/xet_runtime/src/utils/configuration_utils.rs","line_number":53}
{"timestamp":"2026-06-19T05:08:05.054916Z","level":"INFO","fields":{"message":"Config: aggregate_progress = true (default)"},"filename":"/home/runner/work/xet-core/xet-core/xet_runtime/src/utils/configuration_utils.rs","line_number":53}
{"timestamp":"2026-06-19T05:08:05.054919Z","level":"INFO","fields":{"message":"Config: default_prefix = \"default\" (default)"},"filename":"/home/runner/work/xet-core/xet-core/xet_runtime/src/utils/configuration_utils.rs","line_number":53}
{"timestamp":"2026-06-19T05:08:05.054922Z","level":"INFO","fields":{"message":"Config: staging_subdir = \"staging\" (default)"},"filename":"/home/runner/work/xet-core/xet-core/xet_runtime/src/utils/configuration_utils.rs","line_number":53}
{"timestamp":"2026-06-19T05:08:05.054925Z","level":"INFO","fields":{"message":"Config: target_size = 67108864 (default)"},"filename":"/home/runner/work/xet-core/xet-core/xet_runtime/src/utils/configuration_utils.rs","line_number":53}
{"timestamp":"2026-06-19T05:08:05.054929Z","level":"INFO","fields":{"message":"Config: max_target_size = 67108864 (default)"},"filename":"/home/runner/work/xet-core/xet-core/xet_runtime/src/utils/configuration_utils.rs","line_number":53}
{"timestamp":"2026-06-19T05:08:05.054932Z","level":"INFO","fields":{"message":"Config: cache_size_limit = 16GB (default)"},"filename":"/home/runner/work/xet-core/xet-core/xet_runtime/src/utils/configuration_utils.rs","line_number":53}
{"timestamp":"2026-06-19T05:08:05.054936Z","level":"INFO","fields":{"message":"Config: chunk_index_table_max_size = 67108864 (default)"},"filename":"/home/runner/work/xet-core/xet-core/xet_runtime/src/utils/configuration_utils.rs","line_number":53}
{"timestamp":"2026-06-19T05:08:05.054940Z","level":"INFO","fields":{"message":"Config: cache_subdir = \"shard-cache\" (default)"},"filename":"/home/runner/work/xet-core/xet-core/xet_runtime/src/utils/configuration_utils.rs","line_number":53}
{"timestamp":"2026-06-19T05:08:05.054944Z","level":"INFO","fields":{"message":"Config: nranges_in_streaming_fragmentation_estimator = 128 (default)"},"filename":"/home/runner/work/xet-core/xet-core/xet_runtime/src/utils/configuration_utils.rs","line_number":53}
{"timestamp":"2026-06-19T05:08:05.054947Z","level":"INFO","fields":{"message":"Config: min_n_chunks_per_range_hysteresis_factor = 0.5 (default)"},"filename":"/home/runner/work/xet-core/xet-core/xet_runtime/src/utils/configuration_utils.rs","line_number":53}
{"timestamp":"2026-06-19T05:08:05.054951Z","level":"INFO","fields":{"message":"Config: min_n_chunks_per_range = 8.0 (default)"},"filename":"/home/runner/work/xet-core/xet-core/xet_runtime/src/utils/configuration_utils.rs","line_number":53}
{"timestamp":"2026-06-19T05:08:05.054954Z","level":"INFO","fields":{"message":"Config: global_dedup_query_enabled = true (default)"},"filename":"/home/runner/work/xet-core/xet-core/xet_runtime/src/utils/configuration_utils.rs","line_number":53}
{"timestamp":"2026-06-19T05:08:05.054957Z","level":"INFO","fields":{"message":"Config: size_bytes = 0 (default)"},"filename":"/home/runner/work/xet-core/xet-core/xet_runtime/src/utils/configuration_utils.rs","line_number":53}
{"timestamp":"2026-06-19T05:08:05.054960Z","level":"INFO","fields":{"message":"Config: retry_max_attempts = 5 (default)"},"filename":"/home/runner/work/xet-core/xet-core/xet_runtime/src/utils/configuration_utils.rs","line_number":53}
{"timestamp":"2026-06-19T05:08:05.054963Z","level":"INFO","fields":{"message":"Config: retry_base_delay = 3s (default)"},"filename":"/home/runner/work/xet-core/xet-core/xet_runtime/src/utils/configuration_utils.rs","line_number":53}
{"timestamp":"2026-06-19T05:08:05.054966Z","level":"INFO","fields":{"message":"Config: retry_max_duration = 360s (default)"},"filename":"/home/runner/work/xet-core/xet-core/xet_runtime/src/utils/configuration_utils.rs","line_number":53}
{"timestamp":"2026-06-19T05:08:05.054969Z","level":"INFO","fields":{"message":"Config: idle_connection_timeout = 60s (default)"},"filename":"/home/runner/work/xet-core/xet-core/xet_runtime/src/utils/configuration_utils.rs","line_number":53}
{"timestamp":"2026-06-19T05:08:05.054973Z","level":"INFO","fields":{"message":"Config: max_idle_connections = 16 (default)"},"filename":"/home/runner/work/xet-core/xet-core/xet_runtime/src/utils/configuration_utils.rs","line_number":53}
{"timestamp":"2026-06-19T05:08:05.054976Z","level":"INFO","fields":{"message":"Config: connect_timeout = 60s (default)"},"filename":"/home/runner/work/xet-core/xet-core/xet_runtime/src/utils/configuration_utils.rs","line_number":53}
{"timestamp":"2026-06-19T05:08:05.054978Z","level":"INFO","fields":{"message":"Config: read_timeout = 300s (default)"},"filename":"/home/runner/work/xet-core/xet-core/xet_runtime/src/utils/configuration_utils.rs","line_number":53}
{"timestamp":"2026-06-19T05:08:05.054982Z","level":"INFO","fields":{"message":"Config: upload_reporting_block_size = 524288 (default)"},"filename":"/home/runner/work/xet-core/xet-core/xet_runtime/src/utils/configuration_utils.rs","line_number":53}
{"timestamp":"2026-06-19T05:08:05.054985Z","level":"INFO","fields":{"message":"Config: enable_adaptive_concurrency = true (default)"},"filename":"/home/runner/work/xet-core/xet-core/xet_runtime/src/utils/configuration_utils.rs","line_number":53}
{"timestamp":"2026-06-19T05:08:05.054988Z","level":"INFO","fields":{"message":"Config: ac_min_adjustment_window_ms = 500 (default)"},"filename":"/home/runner/work/xet-core/xet-core/xet_runtime/src/utils/configuration_utils.rs","line_number":53}
{"timestamp":"2026-06-19T05:08:05.054992Z","level":"INFO","fields":{"message":"Config: ac_min_bytes_required_for_adjustment = 20MB (default)"},"filename":"/home/runner/work/xet-core/xet-core/xet_runtime/src/utils/configuration_utils.rs","line_number":53}
{"timestamp":"2026-06-19T05:08:05.054995Z","level":"INFO","fields":{"message":"Config: ac_num_transmissions_required_for_adjustment = 1 (default)"},"filename":"/home/runner/work/xet-core/xet-core/xet_runtime/src/utils/configuration_utils.rs","line_number":53}
{"timestamp":"2026-06-19T05:08:05.054998Z","level":"INFO","fields":{"message":"Config: ac_latency_rtt_half_life = 64.0 (default)"},"filename":"/home/runner/work/xet-core/xet-core/xet_runtime/src/utils/configuration_utils.rs","line_number":53}
{"timestamp":"2026-06-19T05:08:05.055002Z","level":"INFO","fields":{"message":"Config: ac_success_tracking_half_life = 8.0 (default)"},"filename":"/home/runner/work/xet-core/xet-core/xet_runtime/src/utils/configuration_utils.rs","line_number":53}
{"timestamp":"2026-06-19T05:08:05.055005Z","level":"INFO","fields":{"message":"Config: ac_target_rtt = 60s (default)"},"filename":"/home/runner/work/xet-core/xet-core/xet_runtime/src/utils/configuration_utils.rs","line_number":53}
{"timestamp":"2026-06-19T05:08:05.055008Z","level":"INFO","fields":{"message":"Config: ac_max_healthy_rtt = 90s (default)"},"filename":"/home/runner/work/xet-core/xet-core/xet_runtime/src/utils/configuration_utils.rs","line_number":53}
{"timestamp":"2026-06-19T05:08:05.055011Z","level":"INFO","fields":{"message":"Config: ac_rtt_success_max_quantile = 0.95 (default)"},"filename":"/home/runner/work/xet-core/xet-core/xet_runtime/src/utils/configuration_utils.rs","line_number":53}
{"timestamp":"2026-06-19T05:08:05.055014Z","level":"INFO","fields":{"message":"Config: ac_healthy_success_ratio_threshold = 0.8 (default)"},"filename":"/home/runner/work/xet-core/xet-core/xet_runtime/src/utils/configuration_utils.rs","line_number":53}
{"timestamp":"2026-06-19T05:08:05.055017Z","level":"INFO","fields":{"message":"Config: ac_unhealthy_success_ratio_threshold = 0.5 (default)"},"filename":"/home/runner/work/xet-core/xet-core/xet_runtime/src/utils/configuration_utils.rs","line_number":53}
{"timestamp":"2026-06-19T05:08:05.055020Z","level":"INFO","fields":{"message":"Config: ac_max_reference_transmission_size = 64MB (default)"},"filename":"/home/runner/work/xet-core/xet-core/xet_runtime/src/utils/configuration_utils.rs","line_number":53}
{"timestamp":"2026-06-19T05:08:05.055023Z","level":"INFO","fields":{"message":"Config: ac_min_reference_transmission_size = 1MB (default)"},"filename":"/home/runner/work/xet-core/xet-core/xet_runtime/src/utils/configuration_utils.rs","line_number":53}
{"timestamp":"2026-06-19T05:08:05.055026Z","level":"INFO","fields":{"message":"Config: ac_logging_interval_ms = 10000 (default)"},"filename":"/home/runner/work/xet-core/xet-core/xet_runtime/src/utils/configuration_utils.rs","line_number":53}
{"timestamp":"2026-06-19T05:08:05.055030Z","level":"INFO","fields":{"message":"Config: ac_max_upload_concurrency = 64 (default)"},"filename":"/home/runner/work/xet-core/xet-core/xet_runtime/src/utils/configuration_utils.rs","line_number":53}
{"timestamp":"2026-06-19T05:08:05.055033Z","level":"INFO","fields":{"message":"Config: ac_min_upload_concurrency = 1 (default)"},"filename":"/home/runner/work/xet-core/xet-core/xet_runtime/src/utils/configuration_utils.rs","line_number":53}
{"timestamp":"2026-06-19T05:08:05.055036Z","level":"INFO","fields":{"message":"Config: ac_initial_upload_concurrency = 2 (default)"},"filename":"/home/runner/work/xet-core/xet-core/xet_runtime/src/utils/configuration_utils.rs","line_number":53}
{"timestamp":"2026-06-19T05:08:05.055039Z","level":"INFO","fields":{"message":"Config: ac_max_download_concurrency = 64 (default)"},"filename":"/home/runner/work/xet-core/xet-core/xet_runtime/src/utils/configuration_utils.rs","line_number":53}
{"timestamp":"2026-06-19T05:08:05.055042Z","level":"INFO","fields":{"message":"Config: ac_min_download_concurrency = 1 (default)"},"filename":"/home/runner/work/xet-core/xet-core/xet_runtime/src/utils/configuration_utils.rs","line_number":53}
{"timestamp":"2026-06-19T05:08:05.055046Z","level":"INFO","fields":{"message":"Config: ac_initial_download_concurrency = 4 (default)"},"filename":"/home/runner/work/xet-core/xet-core/xet_runtime/src/utils/configuration_utils.rs","line_number":53}
{"timestamp":"2026-06-19T05:08:05.055049Z","level":"INFO","fields":{"message":"Config: unix_socket_path = None (default)"},"filename":"/home/runner/work/xet-core/xet-core/xet_runtime/src/utils/configuration_utils.rs","line_number":53}
{"timestamp":"2026-06-19T05:08:05.055052Z","level":"INFO","fields":{"message":"Config: reconstruction_api_version = None (default)"},"filename":"/home/runner/work/xet-core/xet-core/xet_runtime/src/utils/configuration_utils.rs","line_number":53}
{"timestamp":"2026-06-19T05:08:05.055054Z","level":"INFO","fields":{"message":"Config: enable_multirange_fetching = false (default)"},"filename":"/home/runner/work/xet-core/xet-core/xet_runtime/src/utils/configuration_utils.rs","line_number":53}
{"timestamp":"2026-06-19T05:08:05.055057Z","level":"INFO","fields":{"message":"Config: dest = None (default)"},"filename":"/home/runner/work/xet-core/xet-core/xet_runtime/src/utils/configuration_utils.rs","line_number":53}
{"timestamp":"2026-06-19T05:08:05.055060Z","level":"INFO","fields":{"message":"Config: format = None (default)"},"filename":"/home/runner/work/xet-core/xet-core/xet_runtime/src/utils/configuration_utils.rs","line_number":53}
{"timestamp":"2026-06-19T05:08:05.055064Z","level":"INFO","fields":{"message":"Config: prefix = \"xet\" (default)"},"filename":"/home/runner/work/xet-core/xet-core/xet_runtime/src/utils/configuration_utils.rs","line_number":53}
{"timestamp":"2026-06-19T05:08:05.055067Z","level":"INFO","fields":{"message":"Config: dir_disable_cleanup = false (default)"},"filename":"/home/runner/work/xet-core/xet-core/xet_runtime/src/utils/configuration_utils.rs","line_number":53}
{"timestamp":"2026-06-19T05:08:05.055070Z","level":"INFO","fields":{"message":"Config: dir_max_size = 250MB (default)"},"filename":"/home/runner/work/xet-core/xet-core/xet_runtime/src/utils/configuration_utils.rs","line_number":53}
{"timestamp":"2026-06-19T05:08:05.055073Z","level":"INFO","fields":{"message":"Config: dir_min_deletion_age = 86400s (default)"},"filename":"/home/runner/work/xet-core/xet-core/xet_runtime/src/utils/configuration_utils.rs","line_number":53}
{"timestamp":"2026-06-19T05:08:05.055076Z","level":"INFO","fields":{"message":"Config: dir_max_retention_age = 1209600s (default)"},"filename":"/home/runner/work/xet-core/xet-core/xet_runtime/src/utils/configuration_utils.rs","line_number":53}
{"timestamp":"2026-06-19T05:08:05.055079Z","level":"INFO","fields":{"message":"Config: min_reconstruction_fetch_size = 256MB (default)"},"filename":"/home/runner/work/xet-core/xet-core/xet_runtime/src/utils/configuration_utils.rs","line_number":53}
{"timestamp":"2026-06-19T05:08:05.055082Z","level":"INFO","fields":{"message":"Config: max_reconstruction_fetch_size = 8GB (default)"},"filename":"/home/runner/work/xet-core/xet-core/xet_runtime/src/utils/configuration_utils.rs","line_number":53}
{"timestamp":"2026-06-19T05:08:05.055086Z","level":"INFO","fields":{"message":"Config: download_buffer_size = 2GB (default)"},"filename":"/home/runner/work/xet-core/xet-core/xet_runtime/src/utils/configuration_utils.rs","line_number":53}
{"timestamp":"2026-06-19T05:08:05.055089Z","level":"INFO","fields":{"message":"Config: download_buffer_perfile_size = 512MB (default)"},"filename":"/home/runner/work/xet-core/xet-core/xet_runtime/src/utils/configuration_utils.rs","line_number":53}
{"timestamp":"2026-06-19T05:08:05.055092Z","level":"INFO","fields":{"message":"Config: download_buffer_limit = 8GB (default)"},"filename":"/home/runner/work/xet-core/xet-core/xet_runtime/src/utils/configuration_utils.rs","line_number":53}
{"timestamp":"2026-06-19T05:08:05.055095Z","level":"INFO","fields":{"message":"Config: completion_rate_estimator_half_life = 4.0 (default)"},"filename":"/home/runner/work/xet-core/xet-core/xet_runtime/src/utils/configuration_utils.rs","line_number":53}
{"timestamp":"2026-06-19T05:08:05.055098Z","level":"INFO","fields":{"message":"Config: target_block_completion_time = 900s (default)"},"filename":"/home/runner/work/xet-core/xet-core/xet_runtime/src/utils/configuration_utils.rs","line_number":53}
{"timestamp":"2026-06-19T05:08:05.055124Z","level":"INFO","fields":{"message":"Config: min_prefetch_buffer = 1GB (default)"},"filename":"/home/runner/work/xet-core/xet-core/xet_runtime/src/utils/configuration_utils.rs","line_number":53}
{"timestamp":"2026-06-19T05:08:05.055128Z","level":"INFO","fields":{"message":"Config: use_vectored_write = true (default)"},"filename":"/home/runner/work/xet-core/xet-core/xet_runtime/src/utils/configuration_utils.rs","line_number":53}
{"timestamp":"2026-06-19T05:08:05.055131Z","level":"INFO","fields":{"message":"Config: compression_scheme_retest_interval = 32 (default)"},"filename":"/home/runner/work/xet-core/xet-core/xet_runtime/src/utils/configuration_utils.rs","line_number":53}
{"timestamp":"2026-06-19T05:08:05.055134Z","level":"INFO","fields":{"message":"Config: compression_policy = \"auto\" (default)"},"filename":"/home/runner/work/xet-core/xet-core/xet_runtime/src/utils/config_enum.rs","line_number":174}
{"timestamp":"2026-06-19T05:08:05.055138Z","level":"INFO","fields":{"message":"Config: simulation_max_bytes = None (default)"},"filename":"/home/runner/work/xet-core/xet-core/xet_runtime/src/utils/configuration_utils.rs","line_number":53}
{"timestamp":"2026-06-19T05:08:05.055141Z","level":"INFO","fields":{"message":"Config: simulation_max_chunks = None (default)"},"filename":"/home/runner/work/xet-core/xet-core/xet_runtime/src/utils/configuration_utils.rs","line_number":53}
{"timestamp":"2026-06-19T05:08:05.055149Z","level":"INFO","fields":{"message":"Config: dir_name = \"shard-session\" (default)"},"filename":"/home/runner/work/xet-core/xet-core/xet_runtime/src/utils/configuration_utils.rs","line_number":53}
{"timestamp":"2026-06-19T05:08:05.055152Z","level":"INFO","fields":{"message":"Config: enabled = false (default)"},"filename":"/home/runner/work/xet-core/xet-core/xet_runtime/src/utils/configuration_utils.rs","line_number":53}
{"timestamp":"2026-06-19T05:08:05.055156Z","level":"INFO","fields":{"message":"Config: sample_interval = 5s (default)"},"filename":"/home/runner/work/xet-core/xet-core/xet_runtime/src/utils/configuration_utils.rs","line_number":53}
{"timestamp":"2026-06-19T05:08:05.055159Z","level":"INFO","fields":{"message":"Config: log_path = None (default)"},"filename":"/home/runner/work/xet-core/xet-core/xet_runtime/src/utils/configuration_utils.rs","line_number":53}
{"timestamp":"2026-06-19T05:08:05.055244Z","level":"INFO","fields":{"message":"Using 4 async threads for tokio runtime"},"filename":"/home/runner/work/xet-core/xet-core/xet_runtime/src/core/runtime.rs","line_number":70}
{"timestamp":"2026-06-19T05:08:05.055539Z","level":"INFO","fields":{"message":"Session created, session_id=019ede47-733f-7ba3-95e6-cf5010e684a9"},"filename":"/home/runner/work/xet-core/xet-core/xet_pkg/src/xet_session/session.rs","line_number":183}
{"timestamp":"2026-06-19T05:08:05.055654Z","level":"INFO","fields":{"message":"CAS auth disabled","caller":"/home/runner/work/xet-core/xet-core/xet_client/src/common/http_client.rs:166"},"filename":"/home/runner/work/xet-core/xet-core/xet_runtime/src/error_printer/mod.rs","line_number":198}
{"timestamp":"2026-06-19T05:08:05.080951Z","level":"INFO","fields":{"message":"Log Directory Cleanup: found 24.808MB of logs in 188 log files, with 23.197MB in 175 files eligible for deletion."},"filename":"/home/runner/work/xet-core/xet-core/xet_runtime/src/logging/init.rs","line_number":319}
{"timestamp":"2026-06-19T05:08:05.080975Z","level":"INFO","fields":{"message":"Log Directory Cleanup: deleted 0B in 175 files"},"filename":"/home/runner/work/xet-core/xet-core/xet_runtime/src/logging/init.rs","line_number":383}
{"timestamp":"2026-06-19T05:08:05.140142Z","level":"INFO","fields":{"message":"HTTP client configured","idle_timeout":"60s","max_idle_connections":16,"custom_headers":"Some({\"user-agent\": \"unknown/None; hf_hub/1.20.1; python/3.11.15; torch/2.12.1\", \"authorization\": \"[REDACTED]\"})"},"filename":"/home/runner/work/xet-core/xet-core/xet_client/src/common/http_client.rs","line_number":187}
{"timestamp":"2026-06-19T05:08:05.140169Z","level":"INFO","fields":{"message":"Retry strategy","max_attempts":5,"base_delay":"3s","no_retry_on_429":false},"filename":"/home/runner/work/xet-core/xet-core/xet_client/src/cas_client/retry_wrapper.rs","line_number":249}
{"timestamp":"2026-06-19T05:08:05.201693Z","level":"INFO","fields":{"message":"Received CAS response","request_id":"Root=1-6a34ceb5-146831293f9d1ca56bc3171c","status_code":200},"filename":"/home/runner/work/xet-core/xet-core/xet_client/src/common/http_client.rs","line_number":288}
{"timestamp":"2026-06-19T05:08:05.201719Z","level":"INFO","fields":{"message":"Request Success: xet-token api call succeeded (request id Root=1-6a34ceb5-146831293f9d1ca56bc3171c)."},"filename":"/home/runner/work/xet-core/xet-core/xet_client/src/cas_client/retry_wrapper.rs","line_number":210}
{"timestamp":"2026-06-19T05:08:05.201814Z","level":"INFO","fields":{"message":"TranslatorConfig initialized","endpoint":"https://cas-server.xethub.hf.co","session_id":"Some(\"019ede47-73d1-7f11-8894-bf3ac1b2c965\")","shard_cache":"/home/runner/work/FinAI/FinAI/.hf_cache/xet/https___cas_serv-tGqkUaZf_CBPHQ6h/shard-cache","shard_session":"/home/runner/work/FinAI/FinAI/.hf_cache/xet/https___cas_serv-tGqkUaZf_CBPHQ6h/staging/shard-session"},"filename":"/home/runner/work/xet-core/xet-core/xet_data/src/processing/configurations.rs","line_number":115}
{"timestamp":"2026-06-19T05:08:05.208672Z","level":"INFO","fields":{"message":"HTTP client configured","idle_timeout":"60s","max_idle_connections":16,"custom_headers":"Some({\"user-agent\": \"unknown/None; hf_hub/1.20.1; python/3.11.15; torch/2.12.1; hf_xet/1.5.1\"})"},"filename":"/home/runner/work/xet-core/xet-core/xet_client/src/common/http_client.rs","line_number":187}
{"timestamp":"2026-06-19T05:08:05.208688Z","level":"INFO","fields":{"message":"CAS auth disabled","caller":"/home/runner/work/xet-core/xet-core/xet_client/src/common/http_client.rs:166"},"filename":"/home/runner/work/xet-core/xet-core/xet_runtime/src/error_printer/mod.rs","line_number":198}
{"timestamp":"2026-06-19T05:08:05.208693Z","level":"INFO","fields":{"message":"HTTP client configured","idle_timeout":"60s","max_idle_connections":16,"custom_headers":"Some({\"user-agent\": \"unknown/None; hf_hub/1.20.1; python/3.11.15; torch/2.12.1; hf_xet/1.5.1\"})"},"filename":"/home/runner/work/xet-core/xet-core/xet_client/src/common/http_client.rs","line_number":187}
{"timestamp":"2026-06-19T05:08:05.215839Z","level":"INFO","fields":{"message":"No-read-timeout HTTP client configured (for shard uploads)","connect_timeout":"60s"},"filename":"/home/runner/work/xet-core/xet-core/xet_client/src/common/http_client.rs","line_number":136}
{"timestamp":"2026-06-19T05:08:05.215854Z","level":"INFO","fields":{"message":"Initializing Adaptive Concurrency Controller for upload with starting concurrency = 2; min = 1, max = 64, min_bytes_for_adjustment = 20000000, min_completed_transmissions_for_adjustment = 1"},"filename":"/home/runner/work/xet-core/xet-core/xet_client/src/cas_client/adaptive_concurrency/controller.rs","line_number":301}
{"timestamp":"2026-06-19T05:08:05.215859Z","level":"INFO","fields":{"message":"Initializing Adaptive Concurrency Controller for download with starting concurrency = 4; min = 1, max = 64, min_bytes_for_adjustment = 20000000, min_completed_transmissions_for_adjustment = 1"},"filename":"/home/runner/work/xet-core/xet-core/xet_client/src/cas_client/adaptive_concurrency/controller.rs","line_number":301}
{"timestamp":"2026-06-19T05:08:05.215912Z","level":"INFO","fields":{"message":"New file download group, session_id=019ede47-733f-7ba3-95e6-cf5010e684a9, group_id=1"},"filename":"/home/runner/work/xet-core/xet-core/xet_pkg/src/xet_session/file_download_group.rs","line_number":61}
{"timestamp":"2026-06-19T05:08:05.216009Z","level":"INFO","fields":{"message":"Download file to path","group_id":"1","dest_path":"\"/home/runner/work/FinAI/FinAI/temp_download/.cache/huggingface/download/checkpoint/rNddXgFQCB-xZSeXgBkzweEA8Qg=.6e34f976c748b0d80414e25b9633fdf99c3397c1b21890c5a21baf06f9f46c0d.a338da7b.incomplete\"","hash":"b14327e1ebb060c7a3fec0cc54505d4375b215f2a7aa4fffdea0676e9d3cc641"},"filename":"/home/runner/work/xet-core/xet-core/xet_pkg/src/xet_session/file_download_group.rs","line_number":287}
{"timestamp":"2026-06-19T05:08:05.216147Z","level":"INFO","fields":{"message":"Reconstructing file to disk","file_hash":"b14327e1ebb060c7a3fec0cc54505d4375b215f2a7aa4fffdea0676e9d3cc641","byte_range":"None","path":"/home/runner/work/FinAI/FinAI/temp_download/.cache/huggingface/download/checkpoint/rNddXgFQCB-xZSeXgBkzweEA8Qg=.6e34f976c748b0d80414e25b9633fdf99c3397c1b21890c5a21baf06f9f46c0d.a338da7b.incomplete","write_offset":"None"},"filename":"/home/runner/work/xet-core/xet-core/xet_data/src/file_reconstruction/file_reconstructor.rs","line_number":121}
{"timestamp":"2026-06-19T05:08:05.216222Z","level":"INFO","fields":{"message":"Scheduling prefetch block","file_hash":"b14327e1ebb060c7a3fec0cc54505d4375b215f2a7aa4fffdea0676e9d3cc641","prefetch_range":"(0, 256000000)","requested_block_size":256000000,"actual_block_size":256000000,"queue_depth":1},"filename":"/home/runner/work/xet-core/xet-core/xet_data/src/file_reconstruction/reconstruction_terms/manager.rs","line_number":272}
{"timestamp":"2026-06-19T05:08:05.216240Z","level":"INFO","fields":{"message":"Scheduling prefetch block","file_hash":"b14327e1ebb060c7a3fec0cc54505d4375b215f2a7aa4fffdea0676e9d3cc641","prefetch_range":"(256000000, 768000000)","requested_block_size":512000000,"actual_block_size":512000000,"queue_depth":2},"filename":"/home/runner/work/xet-core/xet-core/xet_data/src/file_reconstruction/reconstruction_terms/manager.rs","line_number":272}
{"timestamp":"2026-06-19T05:08:05.216255Z","level":"INFO","fields":{"message":"Scheduling prefetch block","file_hash":"b14327e1ebb060c7a3fec0cc54505d4375b215f2a7aa4fffdea0676e9d3cc641","prefetch_range":"(768000000, 1024000000)","requested_block_size":256000000,"actual_block_size":256000000,"queue_depth":3},"filename":"/home/runner/work/xet-core/xet-core/xet_data/src/file_reconstruction/reconstruction_terms/manager.rs","line_number":272}
{"timestamp":"2026-06-19T05:08:05.216274Z","level":"INFO","fields":{"message":"Download group finish","group_id":"1"},"filename":"/home/runner/work/xet-core/xet-core/xet_pkg/src/xet_session/file_download_group.rs","line_number":306}
{"timestamp":"2026-06-19T05:08:05.216278Z","level":"INFO","fields":{"message":"Starting get_reconstruction API call","call_id":1,"file_id":"b14327e1ebb060c7a3fec0cc54505d4375b215f2a7aa4fffdea0676e9d3cc641","bytes_range":"Some(Range { start: 768000000, end: 1024000000 })","api_version":"v2"},"filename":"/home/runner/work/xet-core/xet-core/xet_client/src/cas_client/remote_client.rs","line_number":210}
{"timestamp":"2026-06-19T05:08:05.216285Z","level":"INFO","fields":{"message":"Retry strategy","max_attempts":5,"base_delay":"3s","no_retry_on_429":false},"filename":"/home/runner/work/xet-core/xet-core/xet_client/src/cas_client/retry_wrapper.rs","line_number":249}
{"timestamp":"2026-06-19T05:08:05.216291Z","level":"INFO","fields":{"message":"Starting get_reconstruction API call","call_id":2,"file_id":"b14327e1ebb060c7a3fec0cc54505d4375b215f2a7aa4fffdea0676e9d3cc641","bytes_range":"Some(Range { start: 0, end: 256000000 })","api_version":"v2"},"filename":"/home/runner/work/xet-core/xet-core/xet_client/src/cas_client/remote_client.rs","line_number":210}
{"timestamp":"2026-06-19T05:08:05.216302Z","level":"INFO","fields":{"message":"Retry strategy","max_attempts":5,"base_delay":"3s","no_retry_on_429":false},"filename":"/home/runner/work/xet-core/xet-core/xet_client/src/cas_client/retry_wrapper.rs","line_number":249}
{"timestamp":"2026-06-19T05:08:05.216389Z","level":"INFO","fields":{"message":"Starting get_reconstruction API call","call_id":3,"file_id":"b14327e1ebb060c7a3fec0cc54505d4375b215f2a7aa4fffdea0676e9d3cc641","bytes_range":"Some(Range { start: 256000000, end: 768000000 })","api_version":"v2"},"filename":"/home/runner/work/xet-core/xet-core/xet_client/src/cas_client/remote_client.rs","line_number":210}
{"timestamp":"2026-06-19T05:08:05.216399Z","level":"INFO","fields":{"message":"Retry strategy","max_attempts":5,"base_delay":"3s","no_retry_on_429":false},"filename":"/home/runner/work/xet-core/xet-core/xet_client/src/cas_client/retry_wrapper.rs","line_number":249}
{"timestamp":"2026-06-19T05:08:05.264520Z","level":"INFO","fields":{"message":"Received CAS response","request_id":"01KVF4EX09EFB6PXN77DMQAZ0K","status_code":416},"filename":"/home/runner/work/xet-core/xet-core/xet_client/src/common/http_client.rs","line_number":288}
{"timestamp":"2026-06-19T05:08:05.264555Z","level":"INFO","fields":{"message":"Reached end of reconstruction 416 (Range Not Satisfiable): \"cas::get_reconstruction_v2\" api call failed (request id 01KVF4EX09EFB6PXN77DMQAZ0K): HTTP status client error (416 Range Not Satisfiable) for url (https://cas-server.xethub.hf.co/v2/reconstructions/b14327e1ebb060c7a3fec0cc54505d4375b215f2a7aa4fffdea0676e9d3cc641)"},"filename":"/home/runner/work/xet-core/xet-core/xet_client/src/cas_client/retry_wrapper.rs","line_number":162}
{"timestamp":"2026-06-19T05:08:05.406248Z","level":"INFO","fields":{"message":"CAS auth disabled","caller":"/home/runner/work/xet-core/xet-core/xet_client/src/common/http_client.rs:166"},"filename":"/home/runner/work/xet-core/xet-core/xet_runtime/src/error_printer/mod.rs","line_number":198}
{"timestamp":"2026-06-19T05:08:05.413050Z","level":"INFO","fields":{"message":"HTTP client configured","idle_timeout":"60s","max_idle_connections":16,"custom_headers":"Some({\"authorization\": \"[REDACTED]\", \"user-agent\": \"unknown/None; hf_hub/1.20.1; python/3.11.15; torch/2.12.1\"})"},"filename":"/home/runner/work/xet-core/xet-core/xet_client/src/common/http_client.rs","line_number":187}
{"timestamp":"2026-06-19T05:08:05.413073Z","level":"INFO","fields":{"message":"Retry strategy","max_attempts":5,"base_delay":"3s","no_retry_on_429":false},"filename":"/home/runner/work/xet-core/xet-core/xet_client/src/cas_client/retry_wrapper.rs","line_number":249}
{"timestamp":"2026-06-19T05:08:05.450979Z","level":"INFO","fields":{"message":"Received CAS response","request_id":"Root=1-6a34ceb5-5f255c9a79d34e1f081d1e24","status_code":200},"filename":"/home/runner/work/xet-core/xet-core/xet_client/src/common/http_client.rs","line_number":288}
{"timestamp":"2026-06-19T05:08:05.451001Z","level":"INFO","fields":{"message":"Request Success: xet-token api call succeeded (request id Root=1-6a34ceb5-5f255c9a79d34e1f081d1e24)."},"filename":"/home/runner/work/xet-core/xet-core/xet_client/src/cas_client/retry_wrapper.rs","line_number":210}
{"timestamp":"2026-06-19T05:08:05.451071Z","level":"INFO","fields":{"message":"TranslatorConfig initialized","endpoint":"https://cas-server.xethub.hf.co","session_id":"Some(\"019ede47-74cb-75b3-9674-7045da49857d\")","shard_cache":"/home/runner/work/FinAI/FinAI/.hf_cache/xet/https___cas_serv-tGqkUaZf_CBPHQ6h/shard-cache","shard_session":"/home/runner/work/FinAI/FinAI/.hf_cache/xet/https___cas_serv-tGqkUaZf_CBPHQ6h/staging/shard-session"},"filename":"/home/runner/work/xet-core/xet-core/xet_data/src/processing/configurations.rs","line_number":115}
{"timestamp":"2026-06-19T05:08:05.457668Z","level":"INFO","fields":{"message":"HTTP client configured","idle_timeout":"60s","max_idle_connections":16,"custom_headers":"Some({\"user-agent\": \"unknown/None; hf_hub/1.20.1; python/3.11.15; torch/2.12.1; hf_xet/1.5.1\"})"},"filename":"/home/runner/work/xet-core/xet-core/xet_client/src/common/http_client.rs","line_number":187}
{"timestamp":"2026-06-19T05:08:05.457685Z","level":"INFO","fields":{"message":"CAS auth disabled","caller":"/home/runner/work/xet-core/xet-core/xet_client/src/common/http_client.rs:166"},"filename":"/home/runner/work/xet-core/xet-core/xet_runtime/src/error_printer/mod.rs","line_number":198}
{"timestamp":"2026-06-19T05:08:05.457689Z","level":"INFO","fields":{"message":"HTTP client configured","idle_timeout":"60s","max_idle_connections":16,"custom_headers":"Some({\"user-agent\": \"unknown/None; hf_hub/1.20.1; python/3.11.15; torch/2.12.1; hf_xet/1.5.1\"})"},"filename":"/home/runner/work/xet-core/xet-core/xet_client/src/common/http_client.rs","line_number":187}
{"timestamp":"2026-06-19T05:08:05.463579Z","level":"INFO","fields":{"message":"No-read-timeout HTTP client configured (for shard uploads)","connect_timeout":"60s"},"filename":"/home/runner/work/xet-core/xet-core/xet_client/src/common/http_client.rs","line_number":136}
{"timestamp":"2026-06-19T05:08:05.463590Z","level":"INFO","fields":{"message":"Initializing Adaptive Concurrency Controller for upload with starting concurrency = 2; min = 1, max = 64, min_bytes_for_adjustment = 20000000, min_completed_transmissions_for_adjustment = 1"},"filename":"/home/runner/work/xet-core/xet-core/xet_client/src/cas_client/adaptive_concurrency/controller.rs","line_number":301}
{"timestamp":"2026-06-19T05:08:05.463595Z","level":"INFO","fields":{"message":"Initializing Adaptive Concurrency Controller for download with starting concurrency = 4; min = 1, max = 64, min_bytes_for_adjustment = 20000000, min_completed_transmissions_for_adjustment = 1"},"filename":"/home/runner/work/xet-core/xet-core/xet_client/src/cas_client/adaptive_concurrency/controller.rs","line_number":301}
{"timestamp":"2026-06-19T05:08:05.463645Z","level":"INFO","fields":{"message":"New file download group, session_id=019ede47-733f-7ba3-95e6-cf5010e684a9, group_id=3"},"filename":"/home/runner/work/xet-core/xet-core/xet_pkg/src/xet_session/file_download_group.rs","line_number":61}
{"timestamp":"2026-06-19T05:08:05.463724Z","level":"INFO","fields":{"message":"Download file to path","group_id":"3","dest_path":"\"/home/runner/work/FinAI/FinAI/temp_download/.cache/huggingface/download/checkpoint/xGOKKLRSlIhH692hSVvI1-gpoa8=.ec3452768e070b9f3529d1a260d691c5e601470e2c77c0eb793a0b99835b15ed.5a95a8c1.incomplete\"","hash":"dc6b67ef1f5709de258501136bdabeaa3231d384d82b7abe3b98bb54672ba3c0"},"filename":"/home/runner/work/xet-core/xet-core/xet_pkg/src/xet_session/file_download_group.rs","line_number":287}
{"timestamp":"2026-06-19T05:08:05.463792Z","level":"INFO","fields":{"message":"Reconstructing file to disk","file_hash":"dc6b67ef1f5709de258501136bdabeaa3231d384d82b7abe3b98bb54672ba3c0","byte_range":"None","path":"/home/runner/work/FinAI/FinAI/temp_download/.cache/huggingface/download/checkpoint/xGOKKLRSlIhH692hSVvI1-gpoa8=.ec3452768e070b9f3529d1a260d691c5e601470e2c77c0eb793a0b99835b15ed.5a95a8c1.incomplete","write_offset":"None"},"filename":"/home/runner/work/xet-core/xet-core/xet_data/src/file_reconstruction/file_reconstructor.rs","line_number":121}
{"timestamp":"2026-06-19T05:08:05.463868Z","level":"INFO","fields":{"message":"Scheduling prefetch block","file_hash":"dc6b67ef1f5709de258501136bdabeaa3231d384d82b7abe3b98bb54672ba3c0","prefetch_range":"(0, 256000000)","requested_block_size":256000000,"actual_block_size":256000000,"queue_depth":1},"filename":"/home/runner/work/xet-core/xet-core/xet_data/src/file_reconstruction/reconstruction_terms/manager.rs","line_number":272}
{"timestamp":"2026-06-19T05:08:05.463884Z","level":"INFO","fields":{"message":"Scheduling prefetch block","file_hash":"dc6b67ef1f5709de258501136bdabeaa3231d384d82b7abe3b98bb54672ba3c0","prefetch_range":"(256000000, 768000000)","requested_block_size":512000000,"actual_block_size":512000000,"queue_depth":2},"filename":"/home/runner/work/xet-core/xet-core/xet_data/src/file_reconstruction/reconstruction_terms/manager.rs","line_number":272}
{"timestamp":"2026-06-19T05:08:05.463894Z","level":"INFO","fields":{"message":"Scheduling prefetch block","file_hash":"dc6b67ef1f5709de258501136bdabeaa3231d384d82b7abe3b98bb54672ba3c0","prefetch_range":"(768000000, 1024000000)","requested_block_size":256000000,"actual_block_size":256000000,"queue_depth":3},"filename":"/home/runner/work/xet-core/xet-core/xet_data/src/file_reconstruction/reconstruction_terms/manager.rs","line_number":272}
{"timestamp":"2026-06-19T05:08:05.463914Z","level":"INFO","fields":{"message":"Starting get_reconstruction API call","call_id":4,"file_id":"dc6b67ef1f5709de258501136bdabeaa3231d384d82b7abe3b98bb54672ba3c0","bytes_range":"Some(Range { start: 768000000, end: 1024000000 })","api_version":"v2"},"filename":"/home/runner/work/xet-core/xet-core/xet_client/src/cas_client/remote_client.rs","line_number":210}
{"timestamp":"2026-06-19T05:08:05.463922Z","level":"INFO","fields":{"message":"Retry strategy","max_attempts":5,"base_delay":"3s","no_retry_on_429":false},"filename":"/home/runner/work/xet-core/xet-core/xet_client/src/cas_client/retry_wrapper.rs","line_number":249}
{"timestamp":"2026-06-19T05:08:05.463919Z","level":"INFO","fields":{"message":"Download group finish","group_id":"3"},"filename":"/home/runner/work/xet-core/xet-core/xet_pkg/src/xet_session/file_download_group.rs","line_number":306}
{"timestamp":"2026-06-19T05:08:05.463919Z","level":"INFO","fields":{"message":"Starting get_reconstruction API call","call_id":5,"file_id":"dc6b67ef1f5709de258501136bdabeaa3231d384d82b7abe3b98bb54672ba3c0","bytes_range":"Some(Range { start: 0, end: 256000000 })","api_version":"v2"},"filename":"/home/runner/work/xet-core/xet-core/xet_client/src/cas_client/remote_client.rs","line_number":210}
{"timestamp":"2026-06-19T05:08:05.463930Z","level":"INFO","fields":{"message":"Retry strategy","max_attempts":5,"base_delay":"3s","no_retry_on_429":false},"filename":"/home/runner/work/xet-core/xet-core/xet_client/src/cas_client/retry_wrapper.rs","line_number":249}
{"timestamp":"2026-06-19T05:08:05.463932Z","level":"INFO","fields":{"message":"Starting get_reconstruction API call","call_id":6,"file_id":"dc6b67ef1f5709de258501136bdabeaa3231d384d82b7abe3b98bb54672ba3c0","bytes_range":"Some(Range { start: 256000000, end: 768000000 })","api_version":"v2"},"filename":"/home/runner/work/xet-core/xet-core/xet_client/src/cas_client/remote_client.rs","line_number":210}
{"timestamp":"2026-06-19T05:08:05.463939Z","level":"INFO","fields":{"message":"Retry strategy","max_attempts":5,"base_delay":"3s","no_retry_on_429":false},"filename":"/home/runner/work/xet-core/xet-core/xet_client/src/cas_client/retry_wrapper.rs","line_number":249}
{"timestamp":"2026-06-19T05:08:06.079367Z","level":"INFO","fields":{"message":"Received CAS response","request_id":"01KVF4EX08XFWXXX2E5HDH2531","status_code":200},"filename":"/home/runner/work/xet-core/xet-core/xet_client/src/common/http_client.rs","line_number":288}
{"timestamp":"2026-06-19T05:08:06.079390Z","level":"INFO","fields":{"message":"Request Success: cas::get_reconstruction_v2 api call succeeded (request id 01KVF4EX08XFWXXX2E5HDH2531)."},"filename":"/home/runner/work/xet-core/xet-core/xet_client/src/cas_client/retry_wrapper.rs","line_number":210}
{"timestamp":"2026-06-19T05:08:06.079423Z","level":"INFO","fields":{"message":"Completed get_reconstruction API call","call_id":2,"file_id":"b14327e1ebb060c7a3fec0cc54505d4375b215f2a7aa4fffdea0676e9d3cc641","bytes_range":"Some(Range { start: 0, end: 256000000 })","api_version":"v2"},"filename":"/home/runner/work/xet-core/xet-core/xet_client/src/cas_client/remote_client.rs","line_number":234}
{"timestamp":"2026-06-19T05:08:06.079472Z","level":"INFO","fields":{"message":"Received block of file terms from prefetch queue","file_hash":"b14327e1ebb060c7a3fec0cc54505d4375b215f2a7aa4fffdea0676e9d3cc641","domain":"transfer.xethub.hf.co","block_start":0,"block_end":256000000,"block_size":4},"filename":"/home/runner/work/xet-core/xet-core/xet_data/src/file_reconstruction/reconstruction_terms/manager.rs","line_number":151}
{"timestamp":"2026-06-19T05:08:06.079518Z","level":"INFO","fields":{"message":"Updated completion rate estimate based on previous block completion time (seconds).","file_hash":"b14327e1ebb060c7a3fec0cc54505d4375b215f2a7aa4fffdea0676e9d3cc641","block_start":0,"block_end":256000000,"block_size":256000000,"completion_time":0.000045294},"filename":"/home/runner/work/xet-core/xet-core/xet_data/src/file_reconstruction/reconstruction_terms/manager.rs","line_number":104}
{"timestamp":"2026-06-19T05:08:06.079535Z","level":"INFO","fields":{"message":"Retry strategy","max_attempts":5,"base_delay":"3s","no_retry_on_429":false},"filename":"/home/runner/work/xet-core/xet-core/xet_client/src/cas_client/retry_wrapper.rs","line_number":249}
{"timestamp":"2026-06-19T05:08:06.079545Z","level":"INFO","fields":{"message":"Retry strategy","max_attempts":5,"base_delay":"3s","no_retry_on_429":false},"filename":"/home/runner/work/xet-core/xet-core/xet_client/src/cas_client/retry_wrapper.rs","line_number":249}
{"timestamp":"2026-06-19T05:08:06.079690Z","level":"INFO","fields":{"message":"Retry strategy","max_attempts":5,"base_delay":"3s","no_retry_on_429":false},"filename":"/home/runner/work/xet-core/xet-core/xet_client/src/cas_client/retry_wrapper.rs","line_number":249}
{"timestamp":"2026-06-19T05:08:06.079783Z","level":"INFO","fields":{"message":"Retry strategy","max_attempts":5,"base_delay":"3s","no_retry_on_429":false},"filename":"/home/runner/work/xet-core/xet-core/xet_client/src/cas_client/retry_wrapper.rs","line_number":249}
{"timestamp":"2026-06-19T05:08:06.097721Z","level":"INFO","fields":{"message":"Received CAS response","request_id":"01KVF4EX7J0YQA80S8B2CXD1MR","status_code":200},"filename":"/home/runner/work/xet-core/xet-core/xet_client/src/common/http_client.rs","line_number":288}
{"timestamp":"2026-06-19T05:08:06.097740Z","level":"INFO","fields":{"message":"Request Success: cas::get_reconstruction_v2 api call succeeded (request id 01KVF4EX7J0YQA80S8B2CXD1MR)."},"filename":"/home/runner/work/xet-core/xet-core/xet_client/src/cas_client/retry_wrapper.rs","line_number":210}
{"timestamp":"2026-06-19T05:08:06.097798Z","level":"INFO","fields":{"message":"Completed get_reconstruction API call","call_id":6,"file_id":"dc6b67ef1f5709de258501136bdabeaa3231d384d82b7abe3b98bb54672ba3c0","bytes_range":"Some(Range { start: 256000000, end: 768000000 })","api_version":"v2"},"filename":"/home/runner/work/xet-core/xet-core/xet_client/src/cas_client/remote_client.rs","line_number":234}
{"timestamp":"2026-06-19T05:08:06.226698Z","level":"INFO","fields":{"message":"Received CAS response","request_id":"01KVF4EX7J3KQBW7Y4N4DMJQ6K","status_code":200},"filename":"/home/runner/work/xet-core/xet-core/xet_client/src/common/http_client.rs","line_number":288}
{"timestamp":"2026-06-19T05:08:06.226722Z","level":"INFO","fields":{"message":"Request Success: cas::get_reconstruction_v2 api call succeeded (request id 01KVF4EX7J3KQBW7Y4N4DMJQ6K)."},"filename":"/home/runner/work/xet-core/xet-core/xet_client/src/cas_client/retry_wrapper.rs","line_number":210}
{"timestamp":"2026-06-19T05:08:06.226760Z","level":"INFO","fields":{"message":"Completed get_reconstruction API call","call_id":5,"file_id":"dc6b67ef1f5709de258501136bdabeaa3231d384d82b7abe3b98bb54672ba3c0","bytes_range":"Some(Range { start: 0, end: 256000000 })","api_version":"v2"},"filename":"/home/runner/work/xet-core/xet-core/xet_client/src/cas_client/remote_client.rs","line_number":234}
{"timestamp":"2026-06-19T05:08:06.226800Z","level":"INFO","fields":{"message":"Received block of file terms from prefetch queue","file_hash":"dc6b67ef1f5709de258501136bdabeaa3231d384d82b7abe3b98bb54672ba3c0","domain":"transfer.xethub.hf.co","block_start":0,"block_end":256000000,"block_size":4},"filename":"/home/runner/work/xet-core/xet-core/xet_data/src/file_reconstruction/reconstruction_terms/manager.rs","line_number":151}
{"timestamp":"2026-06-19T05:08:06.226837Z","level":"INFO","fields":{"message":"Updated completion rate estimate based on previous block completion time (seconds).","file_hash":"dc6b67ef1f5709de258501136bdabeaa3231d384d82b7abe3b98bb54672ba3c0","block_start":0,"block_end":256000000,"block_size":256000000,"completion_time":0.000036648},"filename":"/home/runner/work/xet-core/xet-core/xet_data/src/file_reconstruction/reconstruction_terms/manager.rs","line_number":104}
{"timestamp":"2026-06-19T05:08:06.226842Z","level":"INFO","fields":{"message":"Scheduling prefetch block","file_hash":"dc6b67ef1f5709de258501136bdabeaa3231d384d82b7abe3b98bb54672ba3c0","prefetch_range":"(1024000000, 9024000000)","requested_block_size":8000000000,"actual_block_size":8000000000,"queue_depth":3},"filename":"/home/runner/work/xet-core/xet-core/xet_data/src/file_reconstruction/reconstruction_terms/manager.rs","line_number":272}
{"timestamp":"2026-06-19T05:08:06.226852Z","level":"INFO","fields":{"message":"Received block of file terms from prefetch queue","file_hash":"dc6b67ef1f5709de258501136bdabeaa3231d384d82b7abe3b98bb54672ba3c0","domain":"transfer.xethub.hf.co","block_start":256000000,"block_end":768000000,"block_size":9},"filename":"/home/runner/work/xet-core/xet-core/xet_data/src/file_reconstruction/reconstruction_terms/manager.rs","line_number":151}
{"timestamp":"2026-06-19T05:08:06.226874Z","level":"INFO","fields":{"message":"Updated completion rate estimate based on previous block completion time (seconds).","file_hash":"dc6b67ef1f5709de258501136bdabeaa3231d384d82b7abe3b98bb54672ba3c0","block_start":256000000,"block_end":768000000,"block_size":512000000,"completion_time":0.000021681},"filename":"/home/runner/work/xet-core/xet-core/xet_data/src/file_reconstruction/reconstruction_terms/manager.rs","line_number":104}
{"timestamp":"2026-06-19T05:08:06.226879Z","level":"INFO","fields":{"message":"Scheduling prefetch block","file_hash":"dc6b67ef1f5709de258501136bdabeaa3231d384d82b7abe3b98bb54672ba3c0","prefetch_range":"(9024000000, 17024000000)","requested_block_size":8000000000,"actual_block_size":8000000000,"queue_depth":3},"filename":"/home/runner/work/xet-core/xet-core/xet_data/src/file_reconstruction/reconstruction_terms/manager.rs","line_number":272}
{"timestamp":"2026-06-19T05:08:06.226879Z","level":"INFO","fields":{"message":"Retry strategy","max_attempts":5,"base_delay":"3s","no_retry_on_429":false},"filename":"/home/runner/work/xet-core/xet-core/xet_client/src/cas_client/retry_wrapper.rs","line_number":249}
{"timestamp":"2026-06-19T05:08:06.226891Z","level":"INFO","fields":{"message":"Starting get_reconstruction API call","call_id":7,"file_id":"dc6b67ef1f5709de258501136bdabeaa3231d384d82b7abe3b98bb54672ba3c0","bytes_range":"Some(Range { start: 9024000000, end: 17024000000 })","api_version":"v2"},"filename":"/home/runner/work/xet-core/xet-core/xet_client/src/cas_client/remote_client.rs","line_number":210}
{"timestamp":"2026-06-19T05:08:06.226897Z","level":"INFO","fields":{"message":"Retry strategy","max_attempts":5,"base_delay":"3s","no_retry_on_429":false},"filename":"/home/runner/work/xet-core/xet-core/xet_client/src/cas_client/retry_wrapper.rs","line_number":249}
{"timestamp":"2026-06-19T05:08:06.226898Z","level":"INFO","fields":{"message":"Starting get_reconstruction API call","call_id":8,"file_id":"dc6b67ef1f5709de258501136bdabeaa3231d384d82b7abe3b98bb54672ba3c0","bytes_range":"Some(Range { start: 1024000000, end: 9024000000 })","api_version":"v2"},"filename":"/home/runner/work/xet-core/xet-core/xet_client/src/cas_client/remote_client.rs","line_number":210}
{"timestamp":"2026-06-19T05:08:06.226905Z","level":"INFO","fields":{"message":"Retry strategy","max_attempts":5,"base_delay":"3s","no_retry_on_429":false},"filename":"/home/runner/work/xet-core/xet-core/xet_client/src/cas_client/retry_wrapper.rs","line_number":249}
{"timestamp":"2026-06-19T05:08:06.226937Z","level":"INFO","fields":{"message":"Retry strategy","max_attempts":5,"base_delay":"3s","no_retry_on_429":false},"filename":"/home/runner/work/xet-core/xet-core/xet_client/src/cas_client/retry_wrapper.rs","line_number":249}
{"timestamp":"2026-06-19T05:08:06.226990Z","level":"INFO","fields":{"message":"Retry strategy","max_attempts":5,"base_delay":"3s","no_retry_on_429":false},"filename":"/home/runner/work/xet-core/xet-core/xet_client/src/cas_client/retry_wrapper.rs","line_number":249}
{"timestamp":"2026-06-19T05:08:06.227008Z","level":"INFO","fields":{"message":"Retry strategy","max_attempts":5,"base_delay":"3s","no_retry_on_429":false},"filename":"/home/runner/work/xet-core/xet-core/xet_client/src/cas_client/retry_wrapper.rs","line_number":249}
{"timestamp":"2026-06-19T05:08:06.232751Z","level":"INFO","fields":{"message":"Received CAS response","request_id":"01KVF4EXYKKJJ60B30XH64MHHX","status_code":416},"filename":"/home/runner/work/xet-core/xet-core/xet_client/src/common/http_client.rs","line_number":288}
{"timestamp":"2026-06-19T05:08:06.232769Z","level":"INFO","fields":{"message":"Reached end of reconstruction 416 (Range Not Satisfiable): \"cas::get_reconstruction_v2\" api call failed (request id 01KVF4EXYKKJJ60B30XH64MHHX): HTTP status client error (416 Range Not Satisfiable) for url (https://cas-server.xethub.hf.co/v2/reconstructions/dc6b67ef1f5709de258501136bdabeaa3231d384d82b7abe3b98bb54672ba3c0)"},"filename":"/home/runner/work/xet-core/xet-core/xet_client/src/cas_client/retry_wrapper.rs","line_number":162}
{"timestamp":"2026-06-19T05:08:06.268078Z","level":"INFO","fields":{"message":"Received CAS response","request_id":"01KVF4EXYK1EWBBP72SY9ZVW3D","status_code":416},"filename":"/home/runner/work/xet-core/xet-core/xet_client/src/common/http_client.rs","line_number":288}
{"timestamp":"2026-06-19T05:08:06.268095Z","level":"INFO","fields":{"message":"Reached end of reconstruction 416 (Range Not Satisfiable): \"cas::get_reconstruction_v2\" api call failed (request id 01KVF4EXYK1EWBBP72SY9ZVW3D): HTTP status client error (416 Range Not Satisfiable) for url (https://cas-server.xethub.hf.co/v2/reconstructions/dc6b67ef1f5709de258501136bdabeaa3231d384d82b7abe3b98bb54672ba3c0)"},"filename":"/home/runner/work/xet-core/xet-core/xet_client/src/cas_client/retry_wrapper.rs","line_number":162}
{"timestamp":"2026-06-19T05:08:06.291853Z","level":"INFO","fields":{"message":"Received CAS response","request_id":"01KVF4EX7KCWS4W2RVVMKM1QE5","status_code":200},"filename":"/home/runner/work/xet-core/xet-core/xet_client/src/common/http_client.rs","line_number":288}
{"timestamp":"2026-06-19T05:08:06.291872Z","level":"INFO","fields":{"message":"Request Success: cas::get_reconstruction_v2 api call succeeded (request id 01KVF4EX7KCWS4W2RVVMKM1QE5)."},"filename":"/home/runner/work/xet-core/xet-core/xet_client/src/cas_client/retry_wrapper.rs","line_number":210}
{"timestamp":"2026-06-19T05:08:06.291904Z","level":"INFO","fields":{"message":"Completed get_reconstruction API call","call_id":4,"file_id":"dc6b67ef1f5709de258501136bdabeaa3231d384d82b7abe3b98bb54672ba3c0","bytes_range":"Some(Range { start: 768000000, end: 1024000000 })","api_version":"v2"},"filename":"/home/runner/work/xet-core/xet-core/xet_client/src/cas_client/remote_client.rs","line_number":234}
{"timestamp":"2026-06-19T05:08:06.291936Z","level":"INFO","fields":{"message":"Received block of file terms from prefetch queue","file_hash":"dc6b67ef1f5709de258501136bdabeaa3231d384d82b7abe3b98bb54672ba3c0","domain":"transfer.xethub.hf.co","block_start":768000000,"block_end":988097824,"block_size":4},"filename":"/home/runner/work/xet-core/xet-core/xet_data/src/file_reconstruction/reconstruction_terms/manager.rs","line_number":151}
{"timestamp":"2026-06-19T05:08:06.291956Z","level":"INFO","fields":{"message":"Updated completion rate estimate based on previous block completion time (seconds).","file_hash":"dc6b67ef1f5709de258501136bdabeaa3231d384d82b7abe3b98bb54672ba3c0","block_start":768000000,"block_end":988097824,"block_size":220097824,"completion_time":0.000020449},"filename":"/home/runner/work/xet-core/xet-core/xet_data/src/file_reconstruction/reconstruction_terms/manager.rs","line_number":104}
{"timestamp":"2026-06-19T05:08:06.291963Z","level":"INFO","fields":{"message":"Completed prefetch queue; end of file reached.","file_hash":"dc6b67ef1f5709de258501136bdabeaa3231d384d82b7abe3b98bb54672ba3c0","prefetched_byte_position":17024000000},"filename":"/home/runner/work/xet-core/xet-core/xet_data/src/file_reconstruction/reconstruction_terms/manager.rs","line_number":178}
{"timestamp":"2026-06-19T05:08:06.291975Z","level":"INFO","fields":{"message":"All term blocks received and scheduled for writing","file_hash":"dc6b67ef1f5709de258501136bdabeaa3231d384d82b7abe3b98bb54672ba3c0","block_count":3,"total_terms_processed":17,"total_bytes_scheduled":988097824},"filename":"/home/runner/work/xet-core/xet-core/xet_data/src/file_reconstruction/run_state.rs","line_number":150}
{"timestamp":"2026-06-19T05:08:06.319827Z","level":"INFO","fields":{"message":"Received CAS response","request_id":"","status_code":206},"filename":"/home/runner/work/xet-core/xet-core/xet_client/src/common/http_client.rs","line_number":288}
{"timestamp":"2026-06-19T05:08:06.319849Z","level":"INFO","fields":{"message":"Request Success: s3::get_range api call succeeded (request id )."},"filename":"/home/runner/work/xet-core/xet-core/xet_client/src/cas_client/retry_wrapper.rs","line_number":210}
{"timestamp":"2026-06-19T05:08:06.337489Z","level":"INFO","fields":{"message":"Received CAS response","request_id":"","status_code":206},"filename":"/home/runner/work/xet-core/xet-core/xet_client/src/common/http_client.rs","line_number":288}
{"timestamp":"2026-06-19T05:08:06.337505Z","level":"INFO","fields":{"message":"Request Success: s3::get_range api call succeeded (request id )."},"filename":"/home/runner/work/xet-core/xet-core/xet_client/src/cas_client/retry_wrapper.rs","line_number":210}
{"timestamp":"2026-06-19T05:08:06.347624Z","level":"INFO","fields":{"message":"Received CAS response","request_id":"","status_code":206},"filename":"/home/runner/work/xet-core/xet-core/xet_client/src/common/http_client.rs","line_number":288}
{"timestamp":"2026-06-19T05:08:06.347643Z","level":"INFO","fields":{"message":"Request Success: s3::get_range api call succeeded (request id )."},"filename":"/home/runner/work/xet-core/xet-core/xet_client/src/cas_client/retry_wrapper.rs","line_number":210}
{"timestamp":"2026-06-19T05:08:06.352100Z","level":"INFO","fields":{"message":"Received CAS response","request_id":"01KVF4EX08AZ4Z1S5YYR0NFAR4","status_code":200},"filename":"/home/runner/work/xet-core/xet-core/xet_client/src/common/http_client.rs","line_number":288}
{"timestamp":"2026-06-19T05:08:06.352116Z","level":"INFO","fields":{"message":"Request Success: cas::get_reconstruction_v2 api call succeeded (request id 01KVF4EX08AZ4Z1S5YYR0NFAR4)."},"filename":"/home/runner/work/xet-core/xet-core/xet_client/src/cas_client/retry_wrapper.rs","line_number":210}
{"timestamp":"2026-06-19T05:08:06.352214Z","level":"INFO","fields":{"message":"Completed get_reconstruction API call","call_id":3,"file_id":"b14327e1ebb060c7a3fec0cc54505d4375b215f2a7aa4fffdea0676e9d3cc641","bytes_range":"Some(Range { start: 256000000, end: 768000000 })","api_version":"v2"},"filename":"/home/runner/work/xet-core/xet-core/xet_client/src/cas_client/remote_client.rs","line_number":234}
{"timestamp":"2026-06-19T05:08:06.352258Z","level":"INFO","fields":{"message":"Received block of file terms from prefetch queue","file_hash":"b14327e1ebb060c7a3fec0cc54505d4375b215f2a7aa4fffdea0676e9d3cc641","domain":"transfer.xethub.hf.co","block_start":256000000,"block_end":710162369,"block_size":22},"filename":"/home/runner/work/xet-core/xet-core/xet_data/src/file_reconstruction/reconstruction_terms/manager.rs","line_number":151}
{"timestamp":"2026-06-19T05:08:06.352318Z","level":"INFO","fields":{"message":"Updated completion rate estimate based on previous block completion time (seconds).","file_hash":"b14327e1ebb060c7a3fec0cc54505d4375b215f2a7aa4fffdea0676e9d3cc641","block_start":256000000,"block_end":710162369,"block_size":454162369,"completion_time":0.000059511},"filename":"/home/runner/work/xet-core/xet-core/xet_data/src/file_reconstruction/reconstruction_terms/manager.rs","line_number":104}
{"timestamp":"2026-06-19T05:08:06.352332Z","level":"INFO","fields":{"message":"Completed prefetch queue; end of file reached.","file_hash":"b14327e1ebb060c7a3fec0cc54505d4375b215f2a7aa4fffdea0676e9d3cc641","prefetched_byte_position":1024000000},"filename":"/home/runner/work/xet-core/xet-core/xet_data/src/file_reconstruction/reconstruction_terms/manager.rs","line_number":178}
{"timestamp":"2026-06-19T05:08:06.352336Z","level":"INFO","fields":{"message":"All term blocks received and scheduled for writing","file_hash":"b14327e1ebb060c7a3fec0cc54505d4375b215f2a7aa4fffdea0676e9d3cc641","block_count":2,"total_terms_processed":26,"total_bytes_scheduled":710162369},"filename":"/home/runner/work/xet-core/xet-core/xet_data/src/file_reconstruction/run_state.rs","line_number":150}
{"timestamp":"2026-06-19T05:08:06.357560Z","level":"INFO","fields":{"message":"Received CAS response","request_id":"","status_code":206},"filename":"/home/runner/work/xet-core/xet-core/xet_client/src/common/http_client.rs","line_number":288}
{"timestamp":"2026-06-19T05:08:06.357578Z","level":"INFO","fields":{"message":"Request Success: s3::get_range api call succeeded (request id )."},"filename":"/home/runner/work/xet-core/xet-core/xet_client/src/cas_client/retry_wrapper.rs","line_number":210}
{"timestamp":"2026-06-19T05:08:06.358282Z","level":"INFO","fields":{"message":"Received CAS response","request_id":"","status_code":206},"filename":"/home/runner/work/xet-core/xet-core/xet_client/src/common/http_client.rs","line_number":288}
{"timestamp":"2026-06-19T05:08:06.358298Z","level":"INFO","fields":{"message":"Request Success: s3::get_range api call succeeded (request id )."},"filename":"/home/runner/work/xet-core/xet-core/xet_client/src/cas_client/retry_wrapper.rs","line_number":210}
{"timestamp":"2026-06-19T05:08:06.389487Z","level":"INFO","fields":{"message":"Received CAS response","request_id":"","status_code":206},"filename":"/home/runner/work/xet-core/xet-core/xet_client/src/common/http_client.rs","line_number":288}
{"timestamp":"2026-06-19T05:08:06.389510Z","level":"INFO","fields":{"message":"Request Success: s3::get_range api call succeeded (request id )."},"filename":"/home/runner/work/xet-core/xet-core/xet_client/src/cas_client/retry_wrapper.rs","line_number":210}
{"timestamp":"2026-06-19T05:08:06.431894Z","level":"INFO","fields":{"message":"Retry strategy","max_attempts":5,"base_delay":"3s","no_retry_on_429":false},"filename":"/home/runner/work/xet-core/xet-core/xet_client/src/cas_client/retry_wrapper.rs","line_number":249}
{"timestamp":"2026-06-19T05:08:06.447092Z","level":"INFO","fields":{"message":"Received CAS response","request_id":"","status_code":206},"filename":"/home/runner/work/xet-core/xet-core/xet_client/src/common/http_client.rs","line_number":288}
{"timestamp":"2026-06-19T05:08:06.447135Z","level":"INFO","fields":{"message":"Request Success: s3::get_range api call succeeded (request id )."},"filename":"/home/runner/work/xet-core/xet-core/xet_client/src/cas_client/retry_wrapper.rs","line_number":210}
{"timestamp":"2026-06-19T05:08:06.454014Z","level":"INFO","fields":{"message":"Received CAS response","request_id":"","status_code":206},"filename":"/home/runner/work/xet-core/xet-core/xet_client/src/common/http_client.rs","line_number":288}
{"timestamp":"2026-06-19T05:08:06.454029Z","level":"INFO","fields":{"message":"Request Success: s3::get_range api call succeeded (request id )."},"filename":"/home/runner/work/xet-core/xet-core/xet_client/src/cas_client/retry_wrapper.rs","line_number":210}
{"timestamp":"2026-06-19T05:08:06.520310Z","level":"INFO","fields":{"message":"Concurrency control for download: Increased concurrency from 4 to 5; reason: success ratio 1.000 is above threshold 0.800 and predicted RTT for 61MB at new concurrency is 0.00s < target 60.0s"},"filename":"/home/runner/work/xet-core/xet-core/xet_client/src/cas_client/adaptive_concurrency/controller.rs","line_number":543}
{"timestamp":"2026-06-19T05:08:06.520337Z","level":"INFO","fields":{"message":"Retry strategy","max_attempts":5,"base_delay":"3s","no_retry_on_429":false},"filename":"/home/runner/work/xet-core/xet-core/xet_client/src/cas_client/retry_wrapper.rs","line_number":249}
{"timestamp":"2026-06-19T05:08:06.583812Z","level":"INFO","fields":{"message":"Received CAS response","request_id":"","status_code":206},"filename":"/home/runner/work/xet-core/xet-core/xet_client/src/common/http_client.rs","line_number":288}
{"timestamp":"2026-06-19T05:08:06.583836Z","level":"INFO","fields":{"message":"Request Success: s3::get_range api call succeeded (request id )."},"filename":"/home/runner/work/xet-core/xet-core/xet_client/src/cas_client/retry_wrapper.rs","line_number":210}
{"timestamp":"2026-06-19T05:08:06.730960Z","level":"INFO","fields":{"message":"Received CAS response","request_id":"","status_code":206},"filename":"/home/runner/work/xet-core/xet-core/xet_client/src/common/http_client.rs","line_number":288}
{"timestamp":"2026-06-19T05:08:06.730986Z","level":"INFO","fields":{"message":"Request Success: s3::get_range api call succeeded (request id )."},"filename":"/home/runner/work/xet-core/xet-core/xet_client/src/cas_client/retry_wrapper.rs","line_number":210}
{"timestamp":"2026-06-19T05:08:06.908002Z","level":"INFO","fields":{"message":"Retry strategy","max_attempts":5,"base_delay":"3s","no_retry_on_429":false},"filename":"/home/runner/work/xet-core/xet-core/xet_client/src/cas_client/retry_wrapper.rs","line_number":249}
{"timestamp":"2026-06-19T05:08:07.068785Z","level":"INFO","fields":{"message":"Received CAS response","request_id":"","status_code":206},"filename":"/home/runner/work/xet-core/xet-core/xet_client/src/common/http_client.rs","line_number":288}
{"timestamp":"2026-06-19T05:08:07.068811Z","level":"INFO","fields":{"message":"Request Success: s3::get_range api call succeeded (request id )."},"filename":"/home/runner/work/xet-core/xet-core/xet_client/src/cas_client/retry_wrapper.rs","line_number":210}
{"timestamp":"2026-06-19T05:08:07.068888Z","level":"INFO","fields":{"message":"Concurrency control for download: Increased concurrency from 5 to 6; reason: success ratio 1.000 is above threshold 0.800 and predicted RTT for 61MB at new concurrency is 1.77s < target 60.0s"},"filename":"/home/runner/work/xet-core/xet-core/xet_client/src/cas_client/adaptive_concurrency/controller.rs","line_number":543}
{"timestamp":"2026-06-19T05:08:07.068908Z","level":"INFO","fields":{"message":"Retry strategy","max_attempts":5,"base_delay":"3s","no_retry_on_429":false},"filename":"/home/runner/work/xet-core/xet-core/xet_client/src/cas_client/retry_wrapper.rs","line_number":249}
{"timestamp":"2026-06-19T05:08:07.094978Z","level":"INFO","fields":{"message":"Retry strategy","max_attempts":5,"base_delay":"3s","no_retry_on_429":false},"filename":"/home/runner/work/xet-core/xet-core/xet_client/src/cas_client/retry_wrapper.rs","line_number":249}
{"timestamp":"2026-06-19T05:08:07.203053Z","level":"INFO","fields":{"message":"Concurrency control for download: Increased concurrency from 4 to 5; reason: success ratio 1.000 is above threshold 0.800 and predicted RTT for 61MB at new concurrency is 1.49s < target 60.0s"},"filename":"/home/runner/work/xet-core/xet-core/xet_client/src/cas_client/adaptive_concurrency/controller.rs","line_number":543}
{"timestamp":"2026-06-19T05:08:07.203127Z","level":"INFO","fields":{"message":"Retry strategy","max_attempts":5,"base_delay":"3s","no_retry_on_429":false},"filename":"/home/runner/work/xet-core/xet-core/xet_client/src/cas_client/retry_wrapper.rs","line_number":249}
{"timestamp":"2026-06-19T05:08:07.203249Z","level":"INFO","fields":{"message":"Retry strategy","max_attempts":5,"base_delay":"3s","no_retry_on_429":false},"filename":"/home/runner/work/xet-core/xet-core/xet_client/src/cas_client/retry_wrapper.rs","line_number":249}
{"timestamp":"2026-06-19T05:08:07.265350Z","level":"INFO","fields":{"message":"Received CAS response","request_id":"","status_code":206},"filename":"/home/runner/work/xet-core/xet-core/xet_client/src/common/http_client.rs","line_number":288}
{"timestamp":"2026-06-19T05:08:07.265376Z","level":"INFO","fields":{"message":"Request Success: s3::get_range api call succeeded (request id )."},"filename":"/home/runner/work/xet-core/xet-core/xet_client/src/cas_client/retry_wrapper.rs","line_number":210}
{"timestamp":"2026-06-19T05:08:07.268048Z","level":"INFO","fields":{"message":"Received CAS response","request_id":"","status_code":206},"filename":"/home/runner/work/xet-core/xet-core/xet_client/src/common/http_client.rs","line_number":288}
{"timestamp":"2026-06-19T05:08:07.268063Z","level":"INFO","fields":{"message":"Request Success: s3::get_range api call succeeded (request id )."},"filename":"/home/runner/work/xet-core/xet-core/xet_client/src/cas_client/retry_wrapper.rs","line_number":210}
{"timestamp":"2026-06-19T05:08:07.321441Z","level":"INFO","fields":{"message":"Received CAS response","request_id":"","status_code":206},"filename":"/home/runner/work/xet-core/xet-core/xet_client/src/common/http_client.rs","line_number":288}
{"timestamp":"2026-06-19T05:08:07.321465Z","level":"INFO","fields":{"message":"Request Success: s3::get_range api call succeeded (request id )."},"filename":"/home/runner/work/xet-core/xet-core/xet_client/src/cas_client/retry_wrapper.rs","line_number":210}
{"timestamp":"2026-06-19T05:08:07.409278Z","level":"INFO","fields":{"message":"Retry strategy","max_attempts":5,"base_delay":"3s","no_retry_on_429":false},"filename":"/home/runner/work/xet-core/xet-core/xet_client/src/cas_client/retry_wrapper.rs","line_number":249}
{"timestamp":"2026-06-19T05:08:07.513134Z","level":"INFO","fields":{"message":"Retry strategy","max_attempts":5,"base_delay":"3s","no_retry_on_429":false},"filename":"/home/runner/work/xet-core/xet-core/xet_client/src/cas_client/retry_wrapper.rs","line_number":249}
{"timestamp":"2026-06-19T05:08:07.580885Z","level":"INFO","fields":{"message":"Received CAS response","request_id":"","status_code":206},"filename":"/home/runner/work/xet-core/xet-core/xet_client/src/common/http_client.rs","line_number":288}
{"timestamp":"2026-06-19T05:08:07.580909Z","level":"INFO","fields":{"message":"Request Success: s3::get_range api call succeeded (request id )."},"filename":"/home/runner/work/xet-core/xet-core/xet_client/src/cas_client/retry_wrapper.rs","line_number":210}
{"timestamp":"2026-06-19T05:08:07.585271Z","level":"INFO","fields":{"message":"Received CAS response","request_id":"","status_code":206},"filename":"/home/runner/work/xet-core/xet-core/xet_client/src/common/http_client.rs","line_number":288}
{"timestamp":"2026-06-19T05:08:07.585290Z","level":"INFO","fields":{"message":"Request Success: s3::get_range api call succeeded (request id )."},"filename":"/home/runner/work/xet-core/xet-core/xet_client/src/cas_client/retry_wrapper.rs","line_number":210}
{"timestamp":"2026-06-19T05:08:07.585556Z","level":"INFO","fields":{"message":"Concurrency control for download: Increased concurrency from 6 to 7; reason: success ratio 1.000 is above threshold 0.800 and predicted RTT for 61MB at new concurrency is 1.35s < target 60.0s"},"filename":"/home/runner/work/xet-core/xet-core/xet_client/src/cas_client/adaptive_concurrency/controller.rs","line_number":543}
{"timestamp":"2026-06-19T05:08:07.585581Z","level":"INFO","fields":{"message":"Retry strategy","max_attempts":5,"base_delay":"3s","no_retry_on_429":false},"filename":"/home/runner/work/xet-core/xet-core/xet_client/src/cas_client/retry_wrapper.rs","line_number":249}
{"timestamp":"2026-06-19T05:08:07.719197Z","level":"INFO","fields":{"message":"Retry strategy","max_attempts":5,"base_delay":"3s","no_retry_on_429":false},"filename":"/home/runner/work/xet-core/xet-core/xet_client/src/cas_client/retry_wrapper.rs","line_number":249}
{"timestamp":"2026-06-19T05:08:07.769917Z","level":"INFO","fields":{"message":"Received CAS response","request_id":"","status_code":206},"filename":"/home/runner/work/xet-core/xet-core/xet_client/src/common/http_client.rs","line_number":288}
{"timestamp":"2026-06-19T05:08:07.769940Z","level":"INFO","fields":{"message":"Request Success: s3::get_range api call succeeded (request id )."},"filename":"/home/runner/work/xet-core/xet-core/xet_client/src/cas_client/retry_wrapper.rs","line_number":210}
{"timestamp":"2026-06-19T05:08:07.770250Z","level":"INFO","fields":{"message":"Concurrency control for download: Increased concurrency from 5 to 6; reason: success ratio 1.000 is above threshold 0.800 and predicted RTT for 61MB at new concurrency is 1.97s < target 60.0s"},"filename":"/home/runner/work/xet-core/xet-core/xet_client/src/cas_client/adaptive_concurrency/controller.rs","line_number":543}
{"timestamp":"2026-06-19T05:08:07.770275Z","level":"INFO","fields":{"message":"Retry strategy","max_attempts":5,"base_delay":"3s","no_retry_on_429":false},"filename":"/home/runner/work/xet-core/xet-core/xet_client/src/cas_client/retry_wrapper.rs","line_number":249}
{"timestamp":"2026-06-19T05:08:07.841567Z","level":"INFO","fields":{"message":"Received CAS response","request_id":"","status_code":206},"filename":"/home/runner/work/xet-core/xet-core/xet_client/src/common/http_client.rs","line_number":288}
{"timestamp":"2026-06-19T05:08:07.841594Z","level":"INFO","fields":{"message":"Request Success: s3::get_range api call succeeded (request id )."},"filename":"/home/runner/work/xet-core/xet-core/xet_client/src/cas_client/retry_wrapper.rs","line_number":210}
{"timestamp":"2026-06-19T05:08:07.916394Z","level":"INFO","fields":{"message":"Received CAS response","request_id":"","status_code":206},"filename":"/home/runner/work/xet-core/xet-core/xet_client/src/common/http_client.rs","line_number":288}
{"timestamp":"2026-06-19T05:08:07.916422Z","level":"INFO","fields":{"message":"Request Success: s3::get_range api call succeeded (request id )."},"filename":"/home/runner/work/xet-core/xet-core/xet_client/src/cas_client/retry_wrapper.rs","line_number":210}
{"timestamp":"2026-06-19T05:08:07.989982Z","level":"INFO","fields":{"message":"Received CAS response","request_id":"","status_code":206},"filename":"/home/runner/work/xet-core/xet-core/xet_client/src/common/http_client.rs","line_number":288}
{"timestamp":"2026-06-19T05:08:07.990008Z","level":"INFO","fields":{"message":"Request Success: s3::get_range api call succeeded (request id )."},"filename":"/home/runner/work/xet-core/xet-core/xet_client/src/cas_client/retry_wrapper.rs","line_number":210}
{"timestamp":"2026-06-19T05:08:07.996253Z","level":"INFO","fields":{"message":"Retry strategy","max_attempts":5,"base_delay":"3s","no_retry_on_429":false},"filename":"/home/runner/work/xet-core/xet-core/xet_client/src/cas_client/retry_wrapper.rs","line_number":249}
{"timestamp":"2026-06-19T05:08:08.011492Z","level":"INFO","fields":{"message":"Retry strategy","max_attempts":5,"base_delay":"3s","no_retry_on_429":false},"filename":"/home/runner/work/xet-core/xet-core/xet_client/src/cas_client/retry_wrapper.rs","line_number":249}
{"timestamp":"2026-06-19T05:08:08.103097Z","level":"INFO","fields":{"message":"Retry strategy","max_attempts":5,"base_delay":"3s","no_retry_on_429":false},"filename":"/home/runner/work/xet-core/xet-core/xet_client/src/cas_client/retry_wrapper.rs","line_number":249}
{"timestamp":"2026-06-19T05:08:08.111430Z","level":"INFO","fields":{"message":"Received CAS response","request_id":"","status_code":206},"filename":"/home/runner/work/xet-core/xet-core/xet_client/src/common/http_client.rs","line_number":288}
{"timestamp":"2026-06-19T05:08:08.111444Z","level":"INFO","fields":{"message":"Request Success: s3::get_range api call succeeded (request id )."},"filename":"/home/runner/work/xet-core/xet-core/xet_client/src/cas_client/retry_wrapper.rs","line_number":210}
{"timestamp":"2026-06-19T05:08:08.111572Z","level":"INFO","fields":{"message":"Retry strategy","max_attempts":5,"base_delay":"3s","no_retry_on_429":false},"filename":"/home/runner/work/xet-core/xet-core/xet_client/src/cas_client/retry_wrapper.rs","line_number":249}
{"timestamp":"2026-06-19T05:08:08.145404Z","level":"INFO","fields":{"message":"Concurrency control for download: Increased concurrency from 7 to 8; reason: success ratio 1.000 is above threshold 0.800 and predicted RTT for 61MB at new concurrency is 1.60s < target 60.0s"},"filename":"/home/runner/work/xet-core/xet-core/xet_client/src/cas_client/adaptive_concurrency/controller.rs","line_number":543}
{"timestamp":"2026-06-19T05:08:08.145439Z","level":"INFO","fields":{"message":"Retry strategy","max_attempts":5,"base_delay":"3s","no_retry_on_429":false},"filename":"/home/runner/work/xet-core/xet-core/xet_client/src/cas_client/retry_wrapper.rs","line_number":249}
{"timestamp":"2026-06-19T05:08:08.160943Z","level":"INFO","fields":{"message":"Retry strategy","max_attempts":5,"base_delay":"3s","no_retry_on_429":false},"filename":"/home/runner/work/xet-core/xet-core/xet_client/src/cas_client/retry_wrapper.rs","line_number":249}
{"timestamp":"2026-06-19T05:08:08.183671Z","level":"INFO","fields":{"message":"Received CAS response","request_id":"","status_code":206},"filename":"/home/runner/work/xet-core/xet-core/xet_client/src/common/http_client.rs","line_number":288}
{"timestamp":"2026-06-19T05:08:08.183694Z","level":"INFO","fields":{"message":"Request Success: s3::get_range api call succeeded (request id )."},"filename":"/home/runner/work/xet-core/xet-core/xet_client/src/cas_client/retry_wrapper.rs","line_number":210}
{"timestamp":"2026-06-19T05:08:08.239735Z","level":"INFO","fields":{"message":"Received CAS response","request_id":"","status_code":206},"filename":"/home/runner/work/xet-core/xet-core/xet_client/src/common/http_client.rs","line_number":288}
{"timestamp":"2026-06-19T05:08:08.239758Z","level":"INFO","fields":{"message":"Request Success: s3::get_range api call succeeded (request id )."},"filename":"/home/runner/work/xet-core/xet-core/xet_client/src/cas_client/retry_wrapper.rs","line_number":210}
{"timestamp":"2026-06-19T05:08:08.244164Z","level":"INFO","fields":{"message":"Retry strategy","max_attempts":5,"base_delay":"3s","no_retry_on_429":false},"filename":"/home/runner/work/xet-core/xet-core/xet_client/src/cas_client/retry_wrapper.rs","line_number":249}
{"timestamp":"2026-06-19T05:08:08.252907Z","level":"INFO","fields":{"message":"Received CAS response","request_id":"","status_code":206},"filename":"/home/runner/work/xet-core/xet-core/xet_client/src/common/http_client.rs","line_number":288}
{"timestamp":"2026-06-19T05:08:08.252928Z","level":"INFO","fields":{"message":"Request Success: s3::get_range api call succeeded (request id )."},"filename":"/home/runner/work/xet-core/xet-core/xet_client/src/cas_client/retry_wrapper.rs","line_number":210}
{"timestamp":"2026-06-19T05:08:08.276990Z","level":"INFO","fields":{"message":"Concurrency control for download: Increased concurrency from 6 to 7; reason: success ratio 1.000 is above threshold 0.800 and predicted RTT for 61MB at new concurrency is 3.25s < target 60.0s"},"filename":"/home/runner/work/xet-core/xet-core/xet_client/src/cas_client/adaptive_concurrency/controller.rs","line_number":543}
{"timestamp":"2026-06-19T05:08:08.277159Z","level":"INFO","fields":{"message":"Retry strategy","max_attempts":5,"base_delay":"3s","no_retry_on_429":false},"filename":"/home/runner/work/xet-core/xet-core/xet_client/src/cas_client/retry_wrapper.rs","line_number":249}
{"timestamp":"2026-06-19T05:08:08.277310Z","level":"INFO","fields":{"message":"Retry strategy","max_attempts":5,"base_delay":"3s","no_retry_on_429":false},"filename":"/home/runner/work/xet-core/xet-core/xet_client/src/cas_client/retry_wrapper.rs","line_number":249}
{"timestamp":"2026-06-19T05:08:08.299074Z","level":"INFO","fields":{"message":"Received CAS response","request_id":"","status_code":206},"filename":"/home/runner/work/xet-core/xet-core/xet_client/src/common/http_client.rs","line_number":288}
{"timestamp":"2026-06-19T05:08:08.299120Z","level":"INFO","fields":{"message":"Request Success: s3::get_range api call succeeded (request id )."},"filename":"/home/runner/work/xet-core/xet-core/xet_client/src/cas_client/retry_wrapper.rs","line_number":210}
{"timestamp":"2026-06-19T05:08:08.315284Z","level":"INFO","fields":{"message":"Retry strategy","max_attempts":5,"base_delay":"3s","no_retry_on_429":false},"filename":"/home/runner/work/xet-core/xet-core/xet_client/src/cas_client/retry_wrapper.rs","line_number":249}
{"timestamp":"2026-06-19T05:08:08.357255Z","level":"INFO","fields":{"message":"Received CAS response","request_id":"","status_code":206},"filename":"/home/runner/work/xet-core/xet-core/xet_client/src/common/http_client.rs","line_number":288}
{"timestamp":"2026-06-19T05:08:08.357281Z","level":"INFO","fields":{"message":"Request Success: s3::get_range api call succeeded (request id )."},"filename":"/home/runner/work/xet-core/xet-core/xet_client/src/cas_client/retry_wrapper.rs","line_number":210}
{"timestamp":"2026-06-19T05:08:08.359734Z","level":"INFO","fields":{"message":"Received CAS response","request_id":"","status_code":206},"filename":"/home/runner/work/xet-core/xet-core/xet_client/src/common/http_client.rs","line_number":288}
{"timestamp":"2026-06-19T05:08:08.359754Z","level":"INFO","fields":{"message":"Request Success: s3::get_range api call succeeded (request id )."},"filename":"/home/runner/work/xet-core/xet-core/xet_client/src/cas_client/retry_wrapper.rs","line_number":210}
{"timestamp":"2026-06-19T05:08:08.402966Z","level":"INFO","fields":{"message":"Retry strategy","max_attempts":5,"base_delay":"3s","no_retry_on_429":false},"filename":"/home/runner/work/xet-core/xet-core/xet_client/src/cas_client/retry_wrapper.rs","line_number":249}
{"timestamp":"2026-06-19T05:08:08.432241Z","level":"INFO","fields":{"message":"Received CAS response","request_id":"","status_code":206},"filename":"/home/runner/work/xet-core/xet-core/xet_client/src/common/http_client.rs","line_number":288}
{"timestamp":"2026-06-19T05:08:08.432266Z","level":"INFO","fields":{"message":"Request Success: s3::get_range api call succeeded (request id )."},"filename":"/home/runner/work/xet-core/xet-core/xet_client/src/cas_client/retry_wrapper.rs","line_number":210}
{"timestamp":"2026-06-19T05:08:08.463382Z","level":"INFO","fields":{"message":"Received CAS response","request_id":"","status_code":206},"filename":"/home/runner/work/xet-core/xet-core/xet_client/src/common/http_client.rs","line_number":288}
{"timestamp":"2026-06-19T05:08:08.463438Z","level":"INFO","fields":{"message":"Request Success: s3::get_range api call succeeded (request id )."},"filename":"/home/runner/work/xet-core/xet-core/xet_client/src/cas_client/retry_wrapper.rs","line_number":210}
{"timestamp":"2026-06-19T05:08:08.483123Z","level":"INFO","fields":{"message":"Received CAS response","request_id":"","status_code":206},"filename":"/home/runner/work/xet-core/xet-core/xet_client/src/common/http_client.rs","line_number":288}
{"timestamp":"2026-06-19T05:08:08.483150Z","level":"INFO","fields":{"message":"Request Success: s3::get_range api call succeeded (request id )."},"filename":"/home/runner/work/xet-core/xet-core/xet_client/src/cas_client/retry_wrapper.rs","line_number":210}
{"timestamp":"2026-06-19T05:08:08.485632Z","level":"INFO","fields":{"message":"Retry strategy","max_attempts":5,"base_delay":"3s","no_retry_on_429":false},"filename":"/home/runner/work/xet-core/xet-core/xet_client/src/cas_client/retry_wrapper.rs","line_number":249}
{"timestamp":"2026-06-19T05:08:08.518145Z","level":"INFO","fields":{"message":"Retry strategy","max_attempts":5,"base_delay":"3s","no_retry_on_429":false},"filename":"/home/runner/work/xet-core/xet-core/xet_client/src/cas_client/retry_wrapper.rs","line_number":249}
{"timestamp":"2026-06-19T05:08:08.558811Z","level":"INFO","fields":{"message":"Received CAS response","request_id":"","status_code":206},"filename":"/home/runner/work/xet-core/xet-core/xet_client/src/common/http_client.rs","line_number":288}
{"timestamp":"2026-06-19T05:08:08.558840Z","level":"INFO","fields":{"message":"Request Success: s3::get_range api call succeeded (request id )."},"filename":"/home/runner/work/xet-core/xet-core/xet_client/src/cas_client/retry_wrapper.rs","line_number":210}
{"timestamp":"2026-06-19T05:08:08.649449Z","level":"INFO","fields":{"message":"Received CAS response","request_id":"","status_code":206},"filename":"/home/runner/work/xet-core/xet-core/xet_client/src/common/http_client.rs","line_number":288}
{"timestamp":"2026-06-19T05:08:08.649480Z","level":"INFO","fields":{"message":"Request Success: s3::get_range api call succeeded (request id )."},"filename":"/home/runner/work/xet-core/xet-core/xet_client/src/cas_client/retry_wrapper.rs","line_number":210}
{"timestamp":"2026-06-19T05:08:08.675009Z","level":"INFO","fields":{"message":"Concurrency control for download: Increased concurrency from 8 to 9; reason: success ratio 1.000 is above threshold 0.800 and predicted RTT for 61MB at new concurrency is 1.52s < target 60.0s"},"filename":"/home/runner/work/xet-core/xet-core/xet_client/src/cas_client/adaptive_concurrency/controller.rs","line_number":543}
{"timestamp":"2026-06-19T05:08:08.679766Z","level":"INFO","fields":{"message":"Received CAS response","request_id":"","status_code":206},"filename":"/home/runner/work/xet-core/xet-core/xet_client/src/common/http_client.rs","line_number":288}
{"timestamp":"2026-06-19T05:08:08.679779Z","level":"INFO","fields":{"message":"Request Success: s3::get_range api call succeeded (request id )."},"filename":"/home/runner/work/xet-core/xet-core/xet_client/src/cas_client/retry_wrapper.rs","line_number":210}
{"timestamp":"2026-06-19T05:08:08.711843Z","level":"INFO","fields":{"message":"Retry strategy","max_attempts":5,"base_delay":"3s","no_retry_on_429":false},"filename":"/home/runner/work/xet-core/xet-core/xet_client/src/cas_client/retry_wrapper.rs","line_number":249}
{"timestamp":"2026-06-19T05:08:08.805957Z","level":"INFO","fields":{"message":"Concurrency control for download: Increased concurrency from 7 to 8; reason: success ratio 1.000 is above threshold 0.800 and predicted RTT for 61MB at new concurrency is 3.49s < target 60.0s"},"filename":"/home/runner/work/xet-core/xet-core/xet_client/src/cas_client/adaptive_concurrency/controller.rs","line_number":543}
{"timestamp":"2026-06-19T05:08:08.805995Z","level":"INFO","fields":{"message":"Retry strategy","max_attempts":5,"base_delay":"3s","no_retry_on_429":false},"filename":"/home/runner/work/xet-core/xet-core/xet_client/src/cas_client/retry_wrapper.rs","line_number":249}
{"timestamp":"2026-06-19T05:08:08.915054Z","level":"INFO","fields":{"message":"Received CAS response","request_id":"","status_code":206},"filename":"/home/runner/work/xet-core/xet-core/xet_client/src/common/http_client.rs","line_number":288}
{"timestamp":"2026-06-19T05:08:08.915086Z","level":"INFO","fields":{"message":"Request Success: s3::get_range api call succeeded (request id )."},"filename":"/home/runner/work/xet-core/xet-core/xet_client/src/cas_client/retry_wrapper.rs","line_number":210}
{"timestamp":"2026-06-19T05:08:08.924741Z","level":"INFO","fields":{"message":"Retry strategy","max_attempts":5,"base_delay":"3s","no_retry_on_429":false},"filename":"/home/runner/work/xet-core/xet-core/xet_client/src/cas_client/retry_wrapper.rs","line_number":249}
{"timestamp":"2026-06-19T05:08:08.987956Z","level":"INFO","fields":{"message":"Received CAS response","request_id":"","status_code":206},"filename":"/home/runner/work/xet-core/xet-core/xet_client/src/common/http_client.rs","line_number":288}
{"timestamp":"2026-06-19T05:08:08.987984Z","level":"INFO","fields":{"message":"Request Success: s3::get_range api call succeeded (request id )."},"filename":"/home/runner/work/xet-core/xet-core/xet_client/src/cas_client/retry_wrapper.rs","line_number":210}
{"timestamp":"2026-06-19T05:08:09.006322Z","level":"INFO","fields":{"message":"Retry strategy","max_attempts":5,"base_delay":"3s","no_retry_on_429":false},"filename":"/home/runner/work/xet-core/xet-core/xet_client/src/cas_client/retry_wrapper.rs","line_number":249}
{"timestamp":"2026-06-19T05:08:09.038085Z","level":"INFO","fields":{"message":"Retry strategy","max_attempts":5,"base_delay":"3s","no_retry_on_429":false},"filename":"/home/runner/work/xet-core/xet-core/xet_client/src/cas_client/retry_wrapper.rs","line_number":249}
{"timestamp":"2026-06-19T05:08:09.041293Z","level":"INFO","fields":{"message":"Received CAS response","request_id":"","status_code":206},"filename":"/home/runner/work/xet-core/xet-core/xet_client/src/common/http_client.rs","line_number":288}
{"timestamp":"2026-06-19T05:08:09.041313Z","level":"INFO","fields":{"message":"Request Success: s3::get_range api call succeeded (request id )."},"filename":"/home/runner/work/xet-core/xet-core/xet_client/src/cas_client/retry_wrapper.rs","line_number":210}
{"timestamp":"2026-06-19T05:08:09.145287Z","level":"INFO","fields":{"message":"Received CAS response","request_id":"","status_code":206},"filename":"/home/runner/work/xet-core/xet-core/xet_client/src/common/http_client.rs","line_number":288}
{"timestamp":"2026-06-19T05:08:09.145315Z","level":"INFO","fields":{"message":"Request Success: s3::get_range api call succeeded (request id )."},"filename":"/home/runner/work/xet-core/xet-core/xet_client/src/cas_client/retry_wrapper.rs","line_number":210}
{"timestamp":"2026-06-19T05:08:09.161052Z","level":"INFO","fields":{"message":"Received CAS response","request_id":"","status_code":206},"filename":"/home/runner/work/xet-core/xet-core/xet_client/src/common/http_client.rs","line_number":288}
{"timestamp":"2026-06-19T05:08:09.161070Z","level":"INFO","fields":{"message":"Request Success: s3::get_range api call succeeded (request id )."},"filename":"/home/runner/work/xet-core/xet-core/xet_client/src/cas_client/retry_wrapper.rs","line_number":210}
{"timestamp":"2026-06-19T05:08:09.225779Z","level":"INFO","fields":{"message":"Concurrency control for download: Increased concurrency from 9 to 10; reason: success ratio 1.000 is above threshold 0.800 and predicted RTT for 61MB at new concurrency is 1.59s < target 60.0s"},"filename":"/home/runner/work/xet-core/xet-core/xet_client/src/cas_client/adaptive_concurrency/controller.rs","line_number":543}
{"timestamp":"2026-06-19T05:08:09.355848Z","level":"INFO","fields":{"message":"Concurrency control for download: Increased concurrency from 8 to 9; reason: success ratio 1.000 is above threshold 0.800 and predicted RTT for 61MB at new concurrency is 2.40s < target 60.0s"},"filename":"/home/runner/work/xet-core/xet-core/xet_client/src/cas_client/adaptive_concurrency/controller.rs","line_number":543}
{"timestamp":"2026-06-19T05:08:09.743618Z","level":"INFO","fields":{"message":"Concurrency control for download: Increased concurrency from 10 to 11; reason: success ratio 1.000 is above threshold 0.800 and predicted RTT for 61MB at new concurrency is 1.55s < target 60.0s"},"filename":"/home/runner/work/xet-core/xet-core/xet_client/src/cas_client/adaptive_concurrency/controller.rs","line_number":543}
{"timestamp":"2026-06-19T05:08:09.894785Z","level":"INFO","fields":{"message":"Concurrency control for download: Increased concurrency from 9 to 10; reason: success ratio 1.000 is above threshold 0.800 and predicted RTT for 61MB at new concurrency is 2.57s < target 60.0s"},"filename":"/home/runner/work/xet-core/xet-core/xet_client/src/cas_client/adaptive_concurrency/controller.rs","line_number":543}
{"timestamp":"2026-06-19T05:08:14.198769Z","level":"INFO","fields":{"message":"File reconstruction completed successfully","file_hash":"dc6b67ef1f5709de258501136bdabeaa3231d384d82b7abe3b98bb54672ba3c0","block_count":3,"total_terms_processed":17,"total_bytes_scheduled":988097824},"filename":"/home/runner/work/xet-core/xet-core/xet_data/src/file_reconstruction/run_state.rs","line_number":150}
{"timestamp":"2026-06-19T05:08:14.225239Z","level":"INFO","fields":{"message":"File reconstruction completed successfully","file_hash":"b14327e1ebb060c7a3fec0cc54505d4375b215f2a7aa4fffdea0676e9d3cc641","block_count":2,"total_terms_processed":26,"total_bytes_scheduled":710162369},"filename":"/home/runner/work/xet-core/xet-core/xet_data/src/file_reconstruction/run_state.rs","line_number":150}
{"timestamp":"2026-06-19T05:08:14.258996Z","level":"INFO","fields":{"message":"CAS auth disabled","caller":"/home/runner/work/xet-core/xet-core/xet_client/src/common/http_client.rs:166"},"filename":"/home/runner/work/xet-core/xet-core/xet_runtime/src/error_printer/mod.rs","line_number":198}
{"timestamp":"2026-06-19T05:08:14.265377Z","level":"INFO","fields":{"message":"HTTP client configured","idle_timeout":"60s","max_idle_connections":16,"custom_headers":"Some({\"authorization\": \"[REDACTED]\", \"user-agent\": \"unknown/None; hf_hub/1.20.1; python/3.11.15; torch/2.12.1\"})"},"filename":"/home/runner/work/xet-core/xet-core/xet_client/src/common/http_client.rs","line_number":187}
{"timestamp":"2026-06-19T05:08:14.265397Z","level":"INFO","fields":{"message":"Retry strategy","max_attempts":5,"base_delay":"3s","no_retry_on_429":false},"filename":"/home/runner/work/xet-core/xet-core/xet_client/src/cas_client/retry_wrapper.rs","line_number":249}
{"timestamp":"2026-06-19T05:08:14.288400Z","level":"INFO","fields":{"message":"Received CAS response","request_id":"Root=1-6a34cebe-40c04fd3284c911523dd0bb0","status_code":200},"filename":"/home/runner/work/xet-core/xet-core/xet_client/src/common/http_client.rs","line_number":288}
{"timestamp":"2026-06-19T05:08:14.288421Z","level":"INFO","fields":{"message":"Request Success: xet-token api call succeeded (request id Root=1-6a34cebe-40c04fd3284c911523dd0bb0)."},"filename":"/home/runner/work/xet-core/xet-core/xet_client/src/cas_client/retry_wrapper.rs","line_number":210}
{"timestamp":"2026-06-19T05:08:14.288485Z","level":"INFO","fields":{"message":"TranslatorConfig initialized","endpoint":"https://cas-server.xethub.hf.co","session_id":"Some(\"019ede47-9750-7e33-aee9-35ce614a5190\")","shard_cache":"/home/runner/work/FinAI/FinAI/.hf_cache/xet/https___cas_serv-tGqkUaZf_CBPHQ6h/shard-cache","shard_session":"/home/runner/work/FinAI/FinAI/.hf_cache/xet/https___cas_serv-tGqkUaZf_CBPHQ6h/staging/shard-session"},"filename":"/home/runner/work/xet-core/xet-core/xet_data/src/processing/configurations.rs","line_number":115}
{"timestamp":"2026-06-19T05:08:14.294869Z","level":"INFO","fields":{"message":"HTTP client configured","idle_timeout":"60s","max_idle_connections":16,"custom_headers":"Some({\"user-agent\": \"unknown/None; hf_hub/1.20.1; python/3.11.15; torch/2.12.1; hf_xet/1.5.1\"})"},"filename":"/home/runner/work/xet-core/xet-core/xet_client/src/common/http_client.rs","line_number":187}
{"timestamp":"2026-06-19T05:08:14.294887Z","level":"INFO","fields":{"message":"CAS auth disabled","caller":"/home/runner/work/xet-core/xet-core/xet_client/src/common/http_client.rs:166"},"filename":"/home/runner/work/xet-core/xet-core/xet_runtime/src/error_printer/mod.rs","line_number":198}
{"timestamp":"2026-06-19T05:08:14.294893Z","level":"INFO","fields":{"message":"HTTP client configured","idle_timeout":"60s","max_idle_connections":16,"custom_headers":"Some({\"user-agent\": \"unknown/None; hf_hub/1.20.1; python/3.11.15; torch/2.12.1; hf_xet/1.5.1\"})"},"filename":"/home/runner/work/xet-core/xet-core/xet_client/src/common/http_client.rs","line_number":187}
{"timestamp":"2026-06-19T05:08:14.300719Z","level":"INFO","fields":{"message":"No-read-timeout HTTP client configured (for shard uploads)","connect_timeout":"60s"},"filename":"/home/runner/work/xet-core/xet-core/xet_client/src/common/http_client.rs","line_number":136}
{"timestamp":"2026-06-19T05:08:14.300734Z","level":"INFO","fields":{"message":"Initializing Adaptive Concurrency Controller for upload with starting concurrency = 2; min = 1, max = 64, min_bytes_for_adjustment = 20000000, min_completed_transmissions_for_adjustment = 1"},"filename":"/home/runner/work/xet-core/xet-core/xet_client/src/cas_client/adaptive_concurrency/controller.rs","line_number":301}
{"timestamp":"2026-06-19T05:08:14.300740Z","level":"INFO","fields":{"message":"Initializing Adaptive Concurrency Controller for download with starting concurrency = 4; min = 1, max = 64, min_bytes_for_adjustment = 20000000, min_completed_transmissions_for_adjustment = 1"},"filename":"/home/runner/work/xet-core/xet-core/xet_client/src/cas_client/adaptive_concurrency/controller.rs","line_number":301}
{"timestamp":"2026-06-19T05:08:14.300775Z","level":"INFO","fields":{"message":"New file download group, session_id=019ede47-733f-7ba3-95e6-cf5010e684a9, group_id=10"},"filename":"/home/runner/work/xet-core/xet-core/xet_pkg/src/xet_session/file_download_group.rs","line_number":61}
{"timestamp":"2026-06-19T05:08:14.300849Z","level":"INFO","fields":{"message":"Download file to path","group_id":"10","dest_path":"\"/home/runner/work/FinAI/FinAI/temp_download/.cache/huggingface/download/checkpoint/HgM_lKo9sdSCfRtVg7MMFS7EKqo=.716ec13e363ec927a345aa1d39bb8ed88a0ce7fadcdef14509b1f2afd64a8bee.c77e3e99.incomplete\"","hash":"21b36a86e5f8663c44c00025062c78c18c64ae7c86c6d4819e35b034c363125f"},"filename":"/home/runner/work/xet-core/xet-core/xet_pkg/src/xet_session/file_download_group.rs","line_number":287}
{"timestamp":"2026-06-19T05:08:14.300906Z","level":"INFO","fields":{"message":"Reconstructing file to disk","file_hash":"21b36a86e5f8663c44c00025062c78c18c64ae7c86c6d4819e35b034c363125f","byte_range":"None","path":"/home/runner/work/FinAI/FinAI/temp_download/.cache/huggingface/download/checkpoint/HgM_lKo9sdSCfRtVg7MMFS7EKqo=.716ec13e363ec927a345aa1d39bb8ed88a0ce7fadcdef14509b1f2afd64a8bee.c77e3e99.incomplete","write_offset":"None"},"filename":"/home/runner/work/xet-core/xet-core/xet_data/src/file_reconstruction/file_reconstructor.rs","line_number":121}
{"timestamp":"2026-06-19T05:08:14.300970Z","level":"INFO","fields":{"message":"Scheduling prefetch block","file_hash":"21b36a86e5f8663c44c00025062c78c18c64ae7c86c6d4819e35b034c363125f","prefetch_range":"(0, 256000000)","requested_block_size":256000000,"actual_block_size":256000000,"queue_depth":1},"filename":"/home/runner/work/xet-core/xet-core/xet_data/src/file_reconstruction/reconstruction_terms/manager.rs","line_number":272}
{"timestamp":"2026-06-19T05:08:14.300985Z","level":"INFO","fields":{"message":"Scheduling prefetch block","file_hash":"21b36a86e5f8663c44c00025062c78c18c64ae7c86c6d4819e35b034c363125f","prefetch_range":"(256000000, 768000000)","requested_block_size":512000000,"actual_block_size":512000000,"queue_depth":2},"filename":"/home/runner/work/xet-core/xet-core/xet_data/src/file_reconstruction/reconstruction_terms/manager.rs","line_number":272}
{"timestamp":"2026-06-19T05:08:14.300986Z","level":"INFO","fields":{"message":"Download group finish","group_id":"10"},"filename":"/home/runner/work/xet-core/xet-core/xet_pkg/src/xet_session/file_download_group.rs","line_number":306}
{"timestamp":"2026-06-19T05:08:14.300999Z","level":"INFO","fields":{"message":"Scheduling prefetch block","file_hash":"21b36a86e5f8663c44c00025062c78c18c64ae7c86c6d4819e35b034c363125f","prefetch_range":"(768000000, 1024000000)","requested_block_size":256000000,"actual_block_size":256000000,"queue_depth":3},"filename":"/home/runner/work/xet-core/xet-core/xet_data/src/file_reconstruction/reconstruction_terms/manager.rs","line_number":272}
{"timestamp":"2026-06-19T05:08:14.301015Z","level":"INFO","fields":{"message":"Starting get_reconstruction API call","call_id":9,"file_id":"21b36a86e5f8663c44c00025062c78c18c64ae7c86c6d4819e35b034c363125f","bytes_range":"Some(Range { start: 768000000, end: 1024000000 })","api_version":"v2"},"filename":"/home/runner/work/xet-core/xet-core/xet_client/src/cas_client/remote_client.rs","line_number":210}
{"timestamp":"2026-06-19T05:08:14.301023Z","level":"INFO","fields":{"message":"Retry strategy","max_attempts":5,"base_delay":"3s","no_retry_on_429":false},"filename":"/home/runner/work/xet-core/xet-core/xet_client/src/cas_client/retry_wrapper.rs","line_number":249}
{"timestamp":"2026-06-19T05:08:14.301053Z","level":"INFO","fields":{"message":"Starting get_reconstruction API call","call_id":10,"file_id":"21b36a86e5f8663c44c00025062c78c18c64ae7c86c6d4819e35b034c363125f","bytes_range":"Some(Range { start: 0, end: 256000000 })","api_version":"v2"},"filename":"/home/runner/work/xet-core/xet-core/xet_client/src/cas_client/remote_client.rs","line_number":210}
{"timestamp":"2026-06-19T05:08:14.301061Z","level":"INFO","fields":{"message":"Retry strategy","max_attempts":5,"base_delay":"3s","no_retry_on_429":false},"filename":"/home/runner/work/xet-core/xet-core/xet_client/src/cas_client/retry_wrapper.rs","line_number":249}
{"timestamp":"2026-06-19T05:08:14.301083Z","level":"INFO","fields":{"message":"Starting get_reconstruction API call","call_id":11,"file_id":"21b36a86e5f8663c44c00025062c78c18c64ae7c86c6d4819e35b034c363125f","bytes_range":"Some(Range { start: 256000000, end: 768000000 })","api_version":"v2"},"filename":"/home/runner/work/xet-core/xet-core/xet_client/src/cas_client/remote_client.rs","line_number":210}
{"timestamp":"2026-06-19T05:08:14.301094Z","level":"INFO","fields":{"message":"Retry strategy","max_attempts":5,"base_delay":"3s","no_retry_on_429":false},"filename":"/home/runner/work/xet-core/xet-core/xet_client/src/cas_client/retry_wrapper.rs","line_number":249}
{"timestamp":"2026-06-19T05:08:14.324256Z","level":"INFO","fields":{"message":"Received CAS response","request_id":"01KVF4F5VDN0TRHYW3VAXQ9HFP","status_code":416},"filename":"/home/runner/work/xet-core/xet-core/xet_client/src/common/http_client.rs","line_number":288}
{"timestamp":"2026-06-19T05:08:14.324280Z","level":"INFO","fields":{"message":"Reached end of reconstruction 416 (Range Not Satisfiable): \"cas::get_reconstruction_v2\" api call failed (request id 01KVF4F5VDN0TRHYW3VAXQ9HFP): HTTP status client error (416 Range Not Satisfiable) for url (https://cas-server.xethub.hf.co/v2/reconstructions/21b36a86e5f8663c44c00025062c78c18c64ae7c86c6d4819e35b034c363125f)"},"filename":"/home/runner/work/xet-core/xet-core/xet_client/src/cas_client/retry_wrapper.rs","line_number":162}
{"timestamp":"2026-06-19T05:08:14.325167Z","level":"INFO","fields":{"message":"Received CAS response","request_id":"01KVF4F5VFNY6CZ230W9VJEJJV","status_code":416},"filename":"/home/runner/work/xet-core/xet-core/xet_client/src/common/http_client.rs","line_number":288}
{"timestamp":"2026-06-19T05:08:14.325178Z","level":"INFO","fields":{"message":"Reached end of reconstruction 416 (Range Not Satisfiable): \"cas::get_reconstruction_v2\" api call failed (request id 01KVF4F5VFNY6CZ230W9VJEJJV): HTTP status client error (416 Range Not Satisfiable) for url (https://cas-server.xethub.hf.co/v2/reconstructions/21b36a86e5f8663c44c00025062c78c18c64ae7c86c6d4819e35b034c363125f)"},"filename":"/home/runner/work/xet-core/xet-core/xet_client/src/cas_client/retry_wrapper.rs","line_number":162}
{"timestamp":"2026-06-19T05:08:14.513391Z","level":"INFO","fields":{"message":"CAS auth disabled","caller":"/home/runner/work/xet-core/xet-core/xet_client/src/common/http_client.rs:166"},"filename":"/home/runner/work/xet-core/xet-core/xet_runtime/src/error_printer/mod.rs","line_number":198}
{"timestamp":"2026-06-19T05:08:14.519534Z","level":"INFO","fields":{"message":"HTTP client configured","idle_timeout":"60s","max_idle_connections":16,"custom_headers":"Some({\"user-agent\": \"unknown/None; hf_hub/1.20.1; python/3.11.15; torch/2.12.1\", \"authorization\": \"[REDACTED]\"})"},"filename":"/home/runner/work/xet-core/xet-core/xet_client/src/common/http_client.rs","line_number":187}
{"timestamp":"2026-06-19T05:08:14.519562Z","level":"INFO","fields":{"message":"Retry strategy","max_attempts":5,"base_delay":"3s","no_retry_on_429":false},"filename":"/home/runner/work/xet-core/xet-core/xet_client/src/cas_client/retry_wrapper.rs","line_number":249}
{"timestamp":"2026-06-19T05:08:14.542497Z","level":"INFO","fields":{"message":"Received CAS response","request_id":"Root=1-6a34cebe-01fe3ab95ef949de4bd3276d","status_code":200},"filename":"/home/runner/work/xet-core/xet-core/xet_client/src/common/http_client.rs","line_number":288}
{"timestamp":"2026-06-19T05:08:14.542525Z","level":"INFO","fields":{"message":"Request Success: xet-token api call succeeded (request id Root=1-6a34cebe-01fe3ab95ef949de4bd3276d)."},"filename":"/home/runner/work/xet-core/xet-core/xet_client/src/cas_client/retry_wrapper.rs","line_number":210}
{"timestamp":"2026-06-19T05:08:14.542602Z","level":"INFO","fields":{"message":"TranslatorConfig initialized","endpoint":"https://cas-server.xethub.hf.co","session_id":"Some(\"019ede47-984e-7f80-8bfe-364bc7583ed2\")","shard_cache":"/home/runner/work/FinAI/FinAI/.hf_cache/xet/https___cas_serv-tGqkUaZf_CBPHQ6h/shard-cache","shard_session":"/home/runner/work/FinAI/FinAI/.hf_cache/xet/https___cas_serv-tGqkUaZf_CBPHQ6h/staging/shard-session"},"filename":"/home/runner/work/xet-core/xet-core/xet_data/src/processing/configurations.rs","line_number":115}
{"timestamp":"2026-06-19T05:08:14.548853Z","level":"INFO","fields":{"message":"HTTP client configured","idle_timeout":"60s","max_idle_connections":16,"custom_headers":"Some({\"user-agent\": \"unknown/None; hf_hub/1.20.1; python/3.11.15; torch/2.12.1; hf_xet/1.5.1\"})"},"filename":"/home/runner/work/xet-core/xet-core/xet_client/src/common/http_client.rs","line_number":187}
{"timestamp":"2026-06-19T05:08:14.548872Z","level":"INFO","fields":{"message":"CAS auth disabled","caller":"/home/runner/work/xet-core/xet-core/xet_client/src/common/http_client.rs:166"},"filename":"/home/runner/work/xet-core/xet-core/xet_runtime/src/error_printer/mod.rs","line_number":198}
{"timestamp":"2026-06-19T05:08:14.548879Z","level":"INFO","fields":{"message":"HTTP client configured","idle_timeout":"60s","max_idle_connections":16,"custom_headers":"Some({\"user-agent\": \"unknown/None; hf_hub/1.20.1; python/3.11.15; torch/2.12.1; hf_xet/1.5.1\"})"},"filename":"/home/runner/work/xet-core/xet-core/xet_client/src/common/http_client.rs","line_number":187}
{"timestamp":"2026-06-19T05:08:14.554704Z","level":"INFO","fields":{"message":"No-read-timeout HTTP client configured (for shard uploads)","connect_timeout":"60s"},"filename":"/home/runner/work/xet-core/xet-core/xet_client/src/common/http_client.rs","line_number":136}
{"timestamp":"2026-06-19T05:08:14.554719Z","level":"INFO","fields":{"message":"Initializing Adaptive Concurrency Controller for upload with starting concurrency = 2; min = 1, max = 64, min_bytes_for_adjustment = 20000000, min_completed_transmissions_for_adjustment = 1"},"filename":"/home/runner/work/xet-core/xet-core/xet_client/src/cas_client/adaptive_concurrency/controller.rs","line_number":301}
{"timestamp":"2026-06-19T05:08:14.554725Z","level":"INFO","fields":{"message":"Initializing Adaptive Concurrency Controller for download with starting concurrency = 4; min = 1, max = 64, min_bytes_for_adjustment = 20000000, min_completed_transmissions_for_adjustment = 1"},"filename":"/home/runner/work/xet-core/xet-core/xet_client/src/cas_client/adaptive_concurrency/controller.rs","line_number":301}
{"timestamp":"2026-06-19T05:08:14.554762Z","level":"INFO","fields":{"message":"New file download group, session_id=019ede47-733f-7ba3-95e6-cf5010e684a9, group_id=12"},"filename":"/home/runner/work/xet-core/xet-core/xet_pkg/src/xet_session/file_download_group.rs","line_number":61}
{"timestamp":"2026-06-19T05:08:14.554856Z","level":"INFO","fields":{"message":"Download file to path","group_id":"12","dest_path":"\"/home/runner/work/FinAI/FinAI/temp_download/.cache/huggingface/download/checkpoint/BbZQhXbpaYPFp6jbudOhcbSuIqA=.2eec233af2818812232459656322f1afba33811de8aedcc009953eecf861f2f3.c659f45f.incomplete\"","hash":"97bf5b4086a793c6c143dc559b04bfa963a8d041f39acce25f692cfe55e01f3e"},"filename":"/home/runner/work/xet-core/xet-core/xet_pkg/src/xet_session/file_download_group.rs","line_number":287}
{"timestamp":"2026-06-19T05:08:14.554930Z","level":"INFO","fields":{"message":"Reconstructing file to disk","file_hash":"97bf5b4086a793c6c143dc559b04bfa963a8d041f39acce25f692cfe55e01f3e","byte_range":"None","path":"/home/runner/work/FinAI/FinAI/temp_download/.cache/huggingface/download/checkpoint/BbZQhXbpaYPFp6jbudOhcbSuIqA=.2eec233af2818812232459656322f1afba33811de8aedcc009953eecf861f2f3.c659f45f.incomplete","write_offset":"None"},"filename":"/home/runner/work/xet-core/xet-core/xet_data/src/file_reconstruction/file_reconstructor.rs","line_number":121}
{"timestamp":"2026-06-19T05:08:14.555011Z","level":"INFO","fields":{"message":"Download group finish","group_id":"12"},"filename":"/home/runner/work/xet-core/xet-core/xet_pkg/src/xet_session/file_download_group.rs","line_number":306}
{"timestamp":"2026-06-19T05:08:14.555029Z","level":"INFO","fields":{"message":"Scheduling prefetch block","file_hash":"97bf5b4086a793c6c143dc559b04bfa963a8d041f39acce25f692cfe55e01f3e","prefetch_range":"(0, 256000000)","requested_block_size":256000000,"actual_block_size":256000000,"queue_depth":1},"filename":"/home/runner/work/xet-core/xet-core/xet_data/src/file_reconstruction/reconstruction_terms/manager.rs","line_number":272}
{"timestamp":"2026-06-19T05:08:14.555041Z","level":"INFO","fields":{"message":"Scheduling prefetch block","file_hash":"97bf5b4086a793c6c143dc559b04bfa963a8d041f39acce25f692cfe55e01f3e","prefetch_range":"(256000000, 768000000)","requested_block_size":512000000,"actual_block_size":512000000,"queue_depth":2},"filename":"/home/runner/work/xet-core/xet-core/xet_data/src/file_reconstruction/reconstruction_terms/manager.rs","line_number":272}
{"timestamp":"2026-06-19T05:08:14.555051Z","level":"INFO","fields":{"message":"Scheduling prefetch block","file_hash":"97bf5b4086a793c6c143dc559b04bfa963a8d041f39acce25f692cfe55e01f3e","prefetch_range":"(768000000, 1024000000)","requested_block_size":256000000,"actual_block_size":256000000,"queue_depth":3},"filename":"/home/runner/work/xet-core/xet-core/xet_data/src/file_reconstruction/reconstruction_terms/manager.rs","line_number":272}
{"timestamp":"2026-06-19T05:08:14.555073Z","level":"INFO","fields":{"message":"Starting get_reconstruction API call","call_id":12,"file_id":"97bf5b4086a793c6c143dc559b04bfa963a8d041f39acce25f692cfe55e01f3e","bytes_range":"Some(Range { start: 768000000, end: 1024000000 })","api_version":"v2"},"filename":"/home/runner/work/xet-core/xet-core/xet_client/src/cas_client/remote_client.rs","line_number":210}
{"timestamp":"2026-06-19T05:08:14.555076Z","level":"INFO","fields":{"message":"Starting get_reconstruction API call","call_id":13,"file_id":"97bf5b4086a793c6c143dc559b04bfa963a8d041f39acce25f692cfe55e01f3e","bytes_range":"Some(Range { start: 0, end: 256000000 })","api_version":"v2"},"filename":"/home/runner/work/xet-core/xet-core/xet_client/src/cas_client/remote_client.rs","line_number":210}
{"timestamp":"2026-06-19T05:08:14.555085Z","level":"INFO","fields":{"message":"Retry strategy","max_attempts":5,"base_delay":"3s","no_retry_on_429":false},"filename":"/home/runner/work/xet-core/xet-core/xet_client/src/cas_client/retry_wrapper.rs","line_number":249}
{"timestamp":"2026-06-19T05:08:14.555085Z","level":"INFO","fields":{"message":"Retry strategy","max_attempts":5,"base_delay":"3s","no_retry_on_429":false},"filename":"/home/runner/work/xet-core/xet-core/xet_client/src/cas_client/retry_wrapper.rs","line_number":249}
{"timestamp":"2026-06-19T05:08:14.555092Z","level":"INFO","fields":{"message":"Starting get_reconstruction API call","call_id":14,"file_id":"97bf5b4086a793c6c143dc559b04bfa963a8d041f39acce25f692cfe55e01f3e","bytes_range":"Some(Range { start: 256000000, end: 768000000 })","api_version":"v2"},"filename":"/home/runner/work/xet-core/xet-core/xet_client/src/cas_client/remote_client.rs","line_number":210}
{"timestamp":"2026-06-19T05:08:14.555100Z","level":"INFO","fields":{"message":"Retry strategy","max_attempts":5,"base_delay":"3s","no_retry_on_429":false},"filename":"/home/runner/work/xet-core/xet-core/xet_client/src/cas_client/retry_wrapper.rs","line_number":249}
{"timestamp":"2026-06-19T05:08:14.570271Z","level":"INFO","fields":{"message":"Received CAS response","request_id":"01KVF4F5VDYZX5GJA6E9H8EMK5","status_code":200},"filename":"/home/runner/work/xet-core/xet-core/xet_client/src/common/http_client.rs","line_number":288}
{"timestamp":"2026-06-19T05:08:14.570292Z","level":"INFO","fields":{"message":"Request Success: cas::get_reconstruction_v2 api call succeeded (request id 01KVF4F5VDYZX5GJA6E9H8EMK5)."},"filename":"/home/runner/work/xet-core/xet-core/xet_client/src/cas_client/retry_wrapper.rs","line_number":210}
{"timestamp":"2026-06-19T05:08:14.570317Z","level":"INFO","fields":{"message":"Completed get_reconstruction API call","call_id":10,"file_id":"21b36a86e5f8663c44c00025062c78c18c64ae7c86c6d4819e35b034c363125f","bytes_range":"Some(Range { start: 0, end: 256000000 })","api_version":"v2"},"filename":"/home/runner/work/xet-core/xet-core/xet_client/src/cas_client/remote_client.rs","line_number":234}
{"timestamp":"2026-06-19T05:08:14.570349Z","level":"INFO","fields":{"message":"Received block of file terms from prefetch queue","file_hash":"21b36a86e5f8663c44c00025062c78c18c64ae7c86c6d4819e35b034c363125f","domain":"transfer.xethub.hf.co","block_start":0,"block_end":11421990,"block_size":1},"filename":"/home/runner/work/xet-core/xet-core/xet_data/src/file_reconstruction/reconstruction_terms/manager.rs","line_number":151}
{"timestamp":"2026-06-19T05:08:14.570383Z","level":"INFO","fields":{"message":"Updated completion rate estimate based on previous block completion time (seconds).","file_hash":"21b36a86e5f8663c44c00025062c78c18c64ae7c86c6d4819e35b034c363125f","block_start":0,"block_end":11421990,"block_size":11421990,"completion_time":0.000032931},"filename":"/home/runner/work/xet-core/xet-core/xet_data/src/file_reconstruction/reconstruction_terms/manager.rs","line_number":104}
{"timestamp":"2026-06-19T05:08:14.570390Z","level":"INFO","fields":{"message":"Completed prefetch queue; end of file reached.","file_hash":"21b36a86e5f8663c44c00025062c78c18c64ae7c86c6d4819e35b034c363125f","prefetched_byte_position":1024000000},"filename":"/home/runner/work/xet-core/xet-core/xet_data/src/file_reconstruction/reconstruction_terms/manager.rs","line_number":178}
{"timestamp":"2026-06-19T05:08:14.570394Z","level":"INFO","fields":{"message":"All term blocks received and scheduled for writing","file_hash":"21b36a86e5f8663c44c00025062c78c18c64ae7c86c6d4819e35b034c363125f","block_count":1,"total_terms_processed":1,"total_bytes_scheduled":11421990},"filename":"/home/runner/work/xet-core/xet-core/xet_data/src/file_reconstruction/run_state.rs","line_number":150}
{"timestamp":"2026-06-19T05:08:14.570415Z","level":"INFO","fields":{"message":"Retry strategy","max_attempts":5,"base_delay":"3s","no_retry_on_429":false},"filename":"/home/runner/work/xet-core/xet-core/xet_client/src/cas_client/retry_wrapper.rs","line_number":249}
{"timestamp":"2026-06-19T05:08:14.580295Z","level":"INFO","fields":{"message":"Received CAS response","request_id":"01KVF4F63E5WD3J9XCFH0M4M4J","status_code":416},"filename":"/home/runner/work/xet-core/xet-core/xet_client/src/common/http_client.rs","line_number":288}
{"timestamp":"2026-06-19T05:08:14.580318Z","level":"INFO","fields":{"message":"Reached end of reconstruction 416 (Range Not Satisfiable): \"cas::get_reconstruction_v2\" api call failed (request id 01KVF4F63E5WD3J9XCFH0M4M4J): HTTP status client error (416 Range Not Satisfiable) for url (https://cas-server.xethub.hf.co/v2/reconstructions/97bf5b4086a793c6c143dc559b04bfa963a8d041f39acce25f692cfe55e01f3e)"},"filename":"/home/runner/work/xet-core/xet-core/xet_client/src/cas_client/retry_wrapper.rs","line_number":162}
{"timestamp":"2026-06-19T05:08:14.580625Z","level":"INFO","fields":{"message":"Received CAS response","request_id":"01KVF4F63D4176NVEZWK3VXK61","status_code":416},"filename":"/home/runner/work/xet-core/xet-core/xet_client/src/common/http_client.rs","line_number":288}
{"timestamp":"2026-06-19T05:08:14.580639Z","level":"INFO","fields":{"message":"Reached end of reconstruction 416 (Range Not Satisfiable): \"cas::get_reconstruction_v2\" api call failed (request id 01KVF4F63D4176NVEZWK3VXK61): HTTP status client error (416 Range Not Satisfiable) for url (https://cas-server.xethub.hf.co/v2/reconstructions/97bf5b4086a793c6c143dc559b04bfa963a8d041f39acce25f692cfe55e01f3e)"},"filename":"/home/runner/work/xet-core/xet-core/xet_client/src/cas_client/retry_wrapper.rs","line_number":162}
{"timestamp":"2026-06-19T05:08:14.738288Z","level":"INFO","fields":{"message":"Received CAS response","request_id":"","status_code":206},"filename":"/home/runner/work/xet-core/xet-core/xet_client/src/common/http_client.rs","line_number":288}
{"timestamp":"2026-06-19T05:08:14.738319Z","level":"INFO","fields":{"message":"Request Success: s3::get_range api call succeeded (request id )."},"filename":"/home/runner/work/xet-core/xet-core/xet_client/src/cas_client/retry_wrapper.rs","line_number":210}
{"timestamp":"2026-06-19T05:08:14.772729Z","level":"INFO","fields":{"message":"File reconstruction completed successfully","file_hash":"21b36a86e5f8663c44c00025062c78c18c64ae7c86c6d4819e35b034c363125f","block_count":1,"total_terms_processed":1,"total_bytes_scheduled":11421990},"filename":"/home/runner/work/xet-core/xet-core/xet_data/src/file_reconstruction/run_state.rs","line_number":150}
{"timestamp":"2026-06-19T05:08:14.824309Z","level":"INFO","fields":{"message":"Received CAS response","request_id":"01KVF4F63DPF26QXX2XNN04VAY","status_code":200},"filename":"/home/runner/work/xet-core/xet-core/xet_client/src/common/http_client.rs","line_number":288}
{"timestamp":"2026-06-19T05:08:14.824336Z","level":"INFO","fields":{"message":"Request Success: cas::get_reconstruction_v2 api call succeeded (request id 01KVF4F63DPF26QXX2XNN04VAY)."},"filename":"/home/runner/work/xet-core/xet-core/xet_client/src/cas_client/retry_wrapper.rs","line_number":210}
{"timestamp":"2026-06-19T05:08:14.824367Z","level":"INFO","fields":{"message":"Completed get_reconstruction API call","call_id":13,"file_id":"97bf5b4086a793c6c143dc559b04bfa963a8d041f39acce25f692cfe55e01f3e","bytes_range":"Some(Range { start: 0, end: 256000000 })","api_version":"v2"},"filename":"/home/runner/work/xet-core/xet-core/xet_client/src/cas_client/remote_client.rs","line_number":234}
{"timestamp":"2026-06-19T05:08:14.824410Z","level":"INFO","fields":{"message":"Received block of file terms from prefetch queue","file_hash":"97bf5b4086a793c6c143dc559b04bfa963a8d041f39acce25f692cfe55e01f3e","domain":"transfer.xethub.hf.co","block_start":0,"block_end":1361,"block_size":1},"filename":"/home/runner/work/xet-core/xet-core/xet_data/src/file_reconstruction/reconstruction_terms/manager.rs","line_number":151}
{"timestamp":"2026-06-19T05:08:14.824441Z","level":"INFO","fields":{"message":"Updated completion rate estimate based on previous block completion time (seconds).","file_hash":"97bf5b4086a793c6c143dc559b04bfa963a8d041f39acce25f692cfe55e01f3e","block_start":0,"block_end":1361,"block_size":1361,"completion_time":0.000029605},"filename":"/home/runner/work/xet-core/xet-core/xet_data/src/file_reconstruction/reconstruction_terms/manager.rs","line_number":104}
{"timestamp":"2026-06-19T05:08:14.824454Z","level":"INFO","fields":{"message":"Completed prefetch queue; end of file reached.","file_hash":"97bf5b4086a793c6c143dc559b04bfa963a8d041f39acce25f692cfe55e01f3e","prefetched_byte_position":1024000000},"filename":"/home/runner/work/xet-core/xet-core/xet_data/src/file_reconstruction/reconstruction_terms/manager.rs","line_number":178}
{"timestamp":"2026-06-19T05:08:14.824460Z","level":"INFO","fields":{"message":"All term blocks received and scheduled for writing","file_hash":"97bf5b4086a793c6c143dc559b04bfa963a8d041f39acce25f692cfe55e01f3e","block_count":1,"total_terms_processed":1,"total_bytes_scheduled":1361},"filename":"/home/runner/work/xet-core/xet-core/xet_data/src/file_reconstruction/run_state.rs","line_number":150}
{"timestamp":"2026-06-19T05:08:14.824477Z","level":"INFO","fields":{"message":"Retry strategy","max_attempts":5,"base_delay":"3s","no_retry_on_429":false},"filename":"/home/runner/work/xet-core/xet-core/xet_client/src/cas_client/retry_wrapper.rs","line_number":249}
{"timestamp":"2026-06-19T05:08:15.075194Z","level":"INFO","fields":{"message":"Received CAS response","request_id":"","status_code":206},"filename":"/home/runner/work/xet-core/xet-core/xet_client/src/common/http_client.rs","line_number":288}
{"timestamp":"2026-06-19T05:08:15.075217Z","level":"INFO","fields":{"message":"Request Success: s3::get_range api call succeeded (request id )."},"filename":"/home/runner/work/xet-core/xet-core/xet_client/src/cas_client/retry_wrapper.rs","line_number":210}
{"timestamp":"2026-06-19T05:08:15.075430Z","level":"INFO","fields":{"message":"File reconstruction completed successfully","file_hash":"97bf5b4086a793c6c143dc559b04bfa963a8d041f39acce25f692cfe55e01f3e","block_count":1,"total_terms_processed":1,"total_bytes_scheduled":1361},"filename":"/home/runner/work/xet-core/xet-core/xet_data/src/file_reconstruction/run_state.rs","line_number":150}
