{"timestamp":"2026-06-23T00:17:22.969048Z","level":"INFO","fields":{"message":"python/3.11.15; huggingface_hub/1.20.1; hf_xet/1.5.1; , xet-core revision 9dc8c18"},"filename":"/home/runner/work/xet-core/xet-core/xet_runtime/src/logging/init.rs","line_number":65}
{"timestamp":"2026-06-23T00:17:22.969104Z","level":"INFO","fields":{"message":"hf_xet logging configured."},"filename":"src/logging.rs","line_number":36}
{"timestamp":"2026-06-23T00:17:22.969175Z","level":"INFO","fields":{"message":"starting log cleanup in \"/home/runner/work/FinAI/FinAI/.hf_cache/xet/logs\" (min_age=86400s, max_retention=1209600s, max_size=250MB bytes)"},"filename":"/home/runner/work/xet-core/xet-core/xet_runtime/src/logging/init.rs","line_number":241}
{"timestamp":"2026-06-23T00:17:22.969261Z","level":"INFO","fields":{"message":"Config: min_spacing_between_global_dedup_queries = 256 (default)"},"filename":"/home/runner/work/xet-core/xet-core/xet_runtime/src/utils/configuration_utils.rs","line_number":53}
{"timestamp":"2026-06-23T00:17:22.969277Z","level":"INFO","fields":{"message":"Config: local_cas_scheme = \"local://\" (default)"},"filename":"/home/runner/work/xet-core/xet-core/xet_runtime/src/utils/configuration_utils.rs","line_number":53}
{"timestamp":"2026-06-23T00:17:22.969282Z","level":"INFO","fields":{"message":"Config: max_concurrent_file_ingestion = 8 (default)"},"filename":"/home/runner/work/xet-core/xet-core/xet_runtime/src/utils/configuration_utils.rs","line_number":53}
{"timestamp":"2026-06-23T00:17:22.969286Z","level":"INFO","fields":{"message":"Config: max_concurrent_file_downloads = 8 (default)"},"filename":"/home/runner/work/xet-core/xet-core/xet_runtime/src/utils/configuration_utils.rs","line_number":53}
{"timestamp":"2026-06-23T00:17:22.969289Z","level":"INFO","fields":{"message":"Config: ingestion_block_size = 8MB (default)"},"filename":"/home/runner/work/xet-core/xet-core/xet_runtime/src/utils/configuration_utils.rs","line_number":53}
{"timestamp":"2026-06-23T00:17:22.969293Z","level":"INFO","fields":{"message":"Config: progress_update_interval = 200ms (default)"},"filename":"/home/runner/work/xet-core/xet-core/xet_runtime/src/utils/configuration_utils.rs","line_number":53}
{"timestamp":"2026-06-23T00:17:22.969296Z","level":"INFO","fields":{"message":"Config: progress_update_speed_sampling_window = 10s (default)"},"filename":"/home/runner/work/xet-core/xet-core/xet_runtime/src/utils/configuration_utils.rs","line_number":53}
{"timestamp":"2026-06-23T00:17:22.969299Z","level":"INFO","fields":{"message":"Config: progress_update_speed_min_observations = 4 (default)"},"filename":"/home/runner/work/xet-core/xet-core/xet_runtime/src/utils/configuration_utils.rs","line_number":53}
{"timestamp":"2026-06-23T00:17:22.969302Z","level":"INFO","fields":{"message":"Config: session_xorb_metadata_flush_interval = 20s (default)"},"filename":"/home/runner/work/xet-core/xet-core/xet_runtime/src/utils/configuration_utils.rs","line_number":53}
{"timestamp":"2026-06-23T00:17:22.969305Z","level":"INFO","fields":{"message":"Config: session_xorb_metadata_flush_max_count = 64 (default)"},"filename":"/home/runner/work/xet-core/xet-core/xet_runtime/src/utils/configuration_utils.rs","line_number":53}
{"timestamp":"2026-06-23T00:17:22.969308Z","level":"INFO","fields":{"message":"Config: default_cas_endpoint = \"http://localhost:8080\" (default)"},"filename":"/home/runner/work/xet-core/xet-core/xet_runtime/src/utils/configuration_utils.rs","line_number":53}
{"timestamp":"2026-06-23T00:17:22.969311Z","level":"INFO","fields":{"message":"Config: aggregate_progress = true (default)"},"filename":"/home/runner/work/xet-core/xet-core/xet_runtime/src/utils/configuration_utils.rs","line_number":53}
{"timestamp":"2026-06-23T00:17:22.969314Z","level":"INFO","fields":{"message":"Config: default_prefix = \"default\" (default)"},"filename":"/home/runner/work/xet-core/xet-core/xet_runtime/src/utils/configuration_utils.rs","line_number":53}
{"timestamp":"2026-06-23T00:17:22.969317Z","level":"INFO","fields":{"message":"Config: staging_subdir = \"staging\" (default)"},"filename":"/home/runner/work/xet-core/xet-core/xet_runtime/src/utils/configuration_utils.rs","line_number":53}
{"timestamp":"2026-06-23T00:17:22.969320Z","level":"INFO","fields":{"message":"Config: target_size = 67108864 (default)"},"filename":"/home/runner/work/xet-core/xet-core/xet_runtime/src/utils/configuration_utils.rs","line_number":53}
{"timestamp":"2026-06-23T00:17:22.969323Z","level":"INFO","fields":{"message":"Config: max_target_size = 67108864 (default)"},"filename":"/home/runner/work/xet-core/xet-core/xet_runtime/src/utils/configuration_utils.rs","line_number":53}
{"timestamp":"2026-06-23T00:17:22.969326Z","level":"INFO","fields":{"message":"Config: cache_size_limit = 16GB (default)"},"filename":"/home/runner/work/xet-core/xet-core/xet_runtime/src/utils/configuration_utils.rs","line_number":53}
{"timestamp":"2026-06-23T00:17:22.969330Z","level":"INFO","fields":{"message":"Config: chunk_index_table_max_size = 67108864 (default)"},"filename":"/home/runner/work/xet-core/xet-core/xet_runtime/src/utils/configuration_utils.rs","line_number":53}
{"timestamp":"2026-06-23T00:17:22.969332Z","level":"INFO","fields":{"message":"Config: cache_subdir = \"shard-cache\" (default)"},"filename":"/home/runner/work/xet-core/xet-core/xet_runtime/src/utils/configuration_utils.rs","line_number":53}
{"timestamp":"2026-06-23T00:17:22.969335Z","level":"INFO","fields":{"message":"Config: nranges_in_streaming_fragmentation_estimator = 128 (default)"},"filename":"/home/runner/work/xet-core/xet-core/xet_runtime/src/utils/configuration_utils.rs","line_number":53}
{"timestamp":"2026-06-23T00:17:22.969338Z","level":"INFO","fields":{"message":"Config: min_n_chunks_per_range_hysteresis_factor = 0.5 (default)"},"filename":"/home/runner/work/xet-core/xet-core/xet_runtime/src/utils/configuration_utils.rs","line_number":53}
{"timestamp":"2026-06-23T00:17:22.969342Z","level":"INFO","fields":{"message":"Config: min_n_chunks_per_range = 8.0 (default)"},"filename":"/home/runner/work/xet-core/xet-core/xet_runtime/src/utils/configuration_utils.rs","line_number":53}
{"timestamp":"2026-06-23T00:17:22.969345Z","level":"INFO","fields":{"message":"Config: global_dedup_query_enabled = true (default)"},"filename":"/home/runner/work/xet-core/xet-core/xet_runtime/src/utils/configuration_utils.rs","line_number":53}
{"timestamp":"2026-06-23T00:17:22.969348Z","level":"INFO","fields":{"message":"Config: size_bytes = 0 (default)"},"filename":"/home/runner/work/xet-core/xet-core/xet_runtime/src/utils/configuration_utils.rs","line_number":53}
{"timestamp":"2026-06-23T00:17:22.969351Z","level":"INFO","fields":{"message":"Config: retry_max_attempts = 5 (default)"},"filename":"/home/runner/work/xet-core/xet-core/xet_runtime/src/utils/configuration_utils.rs","line_number":53}
{"timestamp":"2026-06-23T00:17:22.969354Z","level":"INFO","fields":{"message":"Config: retry_base_delay = 3s (default)"},"filename":"/home/runner/work/xet-core/xet-core/xet_runtime/src/utils/configuration_utils.rs","line_number":53}
{"timestamp":"2026-06-23T00:17:22.969357Z","level":"INFO","fields":{"message":"Config: retry_max_duration = 360s (default)"},"filename":"/home/runner/work/xet-core/xet-core/xet_runtime/src/utils/configuration_utils.rs","line_number":53}
{"timestamp":"2026-06-23T00:17:22.969360Z","level":"INFO","fields":{"message":"Config: idle_connection_timeout = 60s (default)"},"filename":"/home/runner/work/xet-core/xet-core/xet_runtime/src/utils/configuration_utils.rs","line_number":53}
{"timestamp":"2026-06-23T00:17:22.969363Z","level":"INFO","fields":{"message":"Config: max_idle_connections = 16 (default)"},"filename":"/home/runner/work/xet-core/xet-core/xet_runtime/src/utils/configuration_utils.rs","line_number":53}
{"timestamp":"2026-06-23T00:17:22.969366Z","level":"INFO","fields":{"message":"Config: connect_timeout = 60s (default)"},"filename":"/home/runner/work/xet-core/xet-core/xet_runtime/src/utils/configuration_utils.rs","line_number":53}
{"timestamp":"2026-06-23T00:17:22.969369Z","level":"INFO","fields":{"message":"Config: read_timeout = 300s (default)"},"filename":"/home/runner/work/xet-core/xet-core/xet_runtime/src/utils/configuration_utils.rs","line_number":53}
{"timestamp":"2026-06-23T00:17:22.969372Z","level":"INFO","fields":{"message":"Config: upload_reporting_block_size = 524288 (default)"},"filename":"/home/runner/work/xet-core/xet-core/xet_runtime/src/utils/configuration_utils.rs","line_number":53}
{"timestamp":"2026-06-23T00:17:22.969374Z","level":"INFO","fields":{"message":"Config: enable_adaptive_concurrency = true (default)"},"filename":"/home/runner/work/xet-core/xet-core/xet_runtime/src/utils/configuration_utils.rs","line_number":53}
{"timestamp":"2026-06-23T00:17:22.969377Z","level":"INFO","fields":{"message":"Config: ac_min_adjustment_window_ms = 500 (default)"},"filename":"/home/runner/work/xet-core/xet-core/xet_runtime/src/utils/configuration_utils.rs","line_number":53}
{"timestamp":"2026-06-23T00:17:22.969380Z","level":"INFO","fields":{"message":"Config: ac_min_bytes_required_for_adjustment = 20MB (default)"},"filename":"/home/runner/work/xet-core/xet-core/xet_runtime/src/utils/configuration_utils.rs","line_number":53}
{"timestamp":"2026-06-23T00:17:22.969383Z","level":"INFO","fields":{"message":"Config: ac_num_transmissions_required_for_adjustment = 1 (default)"},"filename":"/home/runner/work/xet-core/xet-core/xet_runtime/src/utils/configuration_utils.rs","line_number":53}
{"timestamp":"2026-06-23T00:17:22.969385Z","level":"INFO","fields":{"message":"Config: ac_latency_rtt_half_life = 64.0 (default)"},"filename":"/home/runner/work/xet-core/xet-core/xet_runtime/src/utils/configuration_utils.rs","line_number":53}
{"timestamp":"2026-06-23T00:17:22.969389Z","level":"INFO","fields":{"message":"Config: ac_success_tracking_half_life = 8.0 (default)"},"filename":"/home/runner/work/xet-core/xet-core/xet_runtime/src/utils/configuration_utils.rs","line_number":53}
{"timestamp":"2026-06-23T00:17:22.969392Z","level":"INFO","fields":{"message":"Config: ac_target_rtt = 60s (default)"},"filename":"/home/runner/work/xet-core/xet-core/xet_runtime/src/utils/configuration_utils.rs","line_number":53}
{"timestamp":"2026-06-23T00:17:22.969395Z","level":"INFO","fields":{"message":"Config: ac_max_healthy_rtt = 90s (default)"},"filename":"/home/runner/work/xet-core/xet-core/xet_runtime/src/utils/configuration_utils.rs","line_number":53}
{"timestamp":"2026-06-23T00:17:22.969397Z","level":"INFO","fields":{"message":"Config: ac_rtt_success_max_quantile = 0.95 (default)"},"filename":"/home/runner/work/xet-core/xet-core/xet_runtime/src/utils/configuration_utils.rs","line_number":53}
{"timestamp":"2026-06-23T00:17:22.969400Z","level":"INFO","fields":{"message":"Config: ac_healthy_success_ratio_threshold = 0.8 (default)"},"filename":"/home/runner/work/xet-core/xet-core/xet_runtime/src/utils/configuration_utils.rs","line_number":53}
{"timestamp":"2026-06-23T00:17:22.969403Z","level":"INFO","fields":{"message":"Config: ac_unhealthy_success_ratio_threshold = 0.5 (default)"},"filename":"/home/runner/work/xet-core/xet-core/xet_runtime/src/utils/configuration_utils.rs","line_number":53}
{"timestamp":"2026-06-23T00:17:22.969406Z","level":"INFO","fields":{"message":"Config: ac_max_reference_transmission_size = 64MB (default)"},"filename":"/home/runner/work/xet-core/xet-core/xet_runtime/src/utils/configuration_utils.rs","line_number":53}
{"timestamp":"2026-06-23T00:17:22.969409Z","level":"INFO","fields":{"message":"Config: ac_min_reference_transmission_size = 1MB (default)"},"filename":"/home/runner/work/xet-core/xet-core/xet_runtime/src/utils/configuration_utils.rs","line_number":53}
{"timestamp":"2026-06-23T00:17:22.969412Z","level":"INFO","fields":{"message":"Config: ac_logging_interval_ms = 10000 (default)"},"filename":"/home/runner/work/xet-core/xet-core/xet_runtime/src/utils/configuration_utils.rs","line_number":53}
{"timestamp":"2026-06-23T00:17:22.969415Z","level":"INFO","fields":{"message":"Config: ac_max_upload_concurrency = 64 (default)"},"filename":"/home/runner/work/xet-core/xet-core/xet_runtime/src/utils/configuration_utils.rs","line_number":53}
{"timestamp":"2026-06-23T00:17:22.969418Z","level":"INFO","fields":{"message":"Config: ac_min_upload_concurrency = 1 (default)"},"filename":"/home/runner/work/xet-core/xet-core/xet_runtime/src/utils/configuration_utils.rs","line_number":53}
{"timestamp":"2026-06-23T00:17:22.969421Z","level":"INFO","fields":{"message":"Config: ac_initial_upload_concurrency = 2 (default)"},"filename":"/home/runner/work/xet-core/xet-core/xet_runtime/src/utils/configuration_utils.rs","line_number":53}
{"timestamp":"2026-06-23T00:17:22.969424Z","level":"INFO","fields":{"message":"Config: ac_max_download_concurrency = 64 (default)"},"filename":"/home/runner/work/xet-core/xet-core/xet_runtime/src/utils/configuration_utils.rs","line_number":53}
{"timestamp":"2026-06-23T00:17:22.969427Z","level":"INFO","fields":{"message":"Config: ac_min_download_concurrency = 1 (default)"},"filename":"/home/runner/work/xet-core/xet-core/xet_runtime/src/utils/configuration_utils.rs","line_number":53}
{"timestamp":"2026-06-23T00:17:22.969430Z","level":"INFO","fields":{"message":"Config: ac_initial_download_concurrency = 4 (default)"},"filename":"/home/runner/work/xet-core/xet-core/xet_runtime/src/utils/configuration_utils.rs","line_number":53}
{"timestamp":"2026-06-23T00:17:22.969433Z","level":"INFO","fields":{"message":"Config: unix_socket_path = None (default)"},"filename":"/home/runner/work/xet-core/xet-core/xet_runtime/src/utils/configuration_utils.rs","line_number":53}
{"timestamp":"2026-06-23T00:17:22.969436Z","level":"INFO","fields":{"message":"Config: reconstruction_api_version = None (default)"},"filename":"/home/runner/work/xet-core/xet-core/xet_runtime/src/utils/configuration_utils.rs","line_number":53}
{"timestamp":"2026-06-23T00:17:22.969438Z","level":"INFO","fields":{"message":"Config: enable_multirange_fetching = false (default)"},"filename":"/home/runner/work/xet-core/xet-core/xet_runtime/src/utils/configuration_utils.rs","line_number":53}
{"timestamp":"2026-06-23T00:17:22.969441Z","level":"INFO","fields":{"message":"Config: dest = None (default)"},"filename":"/home/runner/work/xet-core/xet-core/xet_runtime/src/utils/configuration_utils.rs","line_number":53}
{"timestamp":"2026-06-23T00:17:22.969444Z","level":"INFO","fields":{"message":"Config: format = None (default)"},"filename":"/home/runner/work/xet-core/xet-core/xet_runtime/src/utils/configuration_utils.rs","line_number":53}
{"timestamp":"2026-06-23T00:17:22.969446Z","level":"INFO","fields":{"message":"Config: prefix = \"xet\" (default)"},"filename":"/home/runner/work/xet-core/xet-core/xet_runtime/src/utils/configuration_utils.rs","line_number":53}
{"timestamp":"2026-06-23T00:17:22.969449Z","level":"INFO","fields":{"message":"Config: dir_disable_cleanup = false (default)"},"filename":"/home/runner/work/xet-core/xet-core/xet_runtime/src/utils/configuration_utils.rs","line_number":53}
{"timestamp":"2026-06-23T00:17:22.969452Z","level":"INFO","fields":{"message":"Config: dir_max_size = 250MB (default)"},"filename":"/home/runner/work/xet-core/xet-core/xet_runtime/src/utils/configuration_utils.rs","line_number":53}
{"timestamp":"2026-06-23T00:17:22.969455Z","level":"INFO","fields":{"message":"Config: dir_min_deletion_age = 86400s (default)"},"filename":"/home/runner/work/xet-core/xet-core/xet_runtime/src/utils/configuration_utils.rs","line_number":53}
{"timestamp":"2026-06-23T00:17:22.969458Z","level":"INFO","fields":{"message":"Config: dir_max_retention_age = 1209600s (default)"},"filename":"/home/runner/work/xet-core/xet-core/xet_runtime/src/utils/configuration_utils.rs","line_number":53}
{"timestamp":"2026-06-23T00:17:22.969461Z","level":"INFO","fields":{"message":"Config: min_reconstruction_fetch_size = 256MB (default)"},"filename":"/home/runner/work/xet-core/xet-core/xet_runtime/src/utils/configuration_utils.rs","line_number":53}
{"timestamp":"2026-06-23T00:17:22.969464Z","level":"INFO","fields":{"message":"Config: max_reconstruction_fetch_size = 8GB (default)"},"filename":"/home/runner/work/xet-core/xet-core/xet_runtime/src/utils/configuration_utils.rs","line_number":53}
{"timestamp":"2026-06-23T00:17:22.969467Z","level":"INFO","fields":{"message":"Config: download_buffer_size = 2GB (default)"},"filename":"/home/runner/work/xet-core/xet-core/xet_runtime/src/utils/configuration_utils.rs","line_number":53}
{"timestamp":"2026-06-23T00:17:22.969470Z","level":"INFO","fields":{"message":"Config: download_buffer_perfile_size = 512MB (default)"},"filename":"/home/runner/work/xet-core/xet-core/xet_runtime/src/utils/configuration_utils.rs","line_number":53}
{"timestamp":"2026-06-23T00:17:22.969472Z","level":"INFO","fields":{"message":"Config: download_buffer_limit = 8GB (default)"},"filename":"/home/runner/work/xet-core/xet-core/xet_runtime/src/utils/configuration_utils.rs","line_number":53}
{"timestamp":"2026-06-23T00:17:22.969475Z","level":"INFO","fields":{"message":"Config: completion_rate_estimator_half_life = 4.0 (default)"},"filename":"/home/runner/work/xet-core/xet-core/xet_runtime/src/utils/configuration_utils.rs","line_number":53}
{"timestamp":"2026-06-23T00:17:22.969478Z","level":"INFO","fields":{"message":"Config: target_block_completion_time = 900s (default)"},"filename":"/home/runner/work/xet-core/xet-core/xet_runtime/src/utils/configuration_utils.rs","line_number":53}
{"timestamp":"2026-06-23T00:17:22.969481Z","level":"INFO","fields":{"message":"Config: min_prefetch_buffer = 1GB (default)"},"filename":"/home/runner/work/xet-core/xet-core/xet_runtime/src/utils/configuration_utils.rs","line_number":53}
{"timestamp":"2026-06-23T00:17:22.969484Z","level":"INFO","fields":{"message":"Config: use_vectored_write = true (default)"},"filename":"/home/runner/work/xet-core/xet-core/xet_runtime/src/utils/configuration_utils.rs","line_number":53}
{"timestamp":"2026-06-23T00:17:22.969487Z","level":"INFO","fields":{"message":"Config: compression_scheme_retest_interval = 32 (default)"},"filename":"/home/runner/work/xet-core/xet-core/xet_runtime/src/utils/configuration_utils.rs","line_number":53}
{"timestamp":"2026-06-23T00:17:22.969490Z","level":"INFO","fields":{"message":"Config: compression_policy = \"auto\" (default)"},"filename":"/home/runner/work/xet-core/xet-core/xet_runtime/src/utils/config_enum.rs","line_number":174}
{"timestamp":"2026-06-23T00:17:22.969493Z","level":"INFO","fields":{"message":"Config: simulation_max_bytes = None (default)"},"filename":"/home/runner/work/xet-core/xet-core/xet_runtime/src/utils/configuration_utils.rs","line_number":53}
{"timestamp":"2026-06-23T00:17:22.969496Z","level":"INFO","fields":{"message":"Config: simulation_max_chunks = None (default)"},"filename":"/home/runner/work/xet-core/xet-core/xet_runtime/src/utils/configuration_utils.rs","line_number":53}
{"timestamp":"2026-06-23T00:17:22.969503Z","level":"INFO","fields":{"message":"Config: dir_name = \"shard-session\" (default)"},"filename":"/home/runner/work/xet-core/xet-core/xet_runtime/src/utils/configuration_utils.rs","line_number":53}
{"timestamp":"2026-06-23T00:17:22.969506Z","level":"INFO","fields":{"message":"Config: enabled = false (default)"},"filename":"/home/runner/work/xet-core/xet-core/xet_runtime/src/utils/configuration_utils.rs","line_number":53}
{"timestamp":"2026-06-23T00:17:22.969509Z","level":"INFO","fields":{"message":"Config: sample_interval = 5s (default)"},"filename":"/home/runner/work/xet-core/xet-core/xet_runtime/src/utils/configuration_utils.rs","line_number":53}
{"timestamp":"2026-06-23T00:17:22.969512Z","level":"INFO","fields":{"message":"Config: log_path = None (default)"},"filename":"/home/runner/work/xet-core/xet-core/xet_runtime/src/utils/configuration_utils.rs","line_number":53}
{"timestamp":"2026-06-23T00:17:22.969611Z","level":"INFO","fields":{"message":"Using 4 async threads for tokio runtime"},"filename":"/home/runner/work/xet-core/xet-core/xet_runtime/src/core/runtime.rs","line_number":70}
{"timestamp":"2026-06-23T00:17:22.969952Z","level":"INFO","fields":{"message":"Session created, session_id=019ef1d6-be19-79d2-a786-8e8bd20407b1"},"filename":"/home/runner/work/xet-core/xet-core/xet_pkg/src/xet_session/session.rs","line_number":183}
{"timestamp":"2026-06-23T00:17:22.970077Z","level":"INFO","fields":{"message":"CAS auth disabled","caller":"/home/runner/work/xet-core/xet-core/xet_client/src/common/http_client.rs:166"},"filename":"/home/runner/work/xet-core/xet-core/xet_runtime/src/error_printer/mod.rs","line_number":198}
{"timestamp":"2026-06-23T00:17:22.998324Z","level":"INFO","fields":{"message":"Log Directory Cleanup: found 25.661MB of logs in 193 log files, with 24.069MB in 181 files eligible for deletion."},"filename":"/home/runner/work/xet-core/xet-core/xet_runtime/src/logging/init.rs","line_number":319}
{"timestamp":"2026-06-23T00:17:22.998541Z","level":"INFO","fields":{"message":"Log Directory Cleanup: deleted 432.316kB in 177 files"},"filename":"/home/runner/work/xet-core/xet-core/xet_runtime/src/logging/init.rs","line_number":383}
{"timestamp":"2026-06-23T00:17:23.023137Z","level":"INFO","fields":{"message":"HTTP client configured","idle_timeout":"60s","max_idle_connections":16,"custom_headers":"Some({\"authorization\": \"[REDACTED]\", \"user-agent\": \"unknown/None; hf_hub/1.20.1; python/3.11.15; torch/2.12.1\"})"},"filename":"/home/runner/work/xet-core/xet-core/xet_client/src/common/http_client.rs","line_number":187}
{"timestamp":"2026-06-23T00:17:23.023173Z","level":"INFO","fields":{"message":"Retry strategy","max_attempts":5,"base_delay":"3s","no_retry_on_429":false},"filename":"/home/runner/work/xet-core/xet-core/xet_client/src/cas_client/retry_wrapper.rs","line_number":249}
{"timestamp":"2026-06-23T00:17:23.181930Z","level":"INFO","fields":{"message":"Received CAS response","request_id":"Root=1-6a39d093-5b131d9306ab3f0715f0492a","status_code":200},"filename":"/home/runner/work/xet-core/xet-core/xet_client/src/common/http_client.rs","line_number":288}
{"timestamp":"2026-06-23T00:17:23.181965Z","level":"INFO","fields":{"message":"Request Success: xet-token api call succeeded (request id Root=1-6a39d093-5b131d9306ab3f0715f0492a)."},"filename":"/home/runner/work/xet-core/xet-core/xet_client/src/cas_client/retry_wrapper.rs","line_number":210}
{"timestamp":"2026-06-23T00:17:23.182058Z","level":"INFO","fields":{"message":"TranslatorConfig initialized","endpoint":"https://cas-server.xethub.hf.co","session_id":"Some(\"019ef1d6-beee-7940-b8db-2fa55baf8d9b\")","shard_cache":"/home/runner/work/FinAI/FinAI/.hf_cache/xet/https___cas_serv-tGqkUaZf_CBPHQ6h/shard-cache","shard_session":"/home/runner/work/FinAI/FinAI/.hf_cache/xet/https___cas_serv-tGqkUaZf_CBPHQ6h/staging/shard-session"},"filename":"/home/runner/work/xet-core/xet-core/xet_data/src/processing/configurations.rs","line_number":115}
{"timestamp":"2026-06-23T00:17:23.189328Z","level":"INFO","fields":{"message":"HTTP client configured","idle_timeout":"60s","max_idle_connections":16,"custom_headers":"Some({\"user-agent\": \"unknown/None; hf_hub/1.20.1; python/3.11.15; torch/2.12.1; hf_xet/1.5.1\"})"},"filename":"/home/runner/work/xet-core/xet-core/xet_client/src/common/http_client.rs","line_number":187}
{"timestamp":"2026-06-23T00:17:23.189359Z","level":"INFO","fields":{"message":"CAS auth disabled","caller":"/home/runner/work/xet-core/xet-core/xet_client/src/common/http_client.rs:166"},"filename":"/home/runner/work/xet-core/xet-core/xet_runtime/src/error_printer/mod.rs","line_number":198}
{"timestamp":"2026-06-23T00:17:23.189366Z","level":"INFO","fields":{"message":"HTTP client configured","idle_timeout":"60s","max_idle_connections":16,"custom_headers":"Some({\"user-agent\": \"unknown/None; hf_hub/1.20.1; python/3.11.15; torch/2.12.1; hf_xet/1.5.1\"})"},"filename":"/home/runner/work/xet-core/xet-core/xet_client/src/common/http_client.rs","line_number":187}
{"timestamp":"2026-06-23T00:17:23.195982Z","level":"INFO","fields":{"message":"No-read-timeout HTTP client configured (for shard uploads)","connect_timeout":"60s"},"filename":"/home/runner/work/xet-core/xet-core/xet_client/src/common/http_client.rs","line_number":136}
{"timestamp":"2026-06-23T00:17:23.196003Z","level":"INFO","fields":{"message":"Initializing Adaptive Concurrency Controller for upload with starting concurrency = 2; min = 1, max = 64, min_bytes_for_adjustment = 20000000, min_completed_transmissions_for_adjustment = 1"},"filename":"/home/runner/work/xet-core/xet-core/xet_client/src/cas_client/adaptive_concurrency/controller.rs","line_number":301}
{"timestamp":"2026-06-23T00:17:23.196010Z","level":"INFO","fields":{"message":"Initializing Adaptive Concurrency Controller for download with starting concurrency = 4; min = 1, max = 64, min_bytes_for_adjustment = 20000000, min_completed_transmissions_for_adjustment = 1"},"filename":"/home/runner/work/xet-core/xet-core/xet_client/src/cas_client/adaptive_concurrency/controller.rs","line_number":301}
{"timestamp":"2026-06-23T00:17:23.196094Z","level":"INFO","fields":{"message":"New file download group, session_id=019ef1d6-be19-79d2-a786-8e8bd20407b1, group_id=1"},"filename":"/home/runner/work/xet-core/xet-core/xet_pkg/src/xet_session/file_download_group.rs","line_number":61}
{"timestamp":"2026-06-23T00:17:23.196253Z","level":"INFO","fields":{"message":"Download file to path","group_id":"1","dest_path":"\"/home/runner/work/FinAI/FinAI/temp_download/.cache/huggingface/download/checkpoint/rNddXgFQCB-xZSeXgBkzweEA8Qg=.19e30343ab17cc400489f8a453855e7b73bc97f9192f5dacecd66812357d7411.e6b321bc.incomplete\"","hash":"5a9cfd9f0f300c35a3f6a644b00fbc3244e58ae5e5696eb6654c5de72416bf2a"},"filename":"/home/runner/work/xet-core/xet-core/xet_pkg/src/xet_session/file_download_group.rs","line_number":287}
{"timestamp":"2026-06-23T00:17:23.196312Z","level":"INFO","fields":{"message":"Reconstructing file to disk","file_hash":"5a9cfd9f0f300c35a3f6a644b00fbc3244e58ae5e5696eb6654c5de72416bf2a","byte_range":"None","path":"/home/runner/work/FinAI/FinAI/temp_download/.cache/huggingface/download/checkpoint/rNddXgFQCB-xZSeXgBkzweEA8Qg=.19e30343ab17cc400489f8a453855e7b73bc97f9192f5dacecd66812357d7411.e6b321bc.incomplete","write_offset":"None"},"filename":"/home/runner/work/xet-core/xet-core/xet_data/src/file_reconstruction/file_reconstructor.rs","line_number":121}
{"timestamp":"2026-06-23T00:17:23.196445Z","level":"INFO","fields":{"message":"Download group finish","group_id":"1"},"filename":"/home/runner/work/xet-core/xet-core/xet_pkg/src/xet_session/file_download_group.rs","line_number":306}
{"timestamp":"2026-06-23T00:17:23.196461Z","level":"INFO","fields":{"message":"Scheduling prefetch block","file_hash":"5a9cfd9f0f300c35a3f6a644b00fbc3244e58ae5e5696eb6654c5de72416bf2a","prefetch_range":"(0, 256000000)","requested_block_size":256000000,"actual_block_size":256000000,"queue_depth":1},"filename":"/home/runner/work/xet-core/xet-core/xet_data/src/file_reconstruction/reconstruction_terms/manager.rs","line_number":272}
{"timestamp":"2026-06-23T00:17:23.196471Z","level":"INFO","fields":{"message":"Scheduling prefetch block","file_hash":"5a9cfd9f0f300c35a3f6a644b00fbc3244e58ae5e5696eb6654c5de72416bf2a","prefetch_range":"(256000000, 768000000)","requested_block_size":512000000,"actual_block_size":512000000,"queue_depth":2},"filename":"/home/runner/work/xet-core/xet-core/xet_data/src/file_reconstruction/reconstruction_terms/manager.rs","line_number":272}
{"timestamp":"2026-06-23T00:17:23.196479Z","level":"INFO","fields":{"message":"Scheduling prefetch block","file_hash":"5a9cfd9f0f300c35a3f6a644b00fbc3244e58ae5e5696eb6654c5de72416bf2a","prefetch_range":"(768000000, 1024000000)","requested_block_size":256000000,"actual_block_size":256000000,"queue_depth":3},"filename":"/home/runner/work/xet-core/xet-core/xet_data/src/file_reconstruction/reconstruction_terms/manager.rs","line_number":272}
{"timestamp":"2026-06-23T00:17:23.196500Z","level":"INFO","fields":{"message":"Starting get_reconstruction API call","call_id":1,"file_id":"5a9cfd9f0f300c35a3f6a644b00fbc3244e58ae5e5696eb6654c5de72416bf2a","bytes_range":"Some(Range { start: 768000000, end: 1024000000 })","api_version":"v2"},"filename":"/home/runner/work/xet-core/xet-core/xet_client/src/cas_client/remote_client.rs","line_number":210}
{"timestamp":"2026-06-23T00:17:23.196511Z","level":"INFO","fields":{"message":"Retry strategy","max_attempts":5,"base_delay":"3s","no_retry_on_429":false},"filename":"/home/runner/work/xet-core/xet-core/xet_client/src/cas_client/retry_wrapper.rs","line_number":249}
{"timestamp":"2026-06-23T00:17:23.196516Z","level":"INFO","fields":{"message":"Starting get_reconstruction API call","call_id":2,"file_id":"5a9cfd9f0f300c35a3f6a644b00fbc3244e58ae5e5696eb6654c5de72416bf2a","bytes_range":"Some(Range { start: 256000000, end: 768000000 })","api_version":"v2"},"filename":"/home/runner/work/xet-core/xet-core/xet_client/src/cas_client/remote_client.rs","line_number":210}
{"timestamp":"2026-06-23T00:17:23.196520Z","level":"INFO","fields":{"message":"Starting get_reconstruction API call","call_id":3,"file_id":"5a9cfd9f0f300c35a3f6a644b00fbc3244e58ae5e5696eb6654c5de72416bf2a","bytes_range":"Some(Range { start: 0, end: 256000000 })","api_version":"v2"},"filename":"/home/runner/work/xet-core/xet-core/xet_client/src/cas_client/remote_client.rs","line_number":210}
{"timestamp":"2026-06-23T00:17:23.196528Z","level":"INFO","fields":{"message":"Retry strategy","max_attempts":5,"base_delay":"3s","no_retry_on_429":false},"filename":"/home/runner/work/xet-core/xet-core/xet_client/src/cas_client/retry_wrapper.rs","line_number":249}
{"timestamp":"2026-06-23T00:17:23.196531Z","level":"INFO","fields":{"message":"Retry strategy","max_attempts":5,"base_delay":"3s","no_retry_on_429":false},"filename":"/home/runner/work/xet-core/xet-core/xet_client/src/cas_client/retry_wrapper.rs","line_number":249}
{"timestamp":"2026-06-23T00:17:23.453473Z","level":"INFO","fields":{"message":"Received CAS response","request_id":"01KVRXDFZ0R380NWJPGAP22FPG","status_code":416},"filename":"/home/runner/work/xet-core/xet-core/xet_client/src/common/http_client.rs","line_number":288}
{"timestamp":"2026-06-23T00:17:23.453516Z","level":"INFO","fields":{"message":"Reached end of reconstruction 416 (Range Not Satisfiable): \"cas::get_reconstruction_v2\" api call failed (request id 01KVRXDFZ0R380NWJPGAP22FPG): HTTP status client error (416 Range Not Satisfiable) for url (https://cas-server.xethub.hf.co/v2/reconstructions/5a9cfd9f0f300c35a3f6a644b00fbc3244e58ae5e5696eb6654c5de72416bf2a)"},"filename":"/home/runner/work/xet-core/xet-core/xet_client/src/cas_client/retry_wrapper.rs","line_number":162}
{"timestamp":"2026-06-23T00:17:23.885270Z","level":"INFO","fields":{"message":"CAS auth disabled","caller":"/home/runner/work/xet-core/xet-core/xet_client/src/common/http_client.rs:166"},"filename":"/home/runner/work/xet-core/xet-core/xet_runtime/src/error_printer/mod.rs","line_number":198}
{"timestamp":"2026-06-23T00:17:23.892223Z","level":"INFO","fields":{"message":"HTTP client configured","idle_timeout":"60s","max_idle_connections":16,"custom_headers":"Some({\"user-agent\": \"unknown/None; hf_hub/1.20.1; python/3.11.15; torch/2.12.1\", \"authorization\": \"[REDACTED]\"})"},"filename":"/home/runner/work/xet-core/xet-core/xet_client/src/common/http_client.rs","line_number":187}
{"timestamp":"2026-06-23T00:17:23.892247Z","level":"INFO","fields":{"message":"Retry strategy","max_attempts":5,"base_delay":"3s","no_retry_on_429":false},"filename":"/home/runner/work/xet-core/xet-core/xet_client/src/cas_client/retry_wrapper.rs","line_number":249}
{"timestamp":"2026-06-23T00:17:24.007534Z","level":"INFO","fields":{"message":"Received CAS response","request_id":"Root=1-6a39d093-20304e3f0d4c6e8b65ec2ead","status_code":200},"filename":"/home/runner/work/xet-core/xet-core/xet_client/src/common/http_client.rs","line_number":288}
{"timestamp":"2026-06-23T00:17:24.007557Z","level":"INFO","fields":{"message":"Request Success: xet-token api call succeeded (request id Root=1-6a39d093-20304e3f0d4c6e8b65ec2ead)."},"filename":"/home/runner/work/xet-core/xet-core/xet_client/src/cas_client/retry_wrapper.rs","line_number":210}
{"timestamp":"2026-06-23T00:17:24.007630Z","level":"INFO","fields":{"message":"TranslatorConfig initialized","endpoint":"https://cas-server.xethub.hf.co","session_id":"Some(\"019ef1d6-c227-7c61-8fca-3c1bcb309dca\")","shard_cache":"/home/runner/work/FinAI/FinAI/.hf_cache/xet/https___cas_serv-tGqkUaZf_CBPHQ6h/shard-cache","shard_session":"/home/runner/work/FinAI/FinAI/.hf_cache/xet/https___cas_serv-tGqkUaZf_CBPHQ6h/staging/shard-session"},"filename":"/home/runner/work/xet-core/xet-core/xet_data/src/processing/configurations.rs","line_number":115}
{"timestamp":"2026-06-23T00:17:24.014670Z","level":"INFO","fields":{"message":"HTTP client configured","idle_timeout":"60s","max_idle_connections":16,"custom_headers":"Some({\"user-agent\": \"unknown/None; hf_hub/1.20.1; python/3.11.15; torch/2.12.1; hf_xet/1.5.1\"})"},"filename":"/home/runner/work/xet-core/xet-core/xet_client/src/common/http_client.rs","line_number":187}
{"timestamp":"2026-06-23T00:17:24.014686Z","level":"INFO","fields":{"message":"CAS auth disabled","caller":"/home/runner/work/xet-core/xet-core/xet_client/src/common/http_client.rs:166"},"filename":"/home/runner/work/xet-core/xet-core/xet_runtime/src/error_printer/mod.rs","line_number":198}
{"timestamp":"2026-06-23T00:17:24.014690Z","level":"INFO","fields":{"message":"HTTP client configured","idle_timeout":"60s","max_idle_connections":16,"custom_headers":"Some({\"user-agent\": \"unknown/None; hf_hub/1.20.1; python/3.11.15; torch/2.12.1; hf_xet/1.5.1\"})"},"filename":"/home/runner/work/xet-core/xet-core/xet_client/src/common/http_client.rs","line_number":187}
{"timestamp":"2026-06-23T00:17:24.021044Z","level":"INFO","fields":{"message":"No-read-timeout HTTP client configured (for shard uploads)","connect_timeout":"60s"},"filename":"/home/runner/work/xet-core/xet-core/xet_client/src/common/http_client.rs","line_number":136}
{"timestamp":"2026-06-23T00:17:24.021056Z","level":"INFO","fields":{"message":"Initializing Adaptive Concurrency Controller for upload with starting concurrency = 2; min = 1, max = 64, min_bytes_for_adjustment = 20000000, min_completed_transmissions_for_adjustment = 1"},"filename":"/home/runner/work/xet-core/xet-core/xet_client/src/cas_client/adaptive_concurrency/controller.rs","line_number":301}
{"timestamp":"2026-06-23T00:17:24.021061Z","level":"INFO","fields":{"message":"Initializing Adaptive Concurrency Controller for download with starting concurrency = 4; min = 1, max = 64, min_bytes_for_adjustment = 20000000, min_completed_transmissions_for_adjustment = 1"},"filename":"/home/runner/work/xet-core/xet-core/xet_client/src/cas_client/adaptive_concurrency/controller.rs","line_number":301}
{"timestamp":"2026-06-23T00:17:24.021114Z","level":"INFO","fields":{"message":"New file download group, session_id=019ef1d6-be19-79d2-a786-8e8bd20407b1, group_id=3"},"filename":"/home/runner/work/xet-core/xet-core/xet_pkg/src/xet_session/file_download_group.rs","line_number":61}
{"timestamp":"2026-06-23T00:17:24.021197Z","level":"INFO","fields":{"message":"Download file to path","group_id":"3","dest_path":"\"/home/runner/work/FinAI/FinAI/temp_download/.cache/huggingface/download/checkpoint/xGOKKLRSlIhH692hSVvI1-gpoa8=.9ed81922e9cf9c31327e0bae06955758a309e5dfd79714f545ce3f9fe03b6456.e7770147.incomplete\"","hash":"7a3b9c009ba65e034578d44b4f887376707f68e1577ce268c70bd88d9a6c527f"},"filename":"/home/runner/work/xet-core/xet-core/xet_pkg/src/xet_session/file_download_group.rs","line_number":287}
{"timestamp":"2026-06-23T00:17:24.021272Z","level":"INFO","fields":{"message":"Reconstructing file to disk","file_hash":"7a3b9c009ba65e034578d44b4f887376707f68e1577ce268c70bd88d9a6c527f","byte_range":"None","path":"/home/runner/work/FinAI/FinAI/temp_download/.cache/huggingface/download/checkpoint/xGOKKLRSlIhH692hSVvI1-gpoa8=.9ed81922e9cf9c31327e0bae06955758a309e5dfd79714f545ce3f9fe03b6456.e7770147.incomplete","write_offset":"None"},"filename":"/home/runner/work/xet-core/xet-core/xet_data/src/file_reconstruction/file_reconstructor.rs","line_number":121}
{"timestamp":"2026-06-23T00:17:24.021330Z","level":"INFO","fields":{"message":"Download group finish","group_id":"3"},"filename":"/home/runner/work/xet-core/xet-core/xet_pkg/src/xet_session/file_download_group.rs","line_number":306}
{"timestamp":"2026-06-23T00:17:24.021395Z","level":"INFO","fields":{"message":"Scheduling prefetch block","file_hash":"7a3b9c009ba65e034578d44b4f887376707f68e1577ce268c70bd88d9a6c527f","prefetch_range":"(0, 256000000)","requested_block_size":256000000,"actual_block_size":256000000,"queue_depth":1},"filename":"/home/runner/work/xet-core/xet-core/xet_data/src/file_reconstruction/reconstruction_terms/manager.rs","line_number":272}
{"timestamp":"2026-06-23T00:17:24.021410Z","level":"INFO","fields":{"message":"Scheduling prefetch block","file_hash":"7a3b9c009ba65e034578d44b4f887376707f68e1577ce268c70bd88d9a6c527f","prefetch_range":"(256000000, 768000000)","requested_block_size":512000000,"actual_block_size":512000000,"queue_depth":2},"filename":"/home/runner/work/xet-core/xet-core/xet_data/src/file_reconstruction/reconstruction_terms/manager.rs","line_number":272}
{"timestamp":"2026-06-23T00:17:24.021422Z","level":"INFO","fields":{"message":"Scheduling prefetch block","file_hash":"7a3b9c009ba65e034578d44b4f887376707f68e1577ce268c70bd88d9a6c527f","prefetch_range":"(768000000, 1024000000)","requested_block_size":256000000,"actual_block_size":256000000,"queue_depth":3},"filename":"/home/runner/work/xet-core/xet-core/xet_data/src/file_reconstruction/reconstruction_terms/manager.rs","line_number":272}
{"timestamp":"2026-06-23T00:17:24.021439Z","level":"INFO","fields":{"message":"Starting get_reconstruction API call","call_id":4,"file_id":"7a3b9c009ba65e034578d44b4f887376707f68e1577ce268c70bd88d9a6c527f","bytes_range":"Some(Range { start: 768000000, end: 1024000000 })","api_version":"v2"},"filename":"/home/runner/work/xet-core/xet-core/xet_client/src/cas_client/remote_client.rs","line_number":210}
{"timestamp":"2026-06-23T00:17:24.021446Z","level":"INFO","fields":{"message":"Starting get_reconstruction API call","call_id":5,"file_id":"7a3b9c009ba65e034578d44b4f887376707f68e1577ce268c70bd88d9a6c527f","bytes_range":"Some(Range { start: 0, end: 256000000 })","api_version":"v2"},"filename":"/home/runner/work/xet-core/xet-core/xet_client/src/cas_client/remote_client.rs","line_number":210}
{"timestamp":"2026-06-23T00:17:24.021452Z","level":"INFO","fields":{"message":"Retry strategy","max_attempts":5,"base_delay":"3s","no_retry_on_429":false},"filename":"/home/runner/work/xet-core/xet-core/xet_client/src/cas_client/retry_wrapper.rs","line_number":249}
{"timestamp":"2026-06-23T00:17:24.021454Z","level":"INFO","fields":{"message":"Retry strategy","max_attempts":5,"base_delay":"3s","no_retry_on_429":false},"filename":"/home/runner/work/xet-core/xet-core/xet_client/src/cas_client/retry_wrapper.rs","line_number":249}
{"timestamp":"2026-06-23T00:17:24.021467Z","level":"INFO","fields":{"message":"Starting get_reconstruction API call","call_id":6,"file_id":"7a3b9c009ba65e034578d44b4f887376707f68e1577ce268c70bd88d9a6c527f","bytes_range":"Some(Range { start: 256000000, end: 768000000 })","api_version":"v2"},"filename":"/home/runner/work/xet-core/xet-core/xet_client/src/cas_client/remote_client.rs","line_number":210}
{"timestamp":"2026-06-23T00:17:24.021474Z","level":"INFO","fields":{"message":"Retry strategy","max_attempts":5,"base_delay":"3s","no_retry_on_429":false},"filename":"/home/runner/work/xet-core/xet-core/xet_client/src/cas_client/retry_wrapper.rs","line_number":249}
{"timestamp":"2026-06-23T00:17:24.135974Z","level":"INFO","fields":{"message":"Received CAS response","request_id":"01KVRXDFYXQ3GF8QS8BTS6BR3G","status_code":200},"filename":"/home/runner/work/xet-core/xet-core/xet_client/src/common/http_client.rs","line_number":288}
{"timestamp":"2026-06-23T00:17:24.135997Z","level":"INFO","fields":{"message":"Request Success: cas::get_reconstruction_v2 api call succeeded (request id 01KVRXDFYXQ3GF8QS8BTS6BR3G)."},"filename":"/home/runner/work/xet-core/xet-core/xet_client/src/cas_client/retry_wrapper.rs","line_number":210}
{"timestamp":"2026-06-23T00:17:24.136030Z","level":"INFO","fields":{"message":"Completed get_reconstruction API call","call_id":3,"file_id":"5a9cfd9f0f300c35a3f6a644b00fbc3244e58ae5e5696eb6654c5de72416bf2a","bytes_range":"Some(Range { start: 0, end: 256000000 })","api_version":"v2"},"filename":"/home/runner/work/xet-core/xet-core/xet_client/src/cas_client/remote_client.rs","line_number":234}
{"timestamp":"2026-06-23T00:17:24.136095Z","level":"INFO","fields":{"message":"Received block of file terms from prefetch queue","file_hash":"5a9cfd9f0f300c35a3f6a644b00fbc3244e58ae5e5696eb6654c5de72416bf2a","domain":"transfer.xethub.hf.co","block_start":0,"block_end":256000000,"block_size":4},"filename":"/home/runner/work/xet-core/xet-core/xet_data/src/file_reconstruction/reconstruction_terms/manager.rs","line_number":151}
{"timestamp":"2026-06-23T00:17:24.136135Z","level":"INFO","fields":{"message":"Updated completion rate estimate based on previous block completion time (seconds).","file_hash":"5a9cfd9f0f300c35a3f6a644b00fbc3244e58ae5e5696eb6654c5de72416bf2a","block_start":0,"block_end":256000000,"block_size":256000000,"completion_time":0.000039708},"filename":"/home/runner/work/xet-core/xet-core/xet_data/src/file_reconstruction/reconstruction_terms/manager.rs","line_number":104}
{"timestamp":"2026-06-23T00:17:24.136150Z","level":"INFO","fields":{"message":"Retry strategy","max_attempts":5,"base_delay":"3s","no_retry_on_429":false},"filename":"/home/runner/work/xet-core/xet-core/xet_client/src/cas_client/retry_wrapper.rs","line_number":249}
{"timestamp":"2026-06-23T00:17:24.136151Z","level":"INFO","fields":{"message":"Retry strategy","max_attempts":5,"base_delay":"3s","no_retry_on_429":false},"filename":"/home/runner/work/xet-core/xet-core/xet_client/src/cas_client/retry_wrapper.rs","line_number":249}
{"timestamp":"2026-06-23T00:17:24.136162Z","level":"INFO","fields":{"message":"Retry strategy","max_attempts":5,"base_delay":"3s","no_retry_on_429":false},"filename":"/home/runner/work/xet-core/xet-core/xet_client/src/cas_client/retry_wrapper.rs","line_number":249}
{"timestamp":"2026-06-23T00:17:24.136174Z","level":"INFO","fields":{"message":"Retry strategy","max_attempts":5,"base_delay":"3s","no_retry_on_429":false},"filename":"/home/runner/work/xet-core/xet-core/xet_client/src/cas_client/retry_wrapper.rs","line_number":249}
{"timestamp":"2026-06-23T00:17:24.263887Z","level":"INFO","fields":{"message":"Received CAS response","request_id":"","status_code":206},"filename":"/home/runner/work/xet-core/xet-core/xet_client/src/common/http_client.rs","line_number":288}
{"timestamp":"2026-06-23T00:17:24.263911Z","level":"INFO","fields":{"message":"Request Success: s3::get_range api call succeeded (request id )."},"filename":"/home/runner/work/xet-core/xet-core/xet_client/src/cas_client/retry_wrapper.rs","line_number":210}
{"timestamp":"2026-06-23T00:17:24.263969Z","level":"INFO","fields":{"message":"Received CAS response","request_id":"","status_code":206},"filename":"/home/runner/work/xet-core/xet-core/xet_client/src/common/http_client.rs","line_number":288}
{"timestamp":"2026-06-23T00:17:24.263973Z","level":"INFO","fields":{"message":"Request Success: s3::get_range api call succeeded (request id )."},"filename":"/home/runner/work/xet-core/xet-core/xet_client/src/cas_client/retry_wrapper.rs","line_number":210}
{"timestamp":"2026-06-23T00:17:24.265238Z","level":"INFO","fields":{"message":"Received CAS response","request_id":"","status_code":206},"filename":"/home/runner/work/xet-core/xet-core/xet_client/src/common/http_client.rs","line_number":288}
{"timestamp":"2026-06-23T00:17:24.265251Z","level":"INFO","fields":{"message":"Request Success: s3::get_range api call succeeded (request id )."},"filename":"/home/runner/work/xet-core/xet-core/xet_client/src/cas_client/retry_wrapper.rs","line_number":210}
{"timestamp":"2026-06-23T00:17:24.268879Z","level":"INFO","fields":{"message":"Received CAS response","request_id":"","status_code":206},"filename":"/home/runner/work/xet-core/xet-core/xet_client/src/common/http_client.rs","line_number":288}
{"timestamp":"2026-06-23T00:17:24.268896Z","level":"INFO","fields":{"message":"Request Success: s3::get_range api call succeeded (request id )."},"filename":"/home/runner/work/xet-core/xet-core/xet_client/src/cas_client/retry_wrapper.rs","line_number":210}
{"timestamp":"2026-06-23T00:17:24.370038Z","level":"INFO","fields":{"message":"Received CAS response","request_id":"01KVRXDFYY3DQQFQYB78Z4TDVX","status_code":200},"filename":"/home/runner/work/xet-core/xet-core/xet_client/src/common/http_client.rs","line_number":288}
{"timestamp":"2026-06-23T00:17:24.370059Z","level":"INFO","fields":{"message":"Request Success: cas::get_reconstruction_v2 api call succeeded (request id 01KVRXDFYY3DQQFQYB78Z4TDVX)."},"filename":"/home/runner/work/xet-core/xet-core/xet_client/src/cas_client/retry_wrapper.rs","line_number":210}
{"timestamp":"2026-06-23T00:17:24.370121Z","level":"INFO","fields":{"message":"Completed get_reconstruction API call","call_id":2,"file_id":"5a9cfd9f0f300c35a3f6a644b00fbc3244e58ae5e5696eb6654c5de72416bf2a","bytes_range":"Some(Range { start: 256000000, end: 768000000 })","api_version":"v2"},"filename":"/home/runner/work/xet-core/xet-core/xet_client/src/cas_client/remote_client.rs","line_number":234}
{"timestamp":"2026-06-23T00:17:24.370168Z","level":"INFO","fields":{"message":"Received block of file terms from prefetch queue","file_hash":"5a9cfd9f0f300c35a3f6a644b00fbc3244e58ae5e5696eb6654c5de72416bf2a","domain":"transfer.xethub.hf.co","block_start":256000000,"block_end":729888705,"block_size":11},"filename":"/home/runner/work/xet-core/xet-core/xet_data/src/file_reconstruction/reconstruction_terms/manager.rs","line_number":151}
{"timestamp":"2026-06-23T00:17:24.370211Z","level":"INFO","fields":{"message":"Updated completion rate estimate based on previous block completion time (seconds).","file_hash":"5a9cfd9f0f300c35a3f6a644b00fbc3244e58ae5e5696eb6654c5de72416bf2a","block_start":256000000,"block_end":729888705,"block_size":473888705,"completion_time":0.000042543},"filename":"/home/runner/work/xet-core/xet-core/xet_data/src/file_reconstruction/reconstruction_terms/manager.rs","line_number":104}
{"timestamp":"2026-06-23T00:17:24.370224Z","level":"INFO","fields":{"message":"Completed prefetch queue; end of file reached.","file_hash":"5a9cfd9f0f300c35a3f6a644b00fbc3244e58ae5e5696eb6654c5de72416bf2a","prefetched_byte_position":1024000000},"filename":"/home/runner/work/xet-core/xet-core/xet_data/src/file_reconstruction/reconstruction_terms/manager.rs","line_number":178}
{"timestamp":"2026-06-23T00:17:24.370228Z","level":"INFO","fields":{"message":"All term blocks received and scheduled for writing","file_hash":"5a9cfd9f0f300c35a3f6a644b00fbc3244e58ae5e5696eb6654c5de72416bf2a","block_count":2,"total_terms_processed":15,"total_bytes_scheduled":729888705},"filename":"/home/runner/work/xet-core/xet-core/xet_data/src/file_reconstruction/run_state.rs","line_number":150}
{"timestamp":"2026-06-23T00:17:24.697050Z","level":"INFO","fields":{"message":"Received CAS response","request_id":"01KVRXDGQXB1VXTNDKWMP8GTMP","status_code":200},"filename":"/home/runner/work/xet-core/xet-core/xet_client/src/common/http_client.rs","line_number":288}
{"timestamp":"2026-06-23T00:17:24.697072Z","level":"INFO","fields":{"message":"Request Success: cas::get_reconstruction_v2 api call succeeded (request id 01KVRXDGQXB1VXTNDKWMP8GTMP)."},"filename":"/home/runner/work/xet-core/xet-core/xet_client/src/cas_client/retry_wrapper.rs","line_number":210}
{"timestamp":"2026-06-23T00:17:24.697111Z","level":"INFO","fields":{"message":"Completed get_reconstruction API call","call_id":5,"file_id":"7a3b9c009ba65e034578d44b4f887376707f68e1577ce268c70bd88d9a6c527f","bytes_range":"Some(Range { start: 0, end: 256000000 })","api_version":"v2"},"filename":"/home/runner/work/xet-core/xet-core/xet_client/src/cas_client/remote_client.rs","line_number":234}
{"timestamp":"2026-06-23T00:17:24.697154Z","level":"INFO","fields":{"message":"Received block of file terms from prefetch queue","file_hash":"7a3b9c009ba65e034578d44b4f887376707f68e1577ce268c70bd88d9a6c527f","domain":"transfer.xethub.hf.co","block_start":0,"block_end":256000000,"block_size":4},"filename":"/home/runner/work/xet-core/xet-core/xet_data/src/file_reconstruction/reconstruction_terms/manager.rs","line_number":151}
{"timestamp":"2026-06-23T00:17:24.697188Z","level":"INFO","fields":{"message":"Updated completion rate estimate based on previous block completion time (seconds).","file_hash":"7a3b9c009ba65e034578d44b4f887376707f68e1577ce268c70bd88d9a6c527f","block_start":0,"block_end":256000000,"block_size":256000000,"completion_time":0.000033389},"filename":"/home/runner/work/xet-core/xet-core/xet_data/src/file_reconstruction/reconstruction_terms/manager.rs","line_number":104}
{"timestamp":"2026-06-23T00:17:24.697198Z","level":"INFO","fields":{"message":"Scheduling prefetch block","file_hash":"7a3b9c009ba65e034578d44b4f887376707f68e1577ce268c70bd88d9a6c527f","prefetch_range":"(1024000000, 9024000000)","requested_block_size":8000000000,"actual_block_size":8000000000,"queue_depth":3},"filename":"/home/runner/work/xet-core/xet-core/xet_data/src/file_reconstruction/reconstruction_terms/manager.rs","line_number":272}
{"timestamp":"2026-06-23T00:17:24.697251Z","level":"INFO","fields":{"message":"Retry strategy","max_attempts":5,"base_delay":"3s","no_retry_on_429":false},"filename":"/home/runner/work/xet-core/xet-core/xet_client/src/cas_client/retry_wrapper.rs","line_number":249}
{"timestamp":"2026-06-23T00:17:24.697264Z","level":"INFO","fields":{"message":"Starting get_reconstruction API call","call_id":7,"file_id":"7a3b9c009ba65e034578d44b4f887376707f68e1577ce268c70bd88d9a6c527f","bytes_range":"Some(Range { start: 1024000000, end: 9024000000 })","api_version":"v2"},"filename":"/home/runner/work/xet-core/xet-core/xet_client/src/cas_client/remote_client.rs","line_number":210}
{"timestamp":"2026-06-23T00:17:24.697269Z","level":"INFO","fields":{"message":"Retry strategy","max_attempts":5,"base_delay":"3s","no_retry_on_429":false},"filename":"/home/runner/work/xet-core/xet-core/xet_client/src/cas_client/retry_wrapper.rs","line_number":249}
{"timestamp":"2026-06-23T00:17:24.697327Z","level":"INFO","fields":{"message":"Retry strategy","max_attempts":5,"base_delay":"3s","no_retry_on_429":false},"filename":"/home/runner/work/xet-core/xet-core/xet_client/src/cas_client/retry_wrapper.rs","line_number":249}
{"timestamp":"2026-06-23T00:17:24.697361Z","level":"INFO","fields":{"message":"Retry strategy","max_attempts":5,"base_delay":"3s","no_retry_on_429":false},"filename":"/home/runner/work/xet-core/xet-core/xet_client/src/cas_client/retry_wrapper.rs","line_number":249}
{"timestamp":"2026-06-23T00:17:24.697381Z","level":"INFO","fields":{"message":"Retry strategy","max_attempts":5,"base_delay":"3s","no_retry_on_429":false},"filename":"/home/runner/work/xet-core/xet-core/xet_client/src/cas_client/retry_wrapper.rs","line_number":249}
{"timestamp":"2026-06-23T00:17:24.704692Z","level":"INFO","fields":{"message":"Concurrency control for download: Increased concurrency from 4 to 5; reason: success ratio 1.000 is above threshold 0.800 and predicted RTT for 61MB at new concurrency is 0.68s < target 60.0s"},"filename":"/home/runner/work/xet-core/xet-core/xet_client/src/cas_client/adaptive_concurrency/controller.rs","line_number":543}
{"timestamp":"2026-06-23T00:17:24.704719Z","level":"INFO","fields":{"message":"Retry strategy","max_attempts":5,"base_delay":"3s","no_retry_on_429":false},"filename":"/home/runner/work/xet-core/xet-core/xet_client/src/cas_client/retry_wrapper.rs","line_number":249}
{"timestamp":"2026-06-23T00:17:24.704733Z","level":"INFO","fields":{"message":"Retry strategy","max_attempts":5,"base_delay":"3s","no_retry_on_429":false},"filename":"/home/runner/work/xet-core/xet-core/xet_client/src/cas_client/retry_wrapper.rs","line_number":249}
{"timestamp":"2026-06-23T00:17:24.718003Z","level":"INFO","fields":{"message":"Retry strategy","max_attempts":5,"base_delay":"3s","no_retry_on_429":false},"filename":"/home/runner/work/xet-core/xet-core/xet_client/src/cas_client/retry_wrapper.rs","line_number":249}
{"timestamp":"2026-06-23T00:17:24.722459Z","level":"INFO","fields":{"message":"Retry strategy","max_attempts":5,"base_delay":"3s","no_retry_on_429":false},"filename":"/home/runner/work/xet-core/xet-core/xet_client/src/cas_client/retry_wrapper.rs","line_number":249}
{"timestamp":"2026-06-23T00:17:24.750291Z","level":"INFO","fields":{"message":"Received CAS response","request_id":"01KVRXDH7HJG0NBXKM0XG0382F","status_code":416},"filename":"/home/runner/work/xet-core/xet-core/xet_client/src/common/http_client.rs","line_number":288}
{"timestamp":"2026-06-23T00:17:24.750322Z","level":"INFO","fields":{"message":"Reached end of reconstruction 416 (Range Not Satisfiable): \"cas::get_reconstruction_v2\" api call failed (request id 01KVRXDH7HJG0NBXKM0XG0382F): HTTP status client error (416 Range Not Satisfiable) for url (https://cas-server.xethub.hf.co/v2/reconstructions/7a3b9c009ba65e034578d44b4f887376707f68e1577ce268c70bd88d9a6c527f)"},"filename":"/home/runner/work/xet-core/xet-core/xet_client/src/cas_client/retry_wrapper.rs","line_number":162}
{"timestamp":"2026-06-23T00:17:24.750669Z","level":"INFO","fields":{"message":"Received CAS response","request_id":"","status_code":206},"filename":"/home/runner/work/xet-core/xet-core/xet_client/src/common/http_client.rs","line_number":288}
{"timestamp":"2026-06-23T00:17:24.750684Z","level":"INFO","fields":{"message":"Request Success: s3::get_range api call succeeded (request id )."},"filename":"/home/runner/work/xet-core/xet-core/xet_client/src/cas_client/retry_wrapper.rs","line_number":210}
{"timestamp":"2026-06-23T00:17:24.755418Z","level":"INFO","fields":{"message":"Retry strategy","max_attempts":5,"base_delay":"3s","no_retry_on_429":false},"filename":"/home/runner/work/xet-core/xet-core/xet_client/src/cas_client/retry_wrapper.rs","line_number":249}
{"timestamp":"2026-06-23T00:17:24.765387Z","level":"INFO","fields":{"message":"Received CAS response","request_id":"","status_code":206},"filename":"/home/runner/work/xet-core/xet-core/xet_client/src/common/http_client.rs","line_number":288}
{"timestamp":"2026-06-23T00:17:24.765408Z","level":"INFO","fields":{"message":"Request Success: s3::get_range api call succeeded (request id )."},"filename":"/home/runner/work/xet-core/xet-core/xet_client/src/cas_client/retry_wrapper.rs","line_number":210}
{"timestamp":"2026-06-23T00:17:24.769050Z","level":"INFO","fields":{"message":"Received CAS response","request_id":"","status_code":206},"filename":"/home/runner/work/xet-core/xet-core/xet_client/src/common/http_client.rs","line_number":288}
{"timestamp":"2026-06-23T00:17:24.769070Z","level":"INFO","fields":{"message":"Request Success: s3::get_range api call succeeded (request id )."},"filename":"/home/runner/work/xet-core/xet-core/xet_client/src/cas_client/retry_wrapper.rs","line_number":210}
{"timestamp":"2026-06-23T00:17:24.799306Z","level":"INFO","fields":{"message":"Received CAS response","request_id":"","status_code":206},"filename":"/home/runner/work/xet-core/xet-core/xet_client/src/common/http_client.rs","line_number":288}
{"timestamp":"2026-06-23T00:17:24.799331Z","level":"INFO","fields":{"message":"Request Success: s3::get_range api call succeeded (request id )."},"filename":"/home/runner/work/xet-core/xet-core/xet_client/src/cas_client/retry_wrapper.rs","line_number":210}
{"timestamp":"2026-06-23T00:17:24.799333Z","level":"INFO","fields":{"message":"Received CAS response","request_id":"","status_code":206},"filename":"/home/runner/work/xet-core/xet-core/xet_client/src/common/http_client.rs","line_number":288}
{"timestamp":"2026-06-23T00:17:24.799338Z","level":"INFO","fields":{"message":"Request Success: s3::get_range api call succeeded (request id )."},"filename":"/home/runner/work/xet-core/xet-core/xet_client/src/cas_client/retry_wrapper.rs","line_number":210}
{"timestamp":"2026-06-23T00:17:24.804360Z","level":"INFO","fields":{"message":"Received CAS response","request_id":"","status_code":206},"filename":"/home/runner/work/xet-core/xet-core/xet_client/src/common/http_client.rs","line_number":288}
{"timestamp":"2026-06-23T00:17:24.804374Z","level":"INFO","fields":{"message":"Request Success: s3::get_range api call succeeded (request id )."},"filename":"/home/runner/work/xet-core/xet-core/xet_client/src/cas_client/retry_wrapper.rs","line_number":210}
{"timestamp":"2026-06-23T00:17:24.804943Z","level":"INFO","fields":{"message":"Received CAS response","request_id":"","status_code":206},"filename":"/home/runner/work/xet-core/xet-core/xet_client/src/common/http_client.rs","line_number":288}
{"timestamp":"2026-06-23T00:17:24.804970Z","level":"INFO","fields":{"message":"Request Success: s3::get_range api call succeeded (request id )."},"filename":"/home/runner/work/xet-core/xet-core/xet_client/src/cas_client/retry_wrapper.rs","line_number":210}
{"timestamp":"2026-06-23T00:17:24.810306Z","level":"INFO","fields":{"message":"Received CAS response","request_id":"01KVRXDGQZ4NAP5N29JWWJDGQG","status_code":200},"filename":"/home/runner/work/xet-core/xet-core/xet_client/src/common/http_client.rs","line_number":288}
{"timestamp":"2026-06-23T00:17:24.810336Z","level":"INFO","fields":{"message":"Request Success: cas::get_reconstruction_v2 api call succeeded (request id 01KVRXDGQZ4NAP5N29JWWJDGQG)."},"filename":"/home/runner/work/xet-core/xet-core/xet_client/src/cas_client/retry_wrapper.rs","line_number":210}
{"timestamp":"2026-06-23T00:17:24.810419Z","level":"INFO","fields":{"message":"Completed get_reconstruction API call","call_id":6,"file_id":"7a3b9c009ba65e034578d44b4f887376707f68e1577ce268c70bd88d9a6c527f","bytes_range":"Some(Range { start: 256000000, end: 768000000 })","api_version":"v2"},"filename":"/home/runner/work/xet-core/xet-core/xet_client/src/cas_client/remote_client.rs","line_number":234}
{"timestamp":"2026-06-23T00:17:24.810488Z","level":"INFO","fields":{"message":"Received block of file terms from prefetch queue","file_hash":"7a3b9c009ba65e034578d44b4f887376707f68e1577ce268c70bd88d9a6c527f","domain":"transfer.xethub.hf.co","block_start":256000000,"block_end":768000000,"block_size":24},"filename":"/home/runner/work/xet-core/xet-core/xet_data/src/file_reconstruction/reconstruction_terms/manager.rs","line_number":151}
{"timestamp":"2026-06-23T00:17:24.810604Z","level":"INFO","fields":{"message":"Updated completion rate estimate based on previous block completion time (seconds).","file_hash":"7a3b9c009ba65e034578d44b4f887376707f68e1577ce268c70bd88d9a6c527f","block_start":256000000,"block_end":768000000,"block_size":512000000,"completion_time":0.00011597},"filename":"/home/runner/work/xet-core/xet-core/xet_data/src/file_reconstruction/reconstruction_terms/manager.rs","line_number":104}
{"timestamp":"2026-06-23T00:17:24.821013Z","level":"INFO","fields":{"message":"Received CAS response","request_id":"","status_code":206},"filename":"/home/runner/work/xet-core/xet-core/xet_client/src/common/http_client.rs","line_number":288}
{"timestamp":"2026-06-23T00:17:24.821034Z","level":"INFO","fields":{"message":"Request Success: s3::get_range api call succeeded (request id )."},"filename":"/home/runner/work/xet-core/xet-core/xet_client/src/cas_client/retry_wrapper.rs","line_number":210}
{"timestamp":"2026-06-23T00:17:24.824450Z","level":"INFO","fields":{"message":"Received CAS response","request_id":"","status_code":206},"filename":"/home/runner/work/xet-core/xet-core/xet_client/src/common/http_client.rs","line_number":288}
{"timestamp":"2026-06-23T00:17:24.824468Z","level":"INFO","fields":{"message":"Request Success: s3::get_range api call succeeded (request id )."},"filename":"/home/runner/work/xet-core/xet-core/xet_client/src/cas_client/retry_wrapper.rs","line_number":210}
{"timestamp":"2026-06-23T00:17:24.958328Z","level":"INFO","fields":{"message":"Retry strategy","max_attempts":5,"base_delay":"3s","no_retry_on_429":false},"filename":"/home/runner/work/xet-core/xet-core/xet_client/src/cas_client/retry_wrapper.rs","line_number":249}
{"timestamp":"2026-06-23T00:17:25.002339Z","level":"INFO","fields":{"message":"Received CAS response","request_id":"","status_code":206},"filename":"/home/runner/work/xet-core/xet-core/xet_client/src/common/http_client.rs","line_number":288}
{"timestamp":"2026-06-23T00:17:25.002365Z","level":"INFO","fields":{"message":"Request Success: s3::get_range api call succeeded (request id )."},"filename":"/home/runner/work/xet-core/xet-core/xet_client/src/cas_client/retry_wrapper.rs","line_number":210}
{"timestamp":"2026-06-23T00:17:25.065699Z","level":"INFO","fields":{"message":"Retry strategy","max_attempts":5,"base_delay":"3s","no_retry_on_429":false},"filename":"/home/runner/work/xet-core/xet-core/xet_client/src/cas_client/retry_wrapper.rs","line_number":249}
{"timestamp":"2026-06-23T00:17:25.098604Z","level":"INFO","fields":{"message":"Retry strategy","max_attempts":5,"base_delay":"3s","no_retry_on_429":false},"filename":"/home/runner/work/xet-core/xet-core/xet_client/src/cas_client/retry_wrapper.rs","line_number":249}
{"timestamp":"2026-06-23T00:17:25.105475Z","level":"INFO","fields":{"message":"Retry strategy","max_attempts":5,"base_delay":"3s","no_retry_on_429":false},"filename":"/home/runner/work/xet-core/xet-core/xet_client/src/cas_client/retry_wrapper.rs","line_number":249}
{"timestamp":"2026-06-23T00:17:25.106381Z","level":"INFO","fields":{"message":"Received CAS response","request_id":"01KVRXDGQY4HTXKX0T8SSDB4CP","status_code":200},"filename":"/home/runner/work/xet-core/xet-core/xet_client/src/common/http_client.rs","line_number":288}
{"timestamp":"2026-06-23T00:17:25.106391Z","level":"INFO","fields":{"message":"Request Success: cas::get_reconstruction_v2 api call succeeded (request id 01KVRXDGQY4HTXKX0T8SSDB4CP)."},"filename":"/home/runner/work/xet-core/xet-core/xet_client/src/cas_client/retry_wrapper.rs","line_number":210}
{"timestamp":"2026-06-23T00:17:25.106457Z","level":"INFO","fields":{"message":"Completed get_reconstruction API call","call_id":4,"file_id":"7a3b9c009ba65e034578d44b4f887376707f68e1577ce268c70bd88d9a6c527f","bytes_range":"Some(Range { start: 768000000, end: 1024000000 })","api_version":"v2"},"filename":"/home/runner/work/xet-core/xet-core/xet_client/src/cas_client/remote_client.rs","line_number":234}
{"timestamp":"2026-06-23T00:17:25.106569Z","level":"INFO","fields":{"message":"Received block of file terms from prefetch queue","file_hash":"7a3b9c009ba65e034578d44b4f887376707f68e1577ce268c70bd88d9a6c527f","domain":"transfer.xethub.hf.co","block_start":768000000,"block_end":988097824,"block_size":17},"filename":"/home/runner/work/xet-core/xet-core/xet_data/src/file_reconstruction/reconstruction_terms/manager.rs","line_number":151}
{"timestamp":"2026-06-23T00:17:25.106613Z","level":"INFO","fields":{"message":"Updated completion rate estimate based on previous block completion time (seconds).","file_hash":"7a3b9c009ba65e034578d44b4f887376707f68e1577ce268c70bd88d9a6c527f","block_start":768000000,"block_end":988097824,"block_size":220097824,"completion_time":0.000044015},"filename":"/home/runner/work/xet-core/xet-core/xet_data/src/file_reconstruction/reconstruction_terms/manager.rs","line_number":104}
{"timestamp":"2026-06-23T00:17:25.106620Z","level":"INFO","fields":{"message":"Completed prefetch queue; end of file reached.","file_hash":"7a3b9c009ba65e034578d44b4f887376707f68e1577ce268c70bd88d9a6c527f","prefetched_byte_position":9024000000},"filename":"/home/runner/work/xet-core/xet-core/xet_data/src/file_reconstruction/reconstruction_terms/manager.rs","line_number":178}
{"timestamp":"2026-06-23T00:17:25.106624Z","level":"INFO","fields":{"message":"All term blocks received and scheduled for writing","file_hash":"7a3b9c009ba65e034578d44b4f887376707f68e1577ce268c70bd88d9a6c527f","block_count":3,"total_terms_processed":45,"total_bytes_scheduled":988097824},"filename":"/home/runner/work/xet-core/xet-core/xet_data/src/file_reconstruction/run_state.rs","line_number":150}
{"timestamp":"2026-06-23T00:17:25.114002Z","level":"INFO","fields":{"message":"Received CAS response","request_id":"","status_code":206},"filename":"/home/runner/work/xet-core/xet-core/xet_client/src/common/http_client.rs","line_number":288}
{"timestamp":"2026-06-23T00:17:25.114021Z","level":"INFO","fields":{"message":"Request Success: s3::get_range api call succeeded (request id )."},"filename":"/home/runner/work/xet-core/xet-core/xet_client/src/cas_client/retry_wrapper.rs","line_number":210}
{"timestamp":"2026-06-23T00:17:25.125301Z","level":"INFO","fields":{"message":"Received CAS response","request_id":"","status_code":206},"filename":"/home/runner/work/xet-core/xet-core/xet_client/src/common/http_client.rs","line_number":288}
{"timestamp":"2026-06-23T00:17:25.125318Z","level":"INFO","fields":{"message":"Request Success: s3::get_range api call succeeded (request id )."},"filename":"/home/runner/work/xet-core/xet-core/xet_client/src/cas_client/retry_wrapper.rs","line_number":210}
{"timestamp":"2026-06-23T00:17:25.142028Z","level":"INFO","fields":{"message":"Received CAS response","request_id":"","status_code":206},"filename":"/home/runner/work/xet-core/xet-core/xet_client/src/common/http_client.rs","line_number":288}
{"timestamp":"2026-06-23T00:17:25.142056Z","level":"INFO","fields":{"message":"Request Success: s3::get_range api call succeeded (request id )."},"filename":"/home/runner/work/xet-core/xet-core/xet_client/src/cas_client/retry_wrapper.rs","line_number":210}
{"timestamp":"2026-06-23T00:17:25.232359Z","level":"INFO","fields":{"message":"Concurrency control for download: Increased concurrency from 5 to 6; reason: success ratio 1.000 is above threshold 0.800 and predicted RTT for 61MB at new concurrency is 0.56s < target 60.0s"},"filename":"/home/runner/work/xet-core/xet-core/xet_client/src/cas_client/adaptive_concurrency/controller.rs","line_number":543}
{"timestamp":"2026-06-23T00:17:25.389878Z","level":"INFO","fields":{"message":"Concurrency control for download: Increased concurrency from 4 to 5; reason: success ratio 1.000 is above threshold 0.800 and predicted RTT for 61MB at new concurrency is 1.06s < target 60.0s"},"filename":"/home/runner/work/xet-core/xet-core/xet_client/src/cas_client/adaptive_concurrency/controller.rs","line_number":543}
{"timestamp":"2026-06-23T00:17:25.389948Z","level":"INFO","fields":{"message":"Retry strategy","max_attempts":5,"base_delay":"3s","no_retry_on_429":false},"filename":"/home/runner/work/xet-core/xet-core/xet_client/src/cas_client/retry_wrapper.rs","line_number":249}
{"timestamp":"2026-06-23T00:17:25.390079Z","level":"INFO","fields":{"message":"Retry strategy","max_attempts":5,"base_delay":"3s","no_retry_on_429":false},"filename":"/home/runner/work/xet-core/xet-core/xet_client/src/cas_client/retry_wrapper.rs","line_number":249}
{"timestamp":"2026-06-23T00:17:25.410894Z","level":"INFO","fields":{"message":"Received CAS response","request_id":"","status_code":206},"filename":"/home/runner/work/xet-core/xet-core/xet_client/src/common/http_client.rs","line_number":288}
{"timestamp":"2026-06-23T00:17:25.410923Z","level":"INFO","fields":{"message":"Request Success: s3::get_range api call succeeded (request id )."},"filename":"/home/runner/work/xet-core/xet-core/xet_client/src/cas_client/retry_wrapper.rs","line_number":210}
{"timestamp":"2026-06-23T00:17:25.422832Z","level":"INFO","fields":{"message":"Retry strategy","max_attempts":5,"base_delay":"3s","no_retry_on_429":false},"filename":"/home/runner/work/xet-core/xet-core/xet_client/src/cas_client/retry_wrapper.rs","line_number":249}
{"timestamp":"2026-06-23T00:17:25.460063Z","level":"INFO","fields":{"message":"Received CAS response","request_id":"","status_code":206},"filename":"/home/runner/work/xet-core/xet-core/xet_client/src/common/http_client.rs","line_number":288}
{"timestamp":"2026-06-23T00:17:25.460096Z","level":"INFO","fields":{"message":"Request Success: s3::get_range api call succeeded (request id )."},"filename":"/home/runner/work/xet-core/xet-core/xet_client/src/cas_client/retry_wrapper.rs","line_number":210}
{"timestamp":"2026-06-23T00:17:25.461914Z","level":"INFO","fields":{"message":"Retry strategy","max_attempts":5,"base_delay":"3s","no_retry_on_429":false},"filename":"/home/runner/work/xet-core/xet-core/xet_client/src/cas_client/retry_wrapper.rs","line_number":249}
{"timestamp":"2026-06-23T00:17:25.463821Z","level":"INFO","fields":{"message":"Retry strategy","max_attempts":5,"base_delay":"3s","no_retry_on_429":false},"filename":"/home/runner/work/xet-core/xet-core/xet_client/src/cas_client/retry_wrapper.rs","line_number":249}
{"timestamp":"2026-06-23T00:17:25.469059Z","level":"INFO","fields":{"message":"Received CAS response","request_id":"","status_code":206},"filename":"/home/runner/work/xet-core/xet-core/xet_client/src/common/http_client.rs","line_number":288}
{"timestamp":"2026-06-23T00:17:25.469073Z","level":"INFO","fields":{"message":"Request Success: s3::get_range api call succeeded (request id )."},"filename":"/home/runner/work/xet-core/xet-core/xet_client/src/cas_client/retry_wrapper.rs","line_number":210}
{"timestamp":"2026-06-23T00:17:25.485972Z","level":"INFO","fields":{"message":"Retry strategy","max_attempts":5,"base_delay":"3s","no_retry_on_429":false},"filename":"/home/runner/work/xet-core/xet-core/xet_client/src/cas_client/retry_wrapper.rs","line_number":249}
{"timestamp":"2026-06-23T00:17:25.505892Z","level":"INFO","fields":{"message":"Received CAS response","request_id":"","status_code":206},"filename":"/home/runner/work/xet-core/xet-core/xet_client/src/common/http_client.rs","line_number":288}
{"timestamp":"2026-06-23T00:17:25.506016Z","level":"INFO","fields":{"message":"Request Success: s3::get_range api call succeeded (request id )."},"filename":"/home/runner/work/xet-core/xet-core/xet_client/src/cas_client/retry_wrapper.rs","line_number":210}
{"timestamp":"2026-06-23T00:17:25.506137Z","level":"INFO","fields":{"message":"Received CAS response","request_id":"","status_code":206},"filename":"/home/runner/work/xet-core/xet-core/xet_client/src/common/http_client.rs","line_number":288}
{"timestamp":"2026-06-23T00:17:25.506144Z","level":"INFO","fields":{"message":"Request Success: s3::get_range api call succeeded (request id )."},"filename":"/home/runner/work/xet-core/xet-core/xet_client/src/cas_client/retry_wrapper.rs","line_number":210}
{"timestamp":"2026-06-23T00:17:25.509254Z","level":"INFO","fields":{"message":"Received CAS response","request_id":"","status_code":206},"filename":"/home/runner/work/xet-core/xet-core/xet_client/src/common/http_client.rs","line_number":288}
{"timestamp":"2026-06-23T00:17:25.509263Z","level":"INFO","fields":{"message":"Request Success: s3::get_range api call succeeded (request id )."},"filename":"/home/runner/work/xet-core/xet-core/xet_client/src/cas_client/retry_wrapper.rs","line_number":210}
{"timestamp":"2026-06-23T00:17:25.511247Z","level":"INFO","fields":{"message":"Retry strategy","max_attempts":5,"base_delay":"3s","no_retry_on_429":false},"filename":"/home/runner/work/xet-core/xet-core/xet_client/src/cas_client/retry_wrapper.rs","line_number":249}
{"timestamp":"2026-06-23T00:17:25.531078Z","level":"INFO","fields":{"message":"Received CAS response","request_id":"","status_code":206},"filename":"/home/runner/work/xet-core/xet-core/xet_client/src/common/http_client.rs","line_number":288}
{"timestamp":"2026-06-23T00:17:25.531104Z","level":"INFO","fields":{"message":"Request Success: s3::get_range api call succeeded (request id )."},"filename":"/home/runner/work/xet-core/xet-core/xet_client/src/cas_client/retry_wrapper.rs","line_number":210}
{"timestamp":"2026-06-23T00:17:25.560228Z","level":"INFO","fields":{"message":"Retry strategy","max_attempts":5,"base_delay":"3s","no_retry_on_429":false},"filename":"/home/runner/work/xet-core/xet-core/xet_client/src/cas_client/retry_wrapper.rs","line_number":249}
{"timestamp":"2026-06-23T00:17:25.581887Z","level":"INFO","fields":{"message":"Received CAS response","request_id":"","status_code":206},"filename":"/home/runner/work/xet-core/xet-core/xet_client/src/common/http_client.rs","line_number":288}
{"timestamp":"2026-06-23T00:17:25.581915Z","level":"INFO","fields":{"message":"Request Success: s3::get_range api call succeeded (request id )."},"filename":"/home/runner/work/xet-core/xet-core/xet_client/src/cas_client/retry_wrapper.rs","line_number":210}
{"timestamp":"2026-06-23T00:17:25.609637Z","level":"INFO","fields":{"message":"Retry strategy","max_attempts":5,"base_delay":"3s","no_retry_on_429":false},"filename":"/home/runner/work/xet-core/xet-core/xet_client/src/cas_client/retry_wrapper.rs","line_number":249}
{"timestamp":"2026-06-23T00:17:25.631012Z","level":"INFO","fields":{"message":"Received CAS response","request_id":"","status_code":206},"filename":"/home/runner/work/xet-core/xet-core/xet_client/src/common/http_client.rs","line_number":288}
{"timestamp":"2026-06-23T00:17:25.631044Z","level":"INFO","fields":{"message":"Request Success: s3::get_range api call succeeded (request id )."},"filename":"/home/runner/work/xet-core/xet-core/xet_client/src/cas_client/retry_wrapper.rs","line_number":210}
{"timestamp":"2026-06-23T00:17:25.649210Z","level":"INFO","fields":{"message":"Retry strategy","max_attempts":5,"base_delay":"3s","no_retry_on_429":false},"filename":"/home/runner/work/xet-core/xet-core/xet_client/src/cas_client/retry_wrapper.rs","line_number":249}
{"timestamp":"2026-06-23T00:17:25.687197Z","level":"INFO","fields":{"message":"Retry strategy","max_attempts":5,"base_delay":"3s","no_retry_on_429":false},"filename":"/home/runner/work/xet-core/xet-core/xet_client/src/cas_client/retry_wrapper.rs","line_number":249}
{"timestamp":"2026-06-23T00:17:25.695525Z","level":"INFO","fields":{"message":"Received CAS response","request_id":"","status_code":206},"filename":"/home/runner/work/xet-core/xet-core/xet_client/src/common/http_client.rs","line_number":288}
{"timestamp":"2026-06-23T00:17:25.695550Z","level":"INFO","fields":{"message":"Request Success: s3::get_range api call succeeded (request id )."},"filename":"/home/runner/work/xet-core/xet-core/xet_client/src/cas_client/retry_wrapper.rs","line_number":210}
{"timestamp":"2026-06-23T00:17:25.711323Z","level":"INFO","fields":{"message":"Received CAS response","request_id":"","status_code":206},"filename":"/home/runner/work/xet-core/xet-core/xet_client/src/common/http_client.rs","line_number":288}
{"timestamp":"2026-06-23T00:17:25.711350Z","level":"INFO","fields":{"message":"Request Success: s3::get_range api call succeeded (request id )."},"filename":"/home/runner/work/xet-core/xet-core/xet_client/src/cas_client/retry_wrapper.rs","line_number":210}
{"timestamp":"2026-06-23T00:17:25.711823Z","level":"INFO","fields":{"message":"Retry strategy","max_attempts":5,"base_delay":"3s","no_retry_on_429":false},"filename":"/home/runner/work/xet-core/xet-core/xet_client/src/cas_client/retry_wrapper.rs","line_number":249}
{"timestamp":"2026-06-23T00:17:25.732881Z","level":"INFO","fields":{"message":"Received CAS response","request_id":"","status_code":206},"filename":"/home/runner/work/xet-core/xet-core/xet_client/src/common/http_client.rs","line_number":288}
{"timestamp":"2026-06-23T00:17:25.732906Z","level":"INFO","fields":{"message":"Request Success: s3::get_range api call succeeded (request id )."},"filename":"/home/runner/work/xet-core/xet-core/xet_client/src/cas_client/retry_wrapper.rs","line_number":210}
{"timestamp":"2026-06-23T00:17:25.742002Z","level":"INFO","fields":{"message":"Retry strategy","max_attempts":5,"base_delay":"3s","no_retry_on_429":false},"filename":"/home/runner/work/xet-core/xet-core/xet_client/src/cas_client/retry_wrapper.rs","line_number":249}
{"timestamp":"2026-06-23T00:17:25.762261Z","level":"INFO","fields":{"message":"Received CAS response","request_id":"","status_code":206},"filename":"/home/runner/work/xet-core/xet-core/xet_client/src/common/http_client.rs","line_number":288}
{"timestamp":"2026-06-23T00:17:25.762279Z","level":"INFO","fields":{"message":"Request Success: s3::get_range api call succeeded (request id )."},"filename":"/home/runner/work/xet-core/xet-core/xet_client/src/cas_client/retry_wrapper.rs","line_number":210}
{"timestamp":"2026-06-23T00:17:25.797670Z","level":"INFO","fields":{"message":"Retry strategy","max_attempts":5,"base_delay":"3s","no_retry_on_429":false},"filename":"/home/runner/work/xet-core/xet-core/xet_client/src/cas_client/retry_wrapper.rs","line_number":249}
{"timestamp":"2026-06-23T00:17:25.810296Z","level":"INFO","fields":{"message":"Retry strategy","max_attempts":5,"base_delay":"3s","no_retry_on_429":false},"filename":"/home/runner/work/xet-core/xet-core/xet_client/src/cas_client/retry_wrapper.rs","line_number":249}
{"timestamp":"2026-06-23T00:17:25.819090Z","level":"INFO","fields":{"message":"Retry strategy","max_attempts":5,"base_delay":"3s","no_retry_on_429":false},"filename":"/home/runner/work/xet-core/xet-core/xet_client/src/cas_client/retry_wrapper.rs","line_number":249}
{"timestamp":"2026-06-23T00:17:25.829629Z","level":"INFO","fields":{"message":"Received CAS response","request_id":"","status_code":206},"filename":"/home/runner/work/xet-core/xet-core/xet_client/src/common/http_client.rs","line_number":288}
{"timestamp":"2026-06-23T00:17:25.829655Z","level":"INFO","fields":{"message":"Request Success: s3::get_range api call succeeded (request id )."},"filename":"/home/runner/work/xet-core/xet-core/xet_client/src/cas_client/retry_wrapper.rs","line_number":210}
{"timestamp":"2026-06-23T00:17:25.834631Z","level":"INFO","fields":{"message":"Retry strategy","max_attempts":5,"base_delay":"3s","no_retry_on_429":false},"filename":"/home/runner/work/xet-core/xet-core/xet_client/src/cas_client/retry_wrapper.rs","line_number":249}
{"timestamp":"2026-06-23T00:17:25.842415Z","level":"INFO","fields":{"message":"Received CAS response","request_id":"","status_code":206},"filename":"/home/runner/work/xet-core/xet-core/xet_client/src/common/http_client.rs","line_number":288}
{"timestamp":"2026-06-23T00:17:25.842429Z","level":"INFO","fields":{"message":"Request Success: s3::get_range api call succeeded (request id )."},"filename":"/home/runner/work/xet-core/xet-core/xet_client/src/cas_client/retry_wrapper.rs","line_number":210}
{"timestamp":"2026-06-23T00:17:25.863467Z","level":"INFO","fields":{"message":"Received CAS response","request_id":"","status_code":206},"filename":"/home/runner/work/xet-core/xet-core/xet_client/src/common/http_client.rs","line_number":288}
{"timestamp":"2026-06-23T00:17:25.863505Z","level":"INFO","fields":{"message":"Request Success: s3::get_range api call succeeded (request id )."},"filename":"/home/runner/work/xet-core/xet-core/xet_client/src/cas_client/retry_wrapper.rs","line_number":210}
{"timestamp":"2026-06-23T00:17:25.882045Z","level":"INFO","fields":{"message":"Received CAS response","request_id":"","status_code":206},"filename":"/home/runner/work/xet-core/xet-core/xet_client/src/common/http_client.rs","line_number":288}
{"timestamp":"2026-06-23T00:17:25.882068Z","level":"INFO","fields":{"message":"Request Success: s3::get_range api call succeeded (request id )."},"filename":"/home/runner/work/xet-core/xet-core/xet_client/src/cas_client/retry_wrapper.rs","line_number":210}
{"timestamp":"2026-06-23T00:17:25.894835Z","level":"INFO","fields":{"message":"Concurrency control for download: Increased concurrency from 5 to 6; reason: success ratio 1.000 is above threshold 0.800 and predicted RTT for 61MB at new concurrency is 0.84s < target 60.0s"},"filename":"/home/runner/work/xet-core/xet-core/xet_client/src/cas_client/adaptive_concurrency/controller.rs","line_number":543}
{"timestamp":"2026-06-23T00:17:25.894862Z","level":"INFO","fields":{"message":"Retry strategy","max_attempts":5,"base_delay":"3s","no_retry_on_429":false},"filename":"/home/runner/work/xet-core/xet-core/xet_client/src/cas_client/retry_wrapper.rs","line_number":249}
{"timestamp":"2026-06-23T00:17:25.914166Z","level":"INFO","fields":{"message":"Received CAS response","request_id":"","status_code":206},"filename":"/home/runner/work/xet-core/xet-core/xet_client/src/common/http_client.rs","line_number":288}
{"timestamp":"2026-06-23T00:17:25.914188Z","level":"INFO","fields":{"message":"Request Success: s3::get_range api call succeeded (request id )."},"filename":"/home/runner/work/xet-core/xet-core/xet_client/src/cas_client/retry_wrapper.rs","line_number":210}
{"timestamp":"2026-06-23T00:17:25.932964Z","level":"INFO","fields":{"message":"Retry strategy","max_attempts":5,"base_delay":"3s","no_retry_on_429":false},"filename":"/home/runner/work/xet-core/xet-core/xet_client/src/cas_client/retry_wrapper.rs","line_number":249}
{"timestamp":"2026-06-23T00:17:25.979490Z","level":"INFO","fields":{"message":"Received CAS response","request_id":"","status_code":206},"filename":"/home/runner/work/xet-core/xet-core/xet_client/src/common/http_client.rs","line_number":288}
{"timestamp":"2026-06-23T00:17:25.979517Z","level":"INFO","fields":{"message":"Request Success: s3::get_range api call succeeded (request id )."},"filename":"/home/runner/work/xet-core/xet-core/xet_client/src/cas_client/retry_wrapper.rs","line_number":210}
{"timestamp":"2026-06-23T00:17:26.110199Z","level":"INFO","fields":{"message":"Retry strategy","max_attempts":5,"base_delay":"3s","no_retry_on_429":false},"filename":"/home/runner/work/xet-core/xet-core/xet_client/src/cas_client/retry_wrapper.rs","line_number":249}
{"timestamp":"2026-06-23T00:17:26.113655Z","level":"INFO","fields":{"message":"Retry strategy","max_attempts":5,"base_delay":"3s","no_retry_on_429":false},"filename":"/home/runner/work/xet-core/xet-core/xet_client/src/cas_client/retry_wrapper.rs","line_number":249}
{"timestamp":"2026-06-23T00:17:26.133326Z","level":"INFO","fields":{"message":"Received CAS response","request_id":"","status_code":206},"filename":"/home/runner/work/xet-core/xet-core/xet_client/src/common/http_client.rs","line_number":288}
{"timestamp":"2026-06-23T00:17:26.133346Z","level":"INFO","fields":{"message":"Request Success: s3::get_range api call succeeded (request id )."},"filename":"/home/runner/work/xet-core/xet-core/xet_client/src/cas_client/retry_wrapper.rs","line_number":210}
{"timestamp":"2026-06-23T00:17:26.177269Z","level":"INFO","fields":{"message":"Retry strategy","max_attempts":5,"base_delay":"3s","no_retry_on_429":false},"filename":"/home/runner/work/xet-core/xet-core/xet_client/src/cas_client/retry_wrapper.rs","line_number":249}
{"timestamp":"2026-06-23T00:17:26.182098Z","level":"INFO","fields":{"message":"Retry strategy","max_attempts":5,"base_delay":"3s","no_retry_on_429":false},"filename":"/home/runner/work/xet-core/xet-core/xet_client/src/cas_client/retry_wrapper.rs","line_number":249}
{"timestamp":"2026-06-23T00:17:26.196809Z","level":"INFO","fields":{"message":"Received CAS response","request_id":"","status_code":206},"filename":"/home/runner/work/xet-core/xet-core/xet_client/src/common/http_client.rs","line_number":288}
{"timestamp":"2026-06-23T00:17:26.196833Z","level":"INFO","fields":{"message":"Request Success: s3::get_range api call succeeded (request id )."},"filename":"/home/runner/work/xet-core/xet-core/xet_client/src/cas_client/retry_wrapper.rs","line_number":210}
{"timestamp":"2026-06-23T00:17:26.197807Z","level":"INFO","fields":{"message":"Retry strategy","max_attempts":5,"base_delay":"3s","no_retry_on_429":false},"filename":"/home/runner/work/xet-core/xet-core/xet_client/src/cas_client/retry_wrapper.rs","line_number":249}
{"timestamp":"2026-06-23T00:17:26.201970Z","level":"INFO","fields":{"message":"Received CAS response","request_id":"","status_code":206},"filename":"/home/runner/work/xet-core/xet-core/xet_client/src/common/http_client.rs","line_number":288}
{"timestamp":"2026-06-23T00:17:26.201985Z","level":"INFO","fields":{"message":"Request Success: s3::get_range api call succeeded (request id )."},"filename":"/home/runner/work/xet-core/xet-core/xet_client/src/cas_client/retry_wrapper.rs","line_number":210}
{"timestamp":"2026-06-23T00:17:26.202470Z","level":"INFO","fields":{"message":"Received CAS response","request_id":"","status_code":206},"filename":"/home/runner/work/xet-core/xet-core/xet_client/src/common/http_client.rs","line_number":288}
{"timestamp":"2026-06-23T00:17:26.202484Z","level":"INFO","fields":{"message":"Request Success: s3::get_range api call succeeded (request id )."},"filename":"/home/runner/work/xet-core/xet-core/xet_client/src/cas_client/retry_wrapper.rs","line_number":210}
{"timestamp":"2026-06-23T00:17:26.202779Z","level":"INFO","fields":{"message":"Retry strategy","max_attempts":5,"base_delay":"3s","no_retry_on_429":false},"filename":"/home/runner/work/xet-core/xet-core/xet_client/src/cas_client/retry_wrapper.rs","line_number":249}
{"timestamp":"2026-06-23T00:17:26.217352Z","level":"INFO","fields":{"message":"Received CAS response","request_id":"","status_code":206},"filename":"/home/runner/work/xet-core/xet-core/xet_client/src/common/http_client.rs","line_number":288}
{"timestamp":"2026-06-23T00:17:26.217370Z","level":"INFO","fields":{"message":"Request Success: s3::get_range api call succeeded (request id )."},"filename":"/home/runner/work/xet-core/xet-core/xet_client/src/cas_client/retry_wrapper.rs","line_number":210}
{"timestamp":"2026-06-23T00:17:26.226267Z","level":"INFO","fields":{"message":"Retry strategy","max_attempts":5,"base_delay":"3s","no_retry_on_429":false},"filename":"/home/runner/work/xet-core/xet-core/xet_client/src/cas_client/retry_wrapper.rs","line_number":249}
{"timestamp":"2026-06-23T00:17:26.242953Z","level":"INFO","fields":{"message":"Retry strategy","max_attempts":5,"base_delay":"3s","no_retry_on_429":false},"filename":"/home/runner/work/xet-core/xet-core/xet_client/src/cas_client/retry_wrapper.rs","line_number":249}
{"timestamp":"2026-06-23T00:17:26.247921Z","level":"INFO","fields":{"message":"Received CAS response","request_id":"","status_code":206},"filename":"/home/runner/work/xet-core/xet-core/xet_client/src/common/http_client.rs","line_number":288}
{"timestamp":"2026-06-23T00:17:26.247939Z","level":"INFO","fields":{"message":"Request Success: s3::get_range api call succeeded (request id )."},"filename":"/home/runner/work/xet-core/xet-core/xet_client/src/cas_client/retry_wrapper.rs","line_number":210}
{"timestamp":"2026-06-23T00:17:26.248685Z","level":"INFO","fields":{"message":"Received CAS response","request_id":"","status_code":206},"filename":"/home/runner/work/xet-core/xet-core/xet_client/src/common/http_client.rs","line_number":288}
{"timestamp":"2026-06-23T00:17:26.248698Z","level":"INFO","fields":{"message":"Request Success: s3::get_range api call succeeded (request id )."},"filename":"/home/runner/work/xet-core/xet-core/xet_client/src/cas_client/retry_wrapper.rs","line_number":210}
{"timestamp":"2026-06-23T00:17:26.249160Z","level":"INFO","fields":{"message":"Retry strategy","max_attempts":5,"base_delay":"3s","no_retry_on_429":false},"filename":"/home/runner/work/xet-core/xet-core/xet_client/src/cas_client/retry_wrapper.rs","line_number":249}
{"timestamp":"2026-06-23T00:17:26.263565Z","level":"INFO","fields":{"message":"Received CAS response","request_id":"","status_code":206},"filename":"/home/runner/work/xet-core/xet-core/xet_client/src/common/http_client.rs","line_number":288}
{"timestamp":"2026-06-23T00:17:26.263589Z","level":"INFO","fields":{"message":"Request Success: s3::get_range api call succeeded (request id )."},"filename":"/home/runner/work/xet-core/xet-core/xet_client/src/cas_client/retry_wrapper.rs","line_number":210}
{"timestamp":"2026-06-23T00:17:26.293319Z","level":"INFO","fields":{"message":"Received CAS response","request_id":"","status_code":206},"filename":"/home/runner/work/xet-core/xet-core/xet_client/src/common/http_client.rs","line_number":288}
{"timestamp":"2026-06-23T00:17:26.293344Z","level":"INFO","fields":{"message":"Request Success: s3::get_range api call succeeded (request id )."},"filename":"/home/runner/work/xet-core/xet-core/xet_client/src/cas_client/retry_wrapper.rs","line_number":210}
{"timestamp":"2026-06-23T00:17:26.398707Z","level":"INFO","fields":{"message":"Concurrency control for download: Increased concurrency from 6 to 7; reason: success ratio 1.000 is above threshold 0.800 and predicted RTT for 61MB at new concurrency is 0.84s < target 60.0s"},"filename":"/home/runner/work/xet-core/xet-core/xet_client/src/cas_client/adaptive_concurrency/controller.rs","line_number":543}
{"timestamp":"2026-06-23T00:17:28.651245Z","level":"INFO","fields":{"message":"File reconstruction completed successfully","file_hash":"5a9cfd9f0f300c35a3f6a644b00fbc3244e58ae5e5696eb6654c5de72416bf2a","block_count":2,"total_terms_processed":15,"total_bytes_scheduled":729888705},"filename":"/home/runner/work/xet-core/xet-core/xet_data/src/file_reconstruction/run_state.rs","line_number":150}
{"timestamp":"2026-06-23T00:17:28.963487Z","level":"INFO","fields":{"message":"CAS auth disabled","caller":"/home/runner/work/xet-core/xet-core/xet_client/src/common/http_client.rs:166"},"filename":"/home/runner/work/xet-core/xet-core/xet_runtime/src/error_printer/mod.rs","line_number":198}
{"timestamp":"2026-06-23T00:17:28.970090Z","level":"INFO","fields":{"message":"HTTP client configured","idle_timeout":"60s","max_idle_connections":16,"custom_headers":"Some({\"authorization\": \"[REDACTED]\", \"user-agent\": \"unknown/None; hf_hub/1.20.1; python/3.11.15; torch/2.12.1\"})"},"filename":"/home/runner/work/xet-core/xet-core/xet_client/src/common/http_client.rs","line_number":187}
{"timestamp":"2026-06-23T00:17:28.970113Z","level":"INFO","fields":{"message":"Retry strategy","max_attempts":5,"base_delay":"3s","no_retry_on_429":false},"filename":"/home/runner/work/xet-core/xet-core/xet_client/src/cas_client/retry_wrapper.rs","line_number":249}
{"timestamp":"2026-06-23T00:17:29.089145Z","level":"INFO","fields":{"message":"Received CAS response","request_id":"Root=1-6a39d099-2644d87c4574719e1c6d8db2","status_code":200},"filename":"/home/runner/work/xet-core/xet-core/xet_client/src/common/http_client.rs","line_number":288}
{"timestamp":"2026-06-23T00:17:29.089179Z","level":"INFO","fields":{"message":"Request Success: xet-token api call succeeded (request id Root=1-6a39d099-2644d87c4574719e1c6d8db2)."},"filename":"/home/runner/work/xet-core/xet-core/xet_client/src/cas_client/retry_wrapper.rs","line_number":210}
{"timestamp":"2026-06-23T00:17:29.089255Z","level":"INFO","fields":{"message":"TranslatorConfig initialized","endpoint":"https://cas-server.xethub.hf.co","session_id":"Some(\"019ef1d6-d601-7c23-a1a5-83ffa3e62b09\")","shard_cache":"/home/runner/work/FinAI/FinAI/.hf_cache/xet/https___cas_serv-tGqkUaZf_CBPHQ6h/shard-cache","shard_session":"/home/runner/work/FinAI/FinAI/.hf_cache/xet/https___cas_serv-tGqkUaZf_CBPHQ6h/staging/shard-session"},"filename":"/home/runner/work/xet-core/xet-core/xet_data/src/processing/configurations.rs","line_number":115}
{"timestamp":"2026-06-23T00:17:29.095767Z","level":"INFO","fields":{"message":"HTTP client configured","idle_timeout":"60s","max_idle_connections":16,"custom_headers":"Some({\"user-agent\": \"unknown/None; hf_hub/1.20.1; python/3.11.15; torch/2.12.1; hf_xet/1.5.1\"})"},"filename":"/home/runner/work/xet-core/xet-core/xet_client/src/common/http_client.rs","line_number":187}
{"timestamp":"2026-06-23T00:17:29.095787Z","level":"INFO","fields":{"message":"CAS auth disabled","caller":"/home/runner/work/xet-core/xet-core/xet_client/src/common/http_client.rs:166"},"filename":"/home/runner/work/xet-core/xet-core/xet_runtime/src/error_printer/mod.rs","line_number":198}
{"timestamp":"2026-06-23T00:17:29.095793Z","level":"INFO","fields":{"message":"HTTP client configured","idle_timeout":"60s","max_idle_connections":16,"custom_headers":"Some({\"user-agent\": \"unknown/None; hf_hub/1.20.1; python/3.11.15; torch/2.12.1; hf_xet/1.5.1\"})"},"filename":"/home/runner/work/xet-core/xet-core/xet_client/src/common/http_client.rs","line_number":187}
{"timestamp":"2026-06-23T00:17:29.101880Z","level":"INFO","fields":{"message":"No-read-timeout HTTP client configured (for shard uploads)","connect_timeout":"60s"},"filename":"/home/runner/work/xet-core/xet-core/xet_client/src/common/http_client.rs","line_number":136}
{"timestamp":"2026-06-23T00:17:29.101893Z","level":"INFO","fields":{"message":"Initializing Adaptive Concurrency Controller for upload with starting concurrency = 2; min = 1, max = 64, min_bytes_for_adjustment = 20000000, min_completed_transmissions_for_adjustment = 1"},"filename":"/home/runner/work/xet-core/xet-core/xet_client/src/cas_client/adaptive_concurrency/controller.rs","line_number":301}
{"timestamp":"2026-06-23T00:17:29.101899Z","level":"INFO","fields":{"message":"Initializing Adaptive Concurrency Controller for download with starting concurrency = 4; min = 1, max = 64, min_bytes_for_adjustment = 20000000, min_completed_transmissions_for_adjustment = 1"},"filename":"/home/runner/work/xet-core/xet-core/xet_client/src/cas_client/adaptive_concurrency/controller.rs","line_number":301}
{"timestamp":"2026-06-23T00:17:29.101960Z","level":"INFO","fields":{"message":"New file download group, session_id=019ef1d6-be19-79d2-a786-8e8bd20407b1, group_id=10"},"filename":"/home/runner/work/xet-core/xet-core/xet_pkg/src/xet_session/file_download_group.rs","line_number":61}
{"timestamp":"2026-06-23T00:17:29.102057Z","level":"INFO","fields":{"message":"Download file to path","group_id":"10","dest_path":"\"/home/runner/work/FinAI/FinAI/temp_download/.cache/huggingface/download/checkpoint/HgM_lKo9sdSCfRtVg7MMFS7EKqo=.716ec13e363ec927a345aa1d39bb8ed88a0ce7fadcdef14509b1f2afd64a8bee.66d972dd.incomplete\"","hash":"21b36a86e5f8663c44c00025062c78c18c64ae7c86c6d4819e35b034c363125f"},"filename":"/home/runner/work/xet-core/xet-core/xet_pkg/src/xet_session/file_download_group.rs","line_number":287}
{"timestamp":"2026-06-23T00:17:29.102115Z","level":"INFO","fields":{"message":"Reconstructing file to disk","file_hash":"21b36a86e5f8663c44c00025062c78c18c64ae7c86c6d4819e35b034c363125f","byte_range":"None","path":"/home/runner/work/FinAI/FinAI/temp_download/.cache/huggingface/download/checkpoint/HgM_lKo9sdSCfRtVg7MMFS7EKqo=.716ec13e363ec927a345aa1d39bb8ed88a0ce7fadcdef14509b1f2afd64a8bee.66d972dd.incomplete","write_offset":"None"},"filename":"/home/runner/work/xet-core/xet-core/xet_data/src/file_reconstruction/file_reconstructor.rs","line_number":121}
{"timestamp":"2026-06-23T00:17:29.102184Z","level":"INFO","fields":{"message":"Download group finish","group_id":"10"},"filename":"/home/runner/work/xet-core/xet-core/xet_pkg/src/xet_session/file_download_group.rs","line_number":306}
{"timestamp":"2026-06-23T00:17:29.102206Z","level":"INFO","fields":{"message":"Scheduling prefetch block","file_hash":"21b36a86e5f8663c44c00025062c78c18c64ae7c86c6d4819e35b034c363125f","prefetch_range":"(0, 256000000)","requested_block_size":256000000,"actual_block_size":256000000,"queue_depth":1},"filename":"/home/runner/work/xet-core/xet-core/xet_data/src/file_reconstruction/reconstruction_terms/manager.rs","line_number":272}
{"timestamp":"2026-06-23T00:17:29.102215Z","level":"INFO","fields":{"message":"Scheduling prefetch block","file_hash":"21b36a86e5f8663c44c00025062c78c18c64ae7c86c6d4819e35b034c363125f","prefetch_range":"(256000000, 768000000)","requested_block_size":512000000,"actual_block_size":512000000,"queue_depth":2},"filename":"/home/runner/work/xet-core/xet-core/xet_data/src/file_reconstruction/reconstruction_terms/manager.rs","line_number":272}
{"timestamp":"2026-06-23T00:17:29.102222Z","level":"INFO","fields":{"message":"Scheduling prefetch block","file_hash":"21b36a86e5f8663c44c00025062c78c18c64ae7c86c6d4819e35b034c363125f","prefetch_range":"(768000000, 1024000000)","requested_block_size":256000000,"actual_block_size":256000000,"queue_depth":3},"filename":"/home/runner/work/xet-core/xet-core/xet_data/src/file_reconstruction/reconstruction_terms/manager.rs","line_number":272}
{"timestamp":"2026-06-23T00:17:29.102238Z","level":"INFO","fields":{"message":"Starting get_reconstruction API call","call_id":8,"file_id":"21b36a86e5f8663c44c00025062c78c18c64ae7c86c6d4819e35b034c363125f","bytes_range":"Some(Range { start: 768000000, end: 1024000000 })","api_version":"v2"},"filename":"/home/runner/work/xet-core/xet-core/xet_client/src/cas_client/remote_client.rs","line_number":210}
{"timestamp":"2026-06-23T00:17:29.102243Z","level":"INFO","fields":{"message":"Starting get_reconstruction API call","call_id":9,"file_id":"21b36a86e5f8663c44c00025062c78c18c64ae7c86c6d4819e35b034c363125f","bytes_range":"Some(Range { start: 256000000, end: 768000000 })","api_version":"v2"},"filename":"/home/runner/work/xet-core/xet-core/xet_client/src/cas_client/remote_client.rs","line_number":210}
{"timestamp":"2026-06-23T00:17:29.102247Z","level":"INFO","fields":{"message":"Retry strategy","max_attempts":5,"base_delay":"3s","no_retry_on_429":false},"filename":"/home/runner/work/xet-core/xet-core/xet_client/src/cas_client/retry_wrapper.rs","line_number":249}
{"timestamp":"2026-06-23T00:17:29.102247Z","level":"INFO","fields":{"message":"Starting get_reconstruction API call","call_id":10,"file_id":"21b36a86e5f8663c44c00025062c78c18c64ae7c86c6d4819e35b034c363125f","bytes_range":"Some(Range { start: 0, end: 256000000 })","api_version":"v2"},"filename":"/home/runner/work/xet-core/xet-core/xet_client/src/cas_client/remote_client.rs","line_number":210}
{"timestamp":"2026-06-23T00:17:29.102250Z","level":"INFO","fields":{"message":"Retry strategy","max_attempts":5,"base_delay":"3s","no_retry_on_429":false},"filename":"/home/runner/work/xet-core/xet-core/xet_client/src/cas_client/retry_wrapper.rs","line_number":249}
{"timestamp":"2026-06-23T00:17:29.102253Z","level":"INFO","fields":{"message":"Retry strategy","max_attempts":5,"base_delay":"3s","no_retry_on_429":false},"filename":"/home/runner/work/xet-core/xet-core/xet_client/src/cas_client/retry_wrapper.rs","line_number":249}
{"timestamp":"2026-06-23T00:17:29.309483Z","level":"INFO","fields":{"message":"Received CAS response","request_id":"01KVRXDNNZSH6A5YM9DQNQFMTP","status_code":416},"filename":"/home/runner/work/xet-core/xet-core/xet_client/src/common/http_client.rs","line_number":288}
{"timestamp":"2026-06-23T00:17:29.309517Z","level":"INFO","fields":{"message":"Reached end of reconstruction 416 (Range Not Satisfiable): \"cas::get_reconstruction_v2\" api call failed (request id 01KVRXDNNZSH6A5YM9DQNQFMTP): HTTP status client error (416 Range Not Satisfiable) for url (https://cas-server.xethub.hf.co/v2/reconstructions/21b36a86e5f8663c44c00025062c78c18c64ae7c86c6d4819e35b034c363125f)"},"filename":"/home/runner/work/xet-core/xet-core/xet_client/src/cas_client/retry_wrapper.rs","line_number":162}
{"timestamp":"2026-06-23T00:17:29.314545Z","level":"INFO","fields":{"message":"Received CAS response","request_id":"01KVRXDNNYPAS47MS9BQRH441G","status_code":416},"filename":"/home/runner/work/xet-core/xet-core/xet_client/src/common/http_client.rs","line_number":288}
{"timestamp":"2026-06-23T00:17:29.314557Z","level":"INFO","fields":{"message":"Reached end of reconstruction 416 (Range Not Satisfiable): \"cas::get_reconstruction_v2\" api call failed (request id 01KVRXDNNYPAS47MS9BQRH441G): HTTP status client error (416 Range Not Satisfiable) for url (https://cas-server.xethub.hf.co/v2/reconstructions/21b36a86e5f8663c44c00025062c78c18c64ae7c86c6d4819e35b034c363125f)"},"filename":"/home/runner/work/xet-core/xet-core/xet_client/src/cas_client/retry_wrapper.rs","line_number":162}
{"timestamp":"2026-06-23T00:17:29.540015Z","level":"INFO","fields":{"message":"Received CAS response","request_id":"01KVRXDNP4ZZW6X7K5S2FMH1B4","status_code":200},"filename":"/home/runner/work/xet-core/xet-core/xet_client/src/common/http_client.rs","line_number":288}
{"timestamp":"2026-06-23T00:17:29.540039Z","level":"INFO","fields":{"message":"Request Success: cas::get_reconstruction_v2 api call succeeded (request id 01KVRXDNP4ZZW6X7K5S2FMH1B4)."},"filename":"/home/runner/work/xet-core/xet-core/xet_client/src/cas_client/retry_wrapper.rs","line_number":210}
{"timestamp":"2026-06-23T00:17:29.540061Z","level":"INFO","fields":{"message":"Completed get_reconstruction API call","call_id":10,"file_id":"21b36a86e5f8663c44c00025062c78c18c64ae7c86c6d4819e35b034c363125f","bytes_range":"Some(Range { start: 0, end: 256000000 })","api_version":"v2"},"filename":"/home/runner/work/xet-core/xet-core/xet_client/src/cas_client/remote_client.rs","line_number":234}
{"timestamp":"2026-06-23T00:17:29.540097Z","level":"INFO","fields":{"message":"Received block of file terms from prefetch queue","file_hash":"21b36a86e5f8663c44c00025062c78c18c64ae7c86c6d4819e35b034c363125f","domain":"transfer.xethub.hf.co","block_start":0,"block_end":11421990,"block_size":1},"filename":"/home/runner/work/xet-core/xet-core/xet_data/src/file_reconstruction/reconstruction_terms/manager.rs","line_number":151}
{"timestamp":"2026-06-23T00:17:29.540124Z","level":"INFO","fields":{"message":"Updated completion rate estimate based on previous block completion time (seconds).","file_hash":"21b36a86e5f8663c44c00025062c78c18c64ae7c86c6d4819e35b034c363125f","block_start":0,"block_end":11421990,"block_size":11421990,"completion_time":0.000026239},"filename":"/home/runner/work/xet-core/xet-core/xet_data/src/file_reconstruction/reconstruction_terms/manager.rs","line_number":104}
{"timestamp":"2026-06-23T00:17:29.540131Z","level":"INFO","fields":{"message":"Completed prefetch queue; end of file reached.","file_hash":"21b36a86e5f8663c44c00025062c78c18c64ae7c86c6d4819e35b034c363125f","prefetched_byte_position":1024000000},"filename":"/home/runner/work/xet-core/xet-core/xet_data/src/file_reconstruction/reconstruction_terms/manager.rs","line_number":178}
{"timestamp":"2026-06-23T00:17:29.540135Z","level":"INFO","fields":{"message":"All term blocks received and scheduled for writing","file_hash":"21b36a86e5f8663c44c00025062c78c18c64ae7c86c6d4819e35b034c363125f","block_count":1,"total_terms_processed":1,"total_bytes_scheduled":11421990},"filename":"/home/runner/work/xet-core/xet-core/xet_data/src/file_reconstruction/run_state.rs","line_number":150}
{"timestamp":"2026-06-23T00:17:29.540156Z","level":"INFO","fields":{"message":"Retry strategy","max_attempts":5,"base_delay":"3s","no_retry_on_429":false},"filename":"/home/runner/work/xet-core/xet-core/xet_client/src/cas_client/retry_wrapper.rs","line_number":249}
{"timestamp":"2026-06-23T00:17:29.649762Z","level":"INFO","fields":{"message":"Received CAS response","request_id":"","status_code":206},"filename":"/home/runner/work/xet-core/xet-core/xet_client/src/common/http_client.rs","line_number":288}
{"timestamp":"2026-06-23T00:17:29.649787Z","level":"INFO","fields":{"message":"Request Success: s3::get_range api call succeeded (request id )."},"filename":"/home/runner/work/xet-core/xet-core/xet_client/src/cas_client/retry_wrapper.rs","line_number":210}
{"timestamp":"2026-06-23T00:17:29.967242Z","level":"INFO","fields":{"message":"File reconstruction completed successfully","file_hash":"21b36a86e5f8663c44c00025062c78c18c64ae7c86c6d4819e35b034c363125f","block_count":1,"total_terms_processed":1,"total_bytes_scheduled":11421990},"filename":"/home/runner/work/xet-core/xet-core/xet_data/src/file_reconstruction/run_state.rs","line_number":150}
{"timestamp":"2026-06-23T00:17:29.968112Z","level":"INFO","fields":{"message":"File reconstruction completed successfully","file_hash":"7a3b9c009ba65e034578d44b4f887376707f68e1577ce268c70bd88d9a6c527f","block_count":3,"total_terms_processed":45,"total_bytes_scheduled":988097824},"filename":"/home/runner/work/xet-core/xet-core/xet_data/src/file_reconstruction/run_state.rs","line_number":150}
{"timestamp":"2026-06-23T00:17:30.079265Z","level":"INFO","fields":{"message":"CAS auth disabled","caller":"/home/runner/work/xet-core/xet-core/xet_client/src/common/http_client.rs:166"},"filename":"/home/runner/work/xet-core/xet-core/xet_runtime/src/error_printer/mod.rs","line_number":198}
{"timestamp":"2026-06-23T00:17:30.085901Z","level":"INFO","fields":{"message":"HTTP client configured","idle_timeout":"60s","max_idle_connections":16,"custom_headers":"Some({\"authorization\": \"[REDACTED]\", \"user-agent\": \"unknown/None; hf_hub/1.20.1; python/3.11.15; torch/2.12.1\"})"},"filename":"/home/runner/work/xet-core/xet-core/xet_client/src/common/http_client.rs","line_number":187}
{"timestamp":"2026-06-23T00:17:30.085925Z","level":"INFO","fields":{"message":"Retry strategy","max_attempts":5,"base_delay":"3s","no_retry_on_429":false},"filename":"/home/runner/work/xet-core/xet-core/xet_client/src/cas_client/retry_wrapper.rs","line_number":249}
{"timestamp":"2026-06-23T00:17:30.199228Z","level":"INFO","fields":{"message":"Received CAS response","request_id":"Root=1-6a39d09a-4a7b87ce666256701e2ea97e","status_code":200},"filename":"/home/runner/work/xet-core/xet-core/xet_client/src/common/http_client.rs","line_number":288}
{"timestamp":"2026-06-23T00:17:30.199253Z","level":"INFO","fields":{"message":"Request Success: xet-token api call succeeded (request id Root=1-6a39d09a-4a7b87ce666256701e2ea97e)."},"filename":"/home/runner/work/xet-core/xet-core/xet_client/src/cas_client/retry_wrapper.rs","line_number":210}
{"timestamp":"2026-06-23T00:17:30.199329Z","level":"INFO","fields":{"message":"TranslatorConfig initialized","endpoint":"https://cas-server.xethub.hf.co","session_id":"Some(\"019ef1d6-da57-70a0-aebc-18a592ddc3b7\")","shard_cache":"/home/runner/work/FinAI/FinAI/.hf_cache/xet/https___cas_serv-tGqkUaZf_CBPHQ6h/shard-cache","shard_session":"/home/runner/work/FinAI/FinAI/.hf_cache/xet/https___cas_serv-tGqkUaZf_CBPHQ6h/staging/shard-session"},"filename":"/home/runner/work/xet-core/xet-core/xet_data/src/processing/configurations.rs","line_number":115}
{"timestamp":"2026-06-23T00:17:30.205801Z","level":"INFO","fields":{"message":"HTTP client configured","idle_timeout":"60s","max_idle_connections":16,"custom_headers":"Some({\"user-agent\": \"unknown/None; hf_hub/1.20.1; python/3.11.15; torch/2.12.1; hf_xet/1.5.1\"})"},"filename":"/home/runner/work/xet-core/xet-core/xet_client/src/common/http_client.rs","line_number":187}
{"timestamp":"2026-06-23T00:17:30.205816Z","level":"INFO","fields":{"message":"CAS auth disabled","caller":"/home/runner/work/xet-core/xet-core/xet_client/src/common/http_client.rs:166"},"filename":"/home/runner/work/xet-core/xet-core/xet_runtime/src/error_printer/mod.rs","line_number":198}
{"timestamp":"2026-06-23T00:17:30.205820Z","level":"INFO","fields":{"message":"HTTP client configured","idle_timeout":"60s","max_idle_connections":16,"custom_headers":"Some({\"user-agent\": \"unknown/None; hf_hub/1.20.1; python/3.11.15; torch/2.12.1; hf_xet/1.5.1\"})"},"filename":"/home/runner/work/xet-core/xet-core/xet_client/src/common/http_client.rs","line_number":187}
{"timestamp":"2026-06-23T00:17:30.211997Z","level":"INFO","fields":{"message":"No-read-timeout HTTP client configured (for shard uploads)","connect_timeout":"60s"},"filename":"/home/runner/work/xet-core/xet-core/xet_client/src/common/http_client.rs","line_number":136}
{"timestamp":"2026-06-23T00:17:30.212009Z","level":"INFO","fields":{"message":"Initializing Adaptive Concurrency Controller for upload with starting concurrency = 2; min = 1, max = 64, min_bytes_for_adjustment = 20000000, min_completed_transmissions_for_adjustment = 1"},"filename":"/home/runner/work/xet-core/xet-core/xet_client/src/cas_client/adaptive_concurrency/controller.rs","line_number":301}
{"timestamp":"2026-06-23T00:17:30.212014Z","level":"INFO","fields":{"message":"Initializing Adaptive Concurrency Controller for download with starting concurrency = 4; min = 1, max = 64, min_bytes_for_adjustment = 20000000, min_completed_transmissions_for_adjustment = 1"},"filename":"/home/runner/work/xet-core/xet-core/xet_client/src/cas_client/adaptive_concurrency/controller.rs","line_number":301}
{"timestamp":"2026-06-23T00:17:30.212055Z","level":"INFO","fields":{"message":"New file download group, session_id=019ef1d6-be19-79d2-a786-8e8bd20407b1, group_id=13"},"filename":"/home/runner/work/xet-core/xet-core/xet_pkg/src/xet_session/file_download_group.rs","line_number":61}
{"timestamp":"2026-06-23T00:17:30.212153Z","level":"INFO","fields":{"message":"Download file to path","group_id":"13","dest_path":"\"/home/runner/work/FinAI/FinAI/temp_download/.cache/huggingface/download/checkpoint/BbZQhXbpaYPFp6jbudOhcbSuIqA=.4f9d45760c9834586c7adc5e6e7f052bf31831ca057178ccfb9384e46497bc5d.a9c54772.incomplete\"","hash":"4dc59d78c4223bf1a31819eba42e4b3e57d3fb7fa730e7cf2fa0e042f24c3ffb"},"filename":"/home/runner/work/xet-core/xet-core/xet_pkg/src/xet_session/file_download_group.rs","line_number":287}
{"timestamp":"2026-06-23T00:17:30.212224Z","level":"INFO","fields":{"message":"Reconstructing file to disk","file_hash":"4dc59d78c4223bf1a31819eba42e4b3e57d3fb7fa730e7cf2fa0e042f24c3ffb","byte_range":"None","path":"/home/runner/work/FinAI/FinAI/temp_download/.cache/huggingface/download/checkpoint/BbZQhXbpaYPFp6jbudOhcbSuIqA=.4f9d45760c9834586c7adc5e6e7f052bf31831ca057178ccfb9384e46497bc5d.a9c54772.incomplete","write_offset":"None"},"filename":"/home/runner/work/xet-core/xet-core/xet_data/src/file_reconstruction/file_reconstructor.rs","line_number":121}
{"timestamp":"2026-06-23T00:17:30.212268Z","level":"INFO","fields":{"message":"Download group finish","group_id":"13"},"filename":"/home/runner/work/xet-core/xet-core/xet_pkg/src/xet_session/file_download_group.rs","line_number":306}
{"timestamp":"2026-06-23T00:17:30.212311Z","level":"INFO","fields":{"message":"Scheduling prefetch block","file_hash":"4dc59d78c4223bf1a31819eba42e4b3e57d3fb7fa730e7cf2fa0e042f24c3ffb","prefetch_range":"(0, 256000000)","requested_block_size":256000000,"actual_block_size":256000000,"queue_depth":1},"filename":"/home/runner/work/xet-core/xet-core/xet_data/src/file_reconstruction/reconstruction_terms/manager.rs","line_number":272}
{"timestamp":"2026-06-23T00:17:30.212324Z","level":"INFO","fields":{"message":"Scheduling prefetch block","file_hash":"4dc59d78c4223bf1a31819eba42e4b3e57d3fb7fa730e7cf2fa0e042f24c3ffb","prefetch_range":"(256000000, 768000000)","requested_block_size":512000000,"actual_block_size":512000000,"queue_depth":2},"filename":"/home/runner/work/xet-core/xet-core/xet_data/src/file_reconstruction/reconstruction_terms/manager.rs","line_number":272}
{"timestamp":"2026-06-23T00:17:30.212332Z","level":"INFO","fields":{"message":"Scheduling prefetch block","file_hash":"4dc59d78c4223bf1a31819eba42e4b3e57d3fb7fa730e7cf2fa0e042f24c3ffb","prefetch_range":"(768000000, 1024000000)","requested_block_size":256000000,"actual_block_size":256000000,"queue_depth":3},"filename":"/home/runner/work/xet-core/xet-core/xet_data/src/file_reconstruction/reconstruction_terms/manager.rs","line_number":272}
{"timestamp":"2026-06-23T00:17:30.212348Z","level":"INFO","fields":{"message":"Starting get_reconstruction API call","call_id":11,"file_id":"4dc59d78c4223bf1a31819eba42e4b3e57d3fb7fa730e7cf2fa0e042f24c3ffb","bytes_range":"Some(Range { start: 768000000, end: 1024000000 })","api_version":"v2"},"filename":"/home/runner/work/xet-core/xet-core/xet_client/src/cas_client/remote_client.rs","line_number":210}
{"timestamp":"2026-06-23T00:17:30.212348Z","level":"INFO","fields":{"message":"Starting get_reconstruction API call","call_id":12,"file_id":"4dc59d78c4223bf1a31819eba42e4b3e57d3fb7fa730e7cf2fa0e042f24c3ffb","bytes_range":"Some(Range { start: 0, end: 256000000 })","api_version":"v2"},"filename":"/home/runner/work/xet-core/xet-core/xet_client/src/cas_client/remote_client.rs","line_number":210}
{"timestamp":"2026-06-23T00:17:30.212356Z","level":"INFO","fields":{"message":"Retry strategy","max_attempts":5,"base_delay":"3s","no_retry_on_429":false},"filename":"/home/runner/work/xet-core/xet-core/xet_client/src/cas_client/retry_wrapper.rs","line_number":249}
{"timestamp":"2026-06-23T00:17:30.212356Z","level":"INFO","fields":{"message":"Retry strategy","max_attempts":5,"base_delay":"3s","no_retry_on_429":false},"filename":"/home/runner/work/xet-core/xet-core/xet_client/src/cas_client/retry_wrapper.rs","line_number":249}
{"timestamp":"2026-06-23T00:17:30.212371Z","level":"INFO","fields":{"message":"Starting get_reconstruction API call","call_id":13,"file_id":"4dc59d78c4223bf1a31819eba42e4b3e57d3fb7fa730e7cf2fa0e042f24c3ffb","bytes_range":"Some(Range { start: 256000000, end: 768000000 })","api_version":"v2"},"filename":"/home/runner/work/xet-core/xet-core/xet_client/src/cas_client/remote_client.rs","line_number":210}
{"timestamp":"2026-06-23T00:17:30.212378Z","level":"INFO","fields":{"message":"Retry strategy","max_attempts":5,"base_delay":"3s","no_retry_on_429":false},"filename":"/home/runner/work/xet-core/xet-core/xet_client/src/cas_client/retry_wrapper.rs","line_number":249}
{"timestamp":"2026-06-23T00:17:30.414477Z","level":"INFO","fields":{"message":"Received CAS response","request_id":"01KVRXDPRHB3YA4S6TDJA1RJ21","status_code":416},"filename":"/home/runner/work/xet-core/xet-core/xet_client/src/common/http_client.rs","line_number":288}
{"timestamp":"2026-06-23T00:17:30.414508Z","level":"INFO","fields":{"message":"Reached end of reconstruction 416 (Range Not Satisfiable): \"cas::get_reconstruction_v2\" api call failed (request id 01KVRXDPRHB3YA4S6TDJA1RJ21): HTTP status client error (416 Range Not Satisfiable) for url (https://cas-server.xethub.hf.co/v2/reconstructions/4dc59d78c4223bf1a31819eba42e4b3e57d3fb7fa730e7cf2fa0e042f24c3ffb)"},"filename":"/home/runner/work/xet-core/xet-core/xet_client/src/cas_client/retry_wrapper.rs","line_number":162}
{"timestamp":"2026-06-23T00:17:30.419874Z","level":"INFO","fields":{"message":"Received CAS response","request_id":"01KVRXDPRMD59QC747KE2K12AJ","status_code":416},"filename":"/home/runner/work/xet-core/xet-core/xet_client/src/common/http_client.rs","line_number":288}
{"timestamp":"2026-06-23T00:17:30.419894Z","level":"INFO","fields":{"message":"Reached end of reconstruction 416 (Range Not Satisfiable): \"cas::get_reconstruction_v2\" api call failed (request id 01KVRXDPRMD59QC747KE2K12AJ): HTTP status client error (416 Range Not Satisfiable) for url (https://cas-server.xethub.hf.co/v2/reconstructions/4dc59d78c4223bf1a31819eba42e4b3e57d3fb7fa730e7cf2fa0e042f24c3ffb)"},"filename":"/home/runner/work/xet-core/xet-core/xet_client/src/cas_client/retry_wrapper.rs","line_number":162}
{"timestamp":"2026-06-23T00:17:30.586613Z","level":"INFO","fields":{"message":"Received CAS response","request_id":"01KVRXDPRN05B4X765DGXKTZN6","status_code":200},"filename":"/home/runner/work/xet-core/xet-core/xet_client/src/common/http_client.rs","line_number":288}
{"timestamp":"2026-06-23T00:17:30.586639Z","level":"INFO","fields":{"message":"Request Success: cas::get_reconstruction_v2 api call succeeded (request id 01KVRXDPRN05B4X765DGXKTZN6)."},"filename":"/home/runner/work/xet-core/xet-core/xet_client/src/cas_client/retry_wrapper.rs","line_number":210}
{"timestamp":"2026-06-23T00:17:30.586668Z","level":"INFO","fields":{"message":"Completed get_reconstruction API call","call_id":12,"file_id":"4dc59d78c4223bf1a31819eba42e4b3e57d3fb7fa730e7cf2fa0e042f24c3ffb","bytes_range":"Some(Range { start: 0, end: 256000000 })","api_version":"v2"},"filename":"/home/runner/work/xet-core/xet-core/xet_client/src/cas_client/remote_client.rs","line_number":234}
{"timestamp":"2026-06-23T00:17:30.586712Z","level":"INFO","fields":{"message":"Received block of file terms from prefetch queue","file_hash":"4dc59d78c4223bf1a31819eba42e4b3e57d3fb7fa730e7cf2fa0e042f24c3ffb","domain":"transfer.xethub.hf.co","block_start":0,"block_end":1361,"block_size":1},"filename":"/home/runner/work/xet-core/xet-core/xet_data/src/file_reconstruction/reconstruction_terms/manager.rs","line_number":151}
{"timestamp":"2026-06-23T00:17:30.586759Z","level":"INFO","fields":{"message":"Updated completion rate estimate based on previous block completion time (seconds).","file_hash":"4dc59d78c4223bf1a31819eba42e4b3e57d3fb7fa730e7cf2fa0e042f24c3ffb","block_start":0,"block_end":1361,"block_size":1361,"completion_time":0.000045958},"filename":"/home/runner/work/xet-core/xet-core/xet_data/src/file_reconstruction/reconstruction_terms/manager.rs","line_number":104}
{"timestamp":"2026-06-23T00:17:30.586772Z","level":"INFO","fields":{"message":"Completed prefetch queue; end of file reached.","file_hash":"4dc59d78c4223bf1a31819eba42e4b3e57d3fb7fa730e7cf2fa0e042f24c3ffb","prefetched_byte_position":1024000000},"filename":"/home/runner/work/xet-core/xet-core/xet_data/src/file_reconstruction/reconstruction_terms/manager.rs","line_number":178}
{"timestamp":"2026-06-23T00:17:30.586776Z","level":"INFO","fields":{"message":"All term blocks received and scheduled for writing","file_hash":"4dc59d78c4223bf1a31819eba42e4b3e57d3fb7fa730e7cf2fa0e042f24c3ffb","block_count":1,"total_terms_processed":1,"total_bytes_scheduled":1361},"filename":"/home/runner/work/xet-core/xet-core/xet_data/src/file_reconstruction/run_state.rs","line_number":150}
{"timestamp":"2026-06-23T00:17:30.586793Z","level":"INFO","fields":{"message":"Retry strategy","max_attempts":5,"base_delay":"3s","no_retry_on_429":false},"filename":"/home/runner/work/xet-core/xet-core/xet_client/src/cas_client/retry_wrapper.rs","line_number":249}
{"timestamp":"2026-06-23T00:17:30.664610Z","level":"INFO","fields":{"message":"Received CAS response","request_id":"","status_code":206},"filename":"/home/runner/work/xet-core/xet-core/xet_client/src/common/http_client.rs","line_number":288}
{"timestamp":"2026-06-23T00:17:30.664632Z","level":"INFO","fields":{"message":"Request Success: s3::get_range api call succeeded (request id )."},"filename":"/home/runner/work/xet-core/xet-core/xet_client/src/cas_client/retry_wrapper.rs","line_number":210}
{"timestamp":"2026-06-23T00:17:30.664855Z","level":"INFO","fields":{"message":"File reconstruction completed successfully","file_hash":"4dc59d78c4223bf1a31819eba42e4b3e57d3fb7fa730e7cf2fa0e042f24c3ffb","block_count":1,"total_terms_processed":1,"total_bytes_scheduled":1361},"filename":"/home/runner/work/xet-core/xet-core/xet_data/src/file_reconstruction/run_state.rs","line_number":150}
