{"timestamp":"2026-07-10T00:13:50.158194Z","level":"INFO","fields":{"message":"python/3.11.15; huggingface_hub/1.23.0; hf_xet/1.5.1; , xet-core revision 9dc8c18"},"filename":"/home/runner/work/xet-core/xet-core/xet_runtime/src/logging/init.rs","line_number":65}
{"timestamp":"2026-07-10T00:13:50.158254Z","level":"INFO","fields":{"message":"hf_xet logging configured."},"filename":"src/logging.rs","line_number":36}
{"timestamp":"2026-07-10T00:13:50.158319Z","level":"INFO","fields":{"message":"starting log cleanup in \"/home/runner/work/FinAI/FinAI/.hf_cache/xet/logs\" (min_age=86400s, max_retention=1209600s, max_size=250MB bytes)"},"filename":"/home/runner/work/xet-core/xet-core/xet_runtime/src/logging/init.rs","line_number":241}
{"timestamp":"2026-07-10T00:13:50.158348Z","level":"INFO","fields":{"message":"Config: min_spacing_between_global_dedup_queries = 256 (default)"},"filename":"/home/runner/work/xet-core/xet-core/xet_runtime/src/utils/configuration_utils.rs","line_number":53}
{"timestamp":"2026-07-10T00:13:50.158353Z","level":"INFO","fields":{"message":"Config: local_cas_scheme = \"local://\" (default)"},"filename":"/home/runner/work/xet-core/xet-core/xet_runtime/src/utils/configuration_utils.rs","line_number":53}
{"timestamp":"2026-07-10T00:13:50.158358Z","level":"INFO","fields":{"message":"Config: max_concurrent_file_ingestion = 8 (default)"},"filename":"/home/runner/work/xet-core/xet-core/xet_runtime/src/utils/configuration_utils.rs","line_number":53}
{"timestamp":"2026-07-10T00:13:50.158361Z","level":"INFO","fields":{"message":"Config: max_concurrent_file_downloads = 8 (default)"},"filename":"/home/runner/work/xet-core/xet-core/xet_runtime/src/utils/configuration_utils.rs","line_number":53}
{"timestamp":"2026-07-10T00:13:50.158365Z","level":"INFO","fields":{"message":"Config: ingestion_block_size = 8MB (default)"},"filename":"/home/runner/work/xet-core/xet-core/xet_runtime/src/utils/configuration_utils.rs","line_number":53}
{"timestamp":"2026-07-10T00:13:50.158368Z","level":"INFO","fields":{"message":"Config: progress_update_interval = 200ms (default)"},"filename":"/home/runner/work/xet-core/xet-core/xet_runtime/src/utils/configuration_utils.rs","line_number":53}
{"timestamp":"2026-07-10T00:13:50.158372Z","level":"INFO","fields":{"message":"Config: progress_update_speed_sampling_window = 10s (default)"},"filename":"/home/runner/work/xet-core/xet-core/xet_runtime/src/utils/configuration_utils.rs","line_number":53}
{"timestamp":"2026-07-10T00:13:50.158375Z","level":"INFO","fields":{"message":"Config: progress_update_speed_min_observations = 4 (default)"},"filename":"/home/runner/work/xet-core/xet-core/xet_runtime/src/utils/configuration_utils.rs","line_number":53}
{"timestamp":"2026-07-10T00:13:50.158378Z","level":"INFO","fields":{"message":"Config: session_xorb_metadata_flush_interval = 20s (default)"},"filename":"/home/runner/work/xet-core/xet-core/xet_runtime/src/utils/configuration_utils.rs","line_number":53}
{"timestamp":"2026-07-10T00:13:50.158381Z","level":"INFO","fields":{"message":"Config: session_xorb_metadata_flush_max_count = 64 (default)"},"filename":"/home/runner/work/xet-core/xet-core/xet_runtime/src/utils/configuration_utils.rs","line_number":53}
{"timestamp":"2026-07-10T00:13:50.158385Z","level":"INFO","fields":{"message":"Config: default_cas_endpoint = \"http://localhost:8080\" (default)"},"filename":"/home/runner/work/xet-core/xet-core/xet_runtime/src/utils/configuration_utils.rs","line_number":53}
{"timestamp":"2026-07-10T00:13:50.158388Z","level":"INFO","fields":{"message":"Config: aggregate_progress = true (default)"},"filename":"/home/runner/work/xet-core/xet-core/xet_runtime/src/utils/configuration_utils.rs","line_number":53}
{"timestamp":"2026-07-10T00:13:50.158391Z","level":"INFO","fields":{"message":"Config: default_prefix = \"default\" (default)"},"filename":"/home/runner/work/xet-core/xet-core/xet_runtime/src/utils/configuration_utils.rs","line_number":53}
{"timestamp":"2026-07-10T00:13:50.158397Z","level":"INFO","fields":{"message":"Config: staging_subdir = \"staging\" (default)"},"filename":"/home/runner/work/xet-core/xet-core/xet_runtime/src/utils/configuration_utils.rs","line_number":53}
{"timestamp":"2026-07-10T00:13:50.158422Z","level":"INFO","fields":{"message":"Config: target_size = 67108864 (default)"},"filename":"/home/runner/work/xet-core/xet-core/xet_runtime/src/utils/configuration_utils.rs","line_number":53}
{"timestamp":"2026-07-10T00:13:50.158426Z","level":"INFO","fields":{"message":"Config: max_target_size = 67108864 (default)"},"filename":"/home/runner/work/xet-core/xet-core/xet_runtime/src/utils/configuration_utils.rs","line_number":53}
{"timestamp":"2026-07-10T00:13:50.158430Z","level":"INFO","fields":{"message":"Config: cache_size_limit = 16GB (default)"},"filename":"/home/runner/work/xet-core/xet-core/xet_runtime/src/utils/configuration_utils.rs","line_number":53}
{"timestamp":"2026-07-10T00:13:50.158434Z","level":"INFO","fields":{"message":"Config: chunk_index_table_max_size = 67108864 (default)"},"filename":"/home/runner/work/xet-core/xet-core/xet_runtime/src/utils/configuration_utils.rs","line_number":53}
{"timestamp":"2026-07-10T00:13:50.158437Z","level":"INFO","fields":{"message":"Config: cache_subdir = \"shard-cache\" (default)"},"filename":"/home/runner/work/xet-core/xet-core/xet_runtime/src/utils/configuration_utils.rs","line_number":53}
{"timestamp":"2026-07-10T00:13:50.158440Z","level":"INFO","fields":{"message":"Config: nranges_in_streaming_fragmentation_estimator = 128 (default)"},"filename":"/home/runner/work/xet-core/xet-core/xet_runtime/src/utils/configuration_utils.rs","line_number":53}
{"timestamp":"2026-07-10T00:13:50.158444Z","level":"INFO","fields":{"message":"Config: min_n_chunks_per_range_hysteresis_factor = 0.5 (default)"},"filename":"/home/runner/work/xet-core/xet-core/xet_runtime/src/utils/configuration_utils.rs","line_number":53}
{"timestamp":"2026-07-10T00:13:50.158450Z","level":"INFO","fields":{"message":"Config: min_n_chunks_per_range = 8.0 (default)"},"filename":"/home/runner/work/xet-core/xet-core/xet_runtime/src/utils/configuration_utils.rs","line_number":53}
{"timestamp":"2026-07-10T00:13:50.158453Z","level":"INFO","fields":{"message":"Config: global_dedup_query_enabled = true (default)"},"filename":"/home/runner/work/xet-core/xet-core/xet_runtime/src/utils/configuration_utils.rs","line_number":53}
{"timestamp":"2026-07-10T00:13:50.158456Z","level":"INFO","fields":{"message":"Config: size_bytes = 0 (default)"},"filename":"/home/runner/work/xet-core/xet-core/xet_runtime/src/utils/configuration_utils.rs","line_number":53}
{"timestamp":"2026-07-10T00:13:50.158461Z","level":"INFO","fields":{"message":"Config: retry_max_attempts = 5 (default)"},"filename":"/home/runner/work/xet-core/xet-core/xet_runtime/src/utils/configuration_utils.rs","line_number":53}
{"timestamp":"2026-07-10T00:13:50.158464Z","level":"INFO","fields":{"message":"Config: retry_base_delay = 3s (default)"},"filename":"/home/runner/work/xet-core/xet-core/xet_runtime/src/utils/configuration_utils.rs","line_number":53}
{"timestamp":"2026-07-10T00:13:50.158467Z","level":"INFO","fields":{"message":"Config: retry_max_duration = 360s (default)"},"filename":"/home/runner/work/xet-core/xet-core/xet_runtime/src/utils/configuration_utils.rs","line_number":53}
{"timestamp":"2026-07-10T00:13:50.158470Z","level":"INFO","fields":{"message":"Config: idle_connection_timeout = 60s (default)"},"filename":"/home/runner/work/xet-core/xet-core/xet_runtime/src/utils/configuration_utils.rs","line_number":53}
{"timestamp":"2026-07-10T00:13:50.158473Z","level":"INFO","fields":{"message":"Config: max_idle_connections = 16 (default)"},"filename":"/home/runner/work/xet-core/xet-core/xet_runtime/src/utils/configuration_utils.rs","line_number":53}
{"timestamp":"2026-07-10T00:13:50.158476Z","level":"INFO","fields":{"message":"Config: connect_timeout = 60s (default)"},"filename":"/home/runner/work/xet-core/xet-core/xet_runtime/src/utils/configuration_utils.rs","line_number":53}
{"timestamp":"2026-07-10T00:13:50.158479Z","level":"INFO","fields":{"message":"Config: read_timeout = 300s (default)"},"filename":"/home/runner/work/xet-core/xet-core/xet_runtime/src/utils/configuration_utils.rs","line_number":53}
{"timestamp":"2026-07-10T00:13:50.158483Z","level":"INFO","fields":{"message":"Config: upload_reporting_block_size = 524288 (default)"},"filename":"/home/runner/work/xet-core/xet-core/xet_runtime/src/utils/configuration_utils.rs","line_number":53}
{"timestamp":"2026-07-10T00:13:50.158486Z","level":"INFO","fields":{"message":"Config: enable_adaptive_concurrency = true (default)"},"filename":"/home/runner/work/xet-core/xet-core/xet_runtime/src/utils/configuration_utils.rs","line_number":53}
{"timestamp":"2026-07-10T00:13:50.158488Z","level":"INFO","fields":{"message":"Config: ac_min_adjustment_window_ms = 500 (default)"},"filename":"/home/runner/work/xet-core/xet-core/xet_runtime/src/utils/configuration_utils.rs","line_number":53}
{"timestamp":"2026-07-10T00:13:50.158492Z","level":"INFO","fields":{"message":"Config: ac_min_bytes_required_for_adjustment = 20MB (default)"},"filename":"/home/runner/work/xet-core/xet-core/xet_runtime/src/utils/configuration_utils.rs","line_number":53}
{"timestamp":"2026-07-10T00:13:50.158495Z","level":"INFO","fields":{"message":"Config: ac_num_transmissions_required_for_adjustment = 1 (default)"},"filename":"/home/runner/work/xet-core/xet-core/xet_runtime/src/utils/configuration_utils.rs","line_number":53}
{"timestamp":"2026-07-10T00:13:50.158498Z","level":"INFO","fields":{"message":"Config: ac_latency_rtt_half_life = 64.0 (default)"},"filename":"/home/runner/work/xet-core/xet-core/xet_runtime/src/utils/configuration_utils.rs","line_number":53}
{"timestamp":"2026-07-10T00:13:50.158501Z","level":"INFO","fields":{"message":"Config: ac_success_tracking_half_life = 8.0 (default)"},"filename":"/home/runner/work/xet-core/xet-core/xet_runtime/src/utils/configuration_utils.rs","line_number":53}
{"timestamp":"2026-07-10T00:13:50.158504Z","level":"INFO","fields":{"message":"Config: ac_target_rtt = 60s (default)"},"filename":"/home/runner/work/xet-core/xet-core/xet_runtime/src/utils/configuration_utils.rs","line_number":53}
{"timestamp":"2026-07-10T00:13:50.158507Z","level":"INFO","fields":{"message":"Config: ac_max_healthy_rtt = 90s (default)"},"filename":"/home/runner/work/xet-core/xet-core/xet_runtime/src/utils/configuration_utils.rs","line_number":53}
{"timestamp":"2026-07-10T00:13:50.158510Z","level":"INFO","fields":{"message":"Config: ac_rtt_success_max_quantile = 0.95 (default)"},"filename":"/home/runner/work/xet-core/xet-core/xet_runtime/src/utils/configuration_utils.rs","line_number":53}
{"timestamp":"2026-07-10T00:13:50.158513Z","level":"INFO","fields":{"message":"Config: ac_healthy_success_ratio_threshold = 0.8 (default)"},"filename":"/home/runner/work/xet-core/xet-core/xet_runtime/src/utils/configuration_utils.rs","line_number":53}
{"timestamp":"2026-07-10T00:13:50.158516Z","level":"INFO","fields":{"message":"Config: ac_unhealthy_success_ratio_threshold = 0.5 (default)"},"filename":"/home/runner/work/xet-core/xet-core/xet_runtime/src/utils/configuration_utils.rs","line_number":53}
{"timestamp":"2026-07-10T00:13:50.158520Z","level":"INFO","fields":{"message":"Config: ac_max_reference_transmission_size = 64MB (default)"},"filename":"/home/runner/work/xet-core/xet-core/xet_runtime/src/utils/configuration_utils.rs","line_number":53}
{"timestamp":"2026-07-10T00:13:50.158523Z","level":"INFO","fields":{"message":"Config: ac_min_reference_transmission_size = 1MB (default)"},"filename":"/home/runner/work/xet-core/xet-core/xet_runtime/src/utils/configuration_utils.rs","line_number":53}
{"timestamp":"2026-07-10T00:13:50.158526Z","level":"INFO","fields":{"message":"Config: ac_logging_interval_ms = 10000 (default)"},"filename":"/home/runner/work/xet-core/xet-core/xet_runtime/src/utils/configuration_utils.rs","line_number":53}
{"timestamp":"2026-07-10T00:13:50.158529Z","level":"INFO","fields":{"message":"Config: ac_max_upload_concurrency = 64 (default)"},"filename":"/home/runner/work/xet-core/xet-core/xet_runtime/src/utils/configuration_utils.rs","line_number":53}
{"timestamp":"2026-07-10T00:13:50.158532Z","level":"INFO","fields":{"message":"Config: ac_min_upload_concurrency = 1 (default)"},"filename":"/home/runner/work/xet-core/xet-core/xet_runtime/src/utils/configuration_utils.rs","line_number":53}
{"timestamp":"2026-07-10T00:13:50.158535Z","level":"INFO","fields":{"message":"Config: ac_initial_upload_concurrency = 2 (default)"},"filename":"/home/runner/work/xet-core/xet-core/xet_runtime/src/utils/configuration_utils.rs","line_number":53}
{"timestamp":"2026-07-10T00:13:50.158538Z","level":"INFO","fields":{"message":"Config: ac_max_download_concurrency = 64 (default)"},"filename":"/home/runner/work/xet-core/xet-core/xet_runtime/src/utils/configuration_utils.rs","line_number":53}
{"timestamp":"2026-07-10T00:13:50.158541Z","level":"INFO","fields":{"message":"Config: ac_min_download_concurrency = 1 (default)"},"filename":"/home/runner/work/xet-core/xet-core/xet_runtime/src/utils/configuration_utils.rs","line_number":53}
{"timestamp":"2026-07-10T00:13:50.158544Z","level":"INFO","fields":{"message":"Config: ac_initial_download_concurrency = 4 (default)"},"filename":"/home/runner/work/xet-core/xet-core/xet_runtime/src/utils/configuration_utils.rs","line_number":53}
{"timestamp":"2026-07-10T00:13:50.158547Z","level":"INFO","fields":{"message":"Config: unix_socket_path = None (default)"},"filename":"/home/runner/work/xet-core/xet-core/xet_runtime/src/utils/configuration_utils.rs","line_number":53}
{"timestamp":"2026-07-10T00:13:50.158550Z","level":"INFO","fields":{"message":"Config: reconstruction_api_version = None (default)"},"filename":"/home/runner/work/xet-core/xet-core/xet_runtime/src/utils/configuration_utils.rs","line_number":53}
{"timestamp":"2026-07-10T00:13:50.158554Z","level":"INFO","fields":{"message":"Config: enable_multirange_fetching = false (default)"},"filename":"/home/runner/work/xet-core/xet-core/xet_runtime/src/utils/configuration_utils.rs","line_number":53}
{"timestamp":"2026-07-10T00:13:50.158557Z","level":"INFO","fields":{"message":"Config: dest = None (default)"},"filename":"/home/runner/work/xet-core/xet-core/xet_runtime/src/utils/configuration_utils.rs","line_number":53}
{"timestamp":"2026-07-10T00:13:50.158560Z","level":"INFO","fields":{"message":"Config: format = None (default)"},"filename":"/home/runner/work/xet-core/xet-core/xet_runtime/src/utils/configuration_utils.rs","line_number":53}
{"timestamp":"2026-07-10T00:13:50.158562Z","level":"INFO","fields":{"message":"Config: prefix = \"xet\" (default)"},"filename":"/home/runner/work/xet-core/xet-core/xet_runtime/src/utils/configuration_utils.rs","line_number":53}
{"timestamp":"2026-07-10T00:13:50.158566Z","level":"INFO","fields":{"message":"Config: dir_disable_cleanup = false (default)"},"filename":"/home/runner/work/xet-core/xet-core/xet_runtime/src/utils/configuration_utils.rs","line_number":53}
{"timestamp":"2026-07-10T00:13:50.158569Z","level":"INFO","fields":{"message":"Config: dir_max_size = 250MB (default)"},"filename":"/home/runner/work/xet-core/xet-core/xet_runtime/src/utils/configuration_utils.rs","line_number":53}
{"timestamp":"2026-07-10T00:13:50.158571Z","level":"INFO","fields":{"message":"Config: dir_min_deletion_age = 86400s (default)"},"filename":"/home/runner/work/xet-core/xet-core/xet_runtime/src/utils/configuration_utils.rs","line_number":53}
{"timestamp":"2026-07-10T00:13:50.158574Z","level":"INFO","fields":{"message":"Config: dir_max_retention_age = 1209600s (default)"},"filename":"/home/runner/work/xet-core/xet-core/xet_runtime/src/utils/configuration_utils.rs","line_number":53}
{"timestamp":"2026-07-10T00:13:50.158578Z","level":"INFO","fields":{"message":"Config: min_reconstruction_fetch_size = 256MB (default)"},"filename":"/home/runner/work/xet-core/xet-core/xet_runtime/src/utils/configuration_utils.rs","line_number":53}
{"timestamp":"2026-07-10T00:13:50.158581Z","level":"INFO","fields":{"message":"Config: max_reconstruction_fetch_size = 8GB (default)"},"filename":"/home/runner/work/xet-core/xet-core/xet_runtime/src/utils/configuration_utils.rs","line_number":53}
{"timestamp":"2026-07-10T00:13:50.158584Z","level":"INFO","fields":{"message":"Config: download_buffer_size = 2GB (default)"},"filename":"/home/runner/work/xet-core/xet-core/xet_runtime/src/utils/configuration_utils.rs","line_number":53}
{"timestamp":"2026-07-10T00:13:50.158587Z","level":"INFO","fields":{"message":"Config: download_buffer_perfile_size = 512MB (default)"},"filename":"/home/runner/work/xet-core/xet-core/xet_runtime/src/utils/configuration_utils.rs","line_number":53}
{"timestamp":"2026-07-10T00:13:50.158590Z","level":"INFO","fields":{"message":"Config: download_buffer_limit = 8GB (default)"},"filename":"/home/runner/work/xet-core/xet-core/xet_runtime/src/utils/configuration_utils.rs","line_number":53}
{"timestamp":"2026-07-10T00:13:50.158593Z","level":"INFO","fields":{"message":"Config: completion_rate_estimator_half_life = 4.0 (default)"},"filename":"/home/runner/work/xet-core/xet-core/xet_runtime/src/utils/configuration_utils.rs","line_number":53}
{"timestamp":"2026-07-10T00:13:50.158596Z","level":"INFO","fields":{"message":"Config: target_block_completion_time = 900s (default)"},"filename":"/home/runner/work/xet-core/xet-core/xet_runtime/src/utils/configuration_utils.rs","line_number":53}
{"timestamp":"2026-07-10T00:13:50.158599Z","level":"INFO","fields":{"message":"Config: min_prefetch_buffer = 1GB (default)"},"filename":"/home/runner/work/xet-core/xet-core/xet_runtime/src/utils/configuration_utils.rs","line_number":53}
{"timestamp":"2026-07-10T00:13:50.158602Z","level":"INFO","fields":{"message":"Config: use_vectored_write = true (default)"},"filename":"/home/runner/work/xet-core/xet-core/xet_runtime/src/utils/configuration_utils.rs","line_number":53}
{"timestamp":"2026-07-10T00:13:50.158605Z","level":"INFO","fields":{"message":"Config: compression_scheme_retest_interval = 32 (default)"},"filename":"/home/runner/work/xet-core/xet-core/xet_runtime/src/utils/configuration_utils.rs","line_number":53}
{"timestamp":"2026-07-10T00:13:50.158608Z","level":"INFO","fields":{"message":"Config: compression_policy = \"auto\" (default)"},"filename":"/home/runner/work/xet-core/xet-core/xet_runtime/src/utils/config_enum.rs","line_number":174}
{"timestamp":"2026-07-10T00:13:50.158612Z","level":"INFO","fields":{"message":"Config: simulation_max_bytes = None (default)"},"filename":"/home/runner/work/xet-core/xet-core/xet_runtime/src/utils/configuration_utils.rs","line_number":53}
{"timestamp":"2026-07-10T00:13:50.158614Z","level":"INFO","fields":{"message":"Config: simulation_max_chunks = None (default)"},"filename":"/home/runner/work/xet-core/xet-core/xet_runtime/src/utils/configuration_utils.rs","line_number":53}
{"timestamp":"2026-07-10T00:13:50.158621Z","level":"INFO","fields":{"message":"Config: dir_name = \"shard-session\" (default)"},"filename":"/home/runner/work/xet-core/xet-core/xet_runtime/src/utils/configuration_utils.rs","line_number":53}
{"timestamp":"2026-07-10T00:13:50.158624Z","level":"INFO","fields":{"message":"Config: enabled = false (default)"},"filename":"/home/runner/work/xet-core/xet-core/xet_runtime/src/utils/configuration_utils.rs","line_number":53}
{"timestamp":"2026-07-10T00:13:50.158627Z","level":"INFO","fields":{"message":"Config: sample_interval = 5s (default)"},"filename":"/home/runner/work/xet-core/xet-core/xet_runtime/src/utils/configuration_utils.rs","line_number":53}
{"timestamp":"2026-07-10T00:13:50.158630Z","level":"INFO","fields":{"message":"Config: log_path = None (default)"},"filename":"/home/runner/work/xet-core/xet-core/xet_runtime/src/utils/configuration_utils.rs","line_number":53}
{"timestamp":"2026-07-10T00:13:50.158720Z","level":"INFO","fields":{"message":"Using 4 async threads for tokio runtime"},"filename":"/home/runner/work/xet-core/xet-core/xet_runtime/src/core/runtime.rs","line_number":70}
{"timestamp":"2026-07-10T00:13:50.159039Z","level":"INFO","fields":{"message":"Session created, session_id=019f495f-9acf-7d13-9f90-2646a3769c21"},"filename":"/home/runner/work/xet-core/xet-core/xet_pkg/src/xet_session/session.rs","line_number":183}
{"timestamp":"2026-07-10T00:13:50.159177Z","level":"INFO","fields":{"message":"CAS auth disabled","caller":"/home/runner/work/xet-core/xet-core/xet_client/src/common/http_client.rs:166"},"filename":"/home/runner/work/xet-core/xet-core/xet_runtime/src/error_printer/mod.rs","line_number":198}
{"timestamp":"2026-07-10T00:13:50.165120Z","level":"INFO","fields":{"message":"HTTP client configured","idle_timeout":"60s","max_idle_connections":16,"custom_headers":"Some({\"user-agent\": \"unknown/None; hf_hub/1.23.0; python/3.11.15; torch/2.13.0\", \"authorization\": \"[REDACTED]\"})"},"filename":"/home/runner/work/xet-core/xet-core/xet_client/src/common/http_client.rs","line_number":187}
{"timestamp":"2026-07-10T00:13:50.165138Z","level":"INFO","fields":{"message":"Retry strategy","max_attempts":5,"base_delay":"3s","no_retry_on_429":false},"filename":"/home/runner/work/xet-core/xet-core/xet_client/src/cas_client/retry_wrapper.rs","line_number":249}
{"timestamp":"2026-07-10T00:13:50.190626Z","level":"INFO","fields":{"message":"Log Directory Cleanup: found 30.586MB of logs in 228 log files, with 28.475MB in 212 files eligible for deletion."},"filename":"/home/runner/work/xet-core/xet-core/xet_runtime/src/logging/init.rs","line_number":319}
{"timestamp":"2026-07-10T00:13:50.190789Z","level":"INFO","fields":{"message":"Log Directory Cleanup: deleted 311.951kB in 209 files"},"filename":"/home/runner/work/xet-core/xet-core/xet_runtime/src/logging/init.rs","line_number":383}
{"timestamp":"2026-07-10T00:13:50.229934Z","level":"INFO","fields":{"message":"Received CAS response","request_id":"Root=1-6a50393e-398ce1cd7c2ee26631f6d673","status_code":200},"filename":"/home/runner/work/xet-core/xet-core/xet_client/src/common/http_client.rs","line_number":288}
{"timestamp":"2026-07-10T00:13:50.229951Z","level":"INFO","fields":{"message":"Request Success: xet-token api call succeeded (request id Root=1-6a50393e-398ce1cd7c2ee26631f6d673)."},"filename":"/home/runner/work/xet-core/xet-core/xet_client/src/cas_client/retry_wrapper.rs","line_number":210}
{"timestamp":"2026-07-10T00:13:50.230017Z","level":"INFO","fields":{"message":"TranslatorConfig initialized","endpoint":"https://cas-server.xethub.hf.co","session_id":"Some(\"019f495f-9b15-7423-9148-0f04f36f335a\")","shard_cache":"/home/runner/work/FinAI/FinAI/.hf_cache/xet/https___cas_serv-tGqkUaZf_CBPHQ6h/shard-cache","shard_session":"/home/runner/work/FinAI/FinAI/.hf_cache/xet/https___cas_serv-tGqkUaZf_CBPHQ6h/staging/shard-session"},"filename":"/home/runner/work/xet-core/xet-core/xet_data/src/processing/configurations.rs","line_number":115}
{"timestamp":"2026-07-10T00:13:50.235707Z","level":"INFO","fields":{"message":"HTTP client configured","idle_timeout":"60s","max_idle_connections":16,"custom_headers":"Some({\"user-agent\": \"unknown/None; hf_hub/1.23.0; python/3.11.15; torch/2.13.0; hf_xet/1.5.1\"})"},"filename":"/home/runner/work/xet-core/xet-core/xet_client/src/common/http_client.rs","line_number":187}
{"timestamp":"2026-07-10T00:13:50.235722Z","level":"INFO","fields":{"message":"CAS auth disabled","caller":"/home/runner/work/xet-core/xet-core/xet_client/src/common/http_client.rs:166"},"filename":"/home/runner/work/xet-core/xet-core/xet_runtime/src/error_printer/mod.rs","line_number":198}
{"timestamp":"2026-07-10T00:13:50.235727Z","level":"INFO","fields":{"message":"HTTP client configured","idle_timeout":"60s","max_idle_connections":16,"custom_headers":"Some({\"user-agent\": \"unknown/None; hf_hub/1.23.0; python/3.11.15; torch/2.13.0; hf_xet/1.5.1\"})"},"filename":"/home/runner/work/xet-core/xet-core/xet_client/src/common/http_client.rs","line_number":187}
{"timestamp":"2026-07-10T00:13:50.240890Z","level":"INFO","fields":{"message":"No-read-timeout HTTP client configured (for shard uploads)","connect_timeout":"60s"},"filename":"/home/runner/work/xet-core/xet-core/xet_client/src/common/http_client.rs","line_number":136}
{"timestamp":"2026-07-10T00:13:50.240900Z","level":"INFO","fields":{"message":"Initializing Adaptive Concurrency Controller for upload with starting concurrency = 2; min = 1, max = 64, min_bytes_for_adjustment = 20000000, min_completed_transmissions_for_adjustment = 1"},"filename":"/home/runner/work/xet-core/xet-core/xet_client/src/cas_client/adaptive_concurrency/controller.rs","line_number":301}
{"timestamp":"2026-07-10T00:13:50.240904Z","level":"INFO","fields":{"message":"Initializing Adaptive Concurrency Controller for download with starting concurrency = 4; min = 1, max = 64, min_bytes_for_adjustment = 20000000, min_completed_transmissions_for_adjustment = 1"},"filename":"/home/runner/work/xet-core/xet-core/xet_client/src/cas_client/adaptive_concurrency/controller.rs","line_number":301}
{"timestamp":"2026-07-10T00:13:50.240945Z","level":"INFO","fields":{"message":"New file download group, session_id=019f495f-9acf-7d13-9f90-2646a3769c21, group_id=1"},"filename":"/home/runner/work/xet-core/xet-core/xet_pkg/src/xet_session/file_download_group.rs","line_number":61}
{"timestamp":"2026-07-10T00:13:50.241046Z","level":"INFO","fields":{"message":"Download file to path","group_id":"1","dest_path":"\"/home/runner/work/FinAI/FinAI/temp_download/.cache/huggingface/download/checkpoint/rNddXgFQCB-xZSeXgBkzweEA8Qg=.062e8fddb54a8d31b6857d4e3ae03fd8e4902e4b2abb74f966874bd484919fdf.65aa97a4.incomplete\"","hash":"2901325689366787793b99e738cc360155ebed2d35e53b681deccdcaf059a677"},"filename":"/home/runner/work/xet-core/xet-core/xet_pkg/src/xet_session/file_download_group.rs","line_number":287}
{"timestamp":"2026-07-10T00:13:50.241129Z","level":"INFO","fields":{"message":"Reconstructing file to disk","file_hash":"2901325689366787793b99e738cc360155ebed2d35e53b681deccdcaf059a677","byte_range":"None","path":"/home/runner/work/FinAI/FinAI/temp_download/.cache/huggingface/download/checkpoint/rNddXgFQCB-xZSeXgBkzweEA8Qg=.062e8fddb54a8d31b6857d4e3ae03fd8e4902e4b2abb74f966874bd484919fdf.65aa97a4.incomplete","write_offset":"None"},"filename":"/home/runner/work/xet-core/xet-core/xet_data/src/file_reconstruction/file_reconstructor.rs","line_number":121}
{"timestamp":"2026-07-10T00:13:50.241214Z","level":"INFO","fields":{"message":"Scheduling prefetch block","file_hash":"2901325689366787793b99e738cc360155ebed2d35e53b681deccdcaf059a677","prefetch_range":"(0, 256000000)","requested_block_size":256000000,"actual_block_size":256000000,"queue_depth":1},"filename":"/home/runner/work/xet-core/xet-core/xet_data/src/file_reconstruction/reconstruction_terms/manager.rs","line_number":272}
{"timestamp":"2026-07-10T00:13:50.241236Z","level":"INFO","fields":{"message":"Scheduling prefetch block","file_hash":"2901325689366787793b99e738cc360155ebed2d35e53b681deccdcaf059a677","prefetch_range":"(256000000, 768000000)","requested_block_size":512000000,"actual_block_size":512000000,"queue_depth":2},"filename":"/home/runner/work/xet-core/xet-core/xet_data/src/file_reconstruction/reconstruction_terms/manager.rs","line_number":272}
{"timestamp":"2026-07-10T00:13:50.241253Z","level":"INFO","fields":{"message":"Scheduling prefetch block","file_hash":"2901325689366787793b99e738cc360155ebed2d35e53b681deccdcaf059a677","prefetch_range":"(768000000, 1024000000)","requested_block_size":256000000,"actual_block_size":256000000,"queue_depth":3},"filename":"/home/runner/work/xet-core/xet-core/xet_data/src/file_reconstruction/reconstruction_terms/manager.rs","line_number":272}
{"timestamp":"2026-07-10T00:13:50.241256Z","level":"INFO","fields":{"message":"Download group finish","group_id":"1"},"filename":"/home/runner/work/xet-core/xet-core/xet_pkg/src/xet_session/file_download_group.rs","line_number":306}
{"timestamp":"2026-07-10T00:13:50.241275Z","level":"INFO","fields":{"message":"Starting get_reconstruction API call","call_id":1,"file_id":"2901325689366787793b99e738cc360155ebed2d35e53b681deccdcaf059a677","bytes_range":"Some(Range { start: 768000000, end: 1024000000 })","api_version":"v2"},"filename":"/home/runner/work/xet-core/xet-core/xet_client/src/cas_client/remote_client.rs","line_number":210}
{"timestamp":"2026-07-10T00:13:50.241284Z","level":"INFO","fields":{"message":"Starting get_reconstruction API call","call_id":2,"file_id":"2901325689366787793b99e738cc360155ebed2d35e53b681deccdcaf059a677","bytes_range":"Some(Range { start: 0, end: 256000000 })","api_version":"v2"},"filename":"/home/runner/work/xet-core/xet-core/xet_client/src/cas_client/remote_client.rs","line_number":210}
{"timestamp":"2026-07-10T00:13:50.241286Z","level":"INFO","fields":{"message":"Retry strategy","max_attempts":5,"base_delay":"3s","no_retry_on_429":false},"filename":"/home/runner/work/xet-core/xet-core/xet_client/src/cas_client/retry_wrapper.rs","line_number":249}
{"timestamp":"2026-07-10T00:13:50.241291Z","level":"INFO","fields":{"message":"Retry strategy","max_attempts":5,"base_delay":"3s","no_retry_on_429":false},"filename":"/home/runner/work/xet-core/xet-core/xet_client/src/cas_client/retry_wrapper.rs","line_number":249}
{"timestamp":"2026-07-10T00:13:50.241459Z","level":"INFO","fields":{"message":"Starting get_reconstruction API call","call_id":3,"file_id":"2901325689366787793b99e738cc360155ebed2d35e53b681deccdcaf059a677","bytes_range":"Some(Range { start: 256000000, end: 768000000 })","api_version":"v2"},"filename":"/home/runner/work/xet-core/xet-core/xet_client/src/cas_client/remote_client.rs","line_number":210}
{"timestamp":"2026-07-10T00:13:50.241473Z","level":"INFO","fields":{"message":"Retry strategy","max_attempts":5,"base_delay":"3s","no_retry_on_429":false},"filename":"/home/runner/work/xet-core/xet-core/xet_client/src/cas_client/retry_wrapper.rs","line_number":249}
{"timestamp":"2026-07-10T00:13:50.272525Z","level":"INFO","fields":{"message":"Received CAS response","request_id":"01KX4NZ6SWC70CTY1NQE70WAWK","status_code":416},"filename":"/home/runner/work/xet-core/xet-core/xet_client/src/common/http_client.rs","line_number":288}
{"timestamp":"2026-07-10T00:13:50.272548Z","level":"INFO","fields":{"message":"Reached end of reconstruction 416 (Range Not Satisfiable): \"cas::get_reconstruction_v2\" api call failed (request id 01KX4NZ6SWC70CTY1NQE70WAWK): HTTP status client error (416 Range Not Satisfiable) for url (https://cas-server.xethub.hf.co/v2/reconstructions/2901325689366787793b99e738cc360155ebed2d35e53b681deccdcaf059a677)"},"filename":"/home/runner/work/xet-core/xet-core/xet_client/src/cas_client/retry_wrapper.rs","line_number":162}
{"timestamp":"2026-07-10T00:13:50.406063Z","level":"INFO","fields":{"message":"CAS auth disabled","caller":"/home/runner/work/xet-core/xet-core/xet_client/src/common/http_client.rs:166"},"filename":"/home/runner/work/xet-core/xet-core/xet_runtime/src/error_printer/mod.rs","line_number":198}
{"timestamp":"2026-07-10T00:13:50.412024Z","level":"INFO","fields":{"message":"HTTP client configured","idle_timeout":"60s","max_idle_connections":16,"custom_headers":"Some({\"authorization\": \"[REDACTED]\", \"user-agent\": \"unknown/None; hf_hub/1.23.0; python/3.11.15; torch/2.13.0\"})"},"filename":"/home/runner/work/xet-core/xet-core/xet_client/src/common/http_client.rs","line_number":187}
{"timestamp":"2026-07-10T00:13:50.412048Z","level":"INFO","fields":{"message":"Retry strategy","max_attempts":5,"base_delay":"3s","no_retry_on_429":false},"filename":"/home/runner/work/xet-core/xet-core/xet_client/src/cas_client/retry_wrapper.rs","line_number":249}
{"timestamp":"2026-07-10T00:13:50.442952Z","level":"INFO","fields":{"message":"Received CAS response","request_id":"Root=1-6a50393e-2f179ff74f65c473647523e1","status_code":200},"filename":"/home/runner/work/xet-core/xet-core/xet_client/src/common/http_client.rs","line_number":288}
{"timestamp":"2026-07-10T00:13:50.442968Z","level":"INFO","fields":{"message":"Request Success: xet-token api call succeeded (request id Root=1-6a50393e-2f179ff74f65c473647523e1)."},"filename":"/home/runner/work/xet-core/xet-core/xet_client/src/cas_client/retry_wrapper.rs","line_number":210}
{"timestamp":"2026-07-10T00:13:50.443029Z","level":"INFO","fields":{"message":"TranslatorConfig initialized","endpoint":"https://cas-server.xethub.hf.co","session_id":"Some(\"019f495f-9bea-7600-a923-b5cb819a18e5\")","shard_cache":"/home/runner/work/FinAI/FinAI/.hf_cache/xet/https___cas_serv-tGqkUaZf_CBPHQ6h/shard-cache","shard_session":"/home/runner/work/FinAI/FinAI/.hf_cache/xet/https___cas_serv-tGqkUaZf_CBPHQ6h/staging/shard-session"},"filename":"/home/runner/work/xet-core/xet-core/xet_data/src/processing/configurations.rs","line_number":115}
{"timestamp":"2026-07-10T00:13:50.448504Z","level":"INFO","fields":{"message":"HTTP client configured","idle_timeout":"60s","max_idle_connections":16,"custom_headers":"Some({\"user-agent\": \"unknown/None; hf_hub/1.23.0; python/3.11.15; torch/2.13.0; hf_xet/1.5.1\"})"},"filename":"/home/runner/work/xet-core/xet-core/xet_client/src/common/http_client.rs","line_number":187}
{"timestamp":"2026-07-10T00:13:50.448519Z","level":"INFO","fields":{"message":"CAS auth disabled","caller":"/home/runner/work/xet-core/xet-core/xet_client/src/common/http_client.rs:166"},"filename":"/home/runner/work/xet-core/xet-core/xet_runtime/src/error_printer/mod.rs","line_number":198}
{"timestamp":"2026-07-10T00:13:50.448523Z","level":"INFO","fields":{"message":"HTTP client configured","idle_timeout":"60s","max_idle_connections":16,"custom_headers":"Some({\"user-agent\": \"unknown/None; hf_hub/1.23.0; python/3.11.15; torch/2.13.0; hf_xet/1.5.1\"})"},"filename":"/home/runner/work/xet-core/xet-core/xet_client/src/common/http_client.rs","line_number":187}
{"timestamp":"2026-07-10T00:13:50.453555Z","level":"INFO","fields":{"message":"No-read-timeout HTTP client configured (for shard uploads)","connect_timeout":"60s"},"filename":"/home/runner/work/xet-core/xet-core/xet_client/src/common/http_client.rs","line_number":136}
{"timestamp":"2026-07-10T00:13:50.453566Z","level":"INFO","fields":{"message":"Initializing Adaptive Concurrency Controller for upload with starting concurrency = 2; min = 1, max = 64, min_bytes_for_adjustment = 20000000, min_completed_transmissions_for_adjustment = 1"},"filename":"/home/runner/work/xet-core/xet-core/xet_client/src/cas_client/adaptive_concurrency/controller.rs","line_number":301}
{"timestamp":"2026-07-10T00:13:50.453570Z","level":"INFO","fields":{"message":"Initializing Adaptive Concurrency Controller for download with starting concurrency = 4; min = 1, max = 64, min_bytes_for_adjustment = 20000000, min_completed_transmissions_for_adjustment = 1"},"filename":"/home/runner/work/xet-core/xet-core/xet_client/src/cas_client/adaptive_concurrency/controller.rs","line_number":301}
{"timestamp":"2026-07-10T00:13:50.453617Z","level":"INFO","fields":{"message":"New file download group, session_id=019f495f-9acf-7d13-9f90-2646a3769c21, group_id=3"},"filename":"/home/runner/work/xet-core/xet-core/xet_pkg/src/xet_session/file_download_group.rs","line_number":61}
{"timestamp":"2026-07-10T00:13:50.453687Z","level":"INFO","fields":{"message":"Download file to path","group_id":"3","dest_path":"\"/home/runner/work/FinAI/FinAI/temp_download/.cache/huggingface/download/checkpoint/xGOKKLRSlIhH692hSVvI1-gpoa8=.5d473401be985b410cdded108704a6d9fd5ff6d645acd5ff93dccc30b13a7a69.26413c75.incomplete\"","hash":"85da91ef59af053b1c4718adaaa7188111d74b2c4f74cfd5bdd5f49843ecaea2"},"filename":"/home/runner/work/xet-core/xet-core/xet_pkg/src/xet_session/file_download_group.rs","line_number":287}
{"timestamp":"2026-07-10T00:13:50.453763Z","level":"INFO","fields":{"message":"Reconstructing file to disk","file_hash":"85da91ef59af053b1c4718adaaa7188111d74b2c4f74cfd5bdd5f49843ecaea2","byte_range":"None","path":"/home/runner/work/FinAI/FinAI/temp_download/.cache/huggingface/download/checkpoint/xGOKKLRSlIhH692hSVvI1-gpoa8=.5d473401be985b410cdded108704a6d9fd5ff6d645acd5ff93dccc30b13a7a69.26413c75.incomplete","write_offset":"None"},"filename":"/home/runner/work/xet-core/xet-core/xet_data/src/file_reconstruction/file_reconstructor.rs","line_number":121}
{"timestamp":"2026-07-10T00:13:50.453846Z","level":"INFO","fields":{"message":"Scheduling prefetch block","file_hash":"85da91ef59af053b1c4718adaaa7188111d74b2c4f74cfd5bdd5f49843ecaea2","prefetch_range":"(0, 256000000)","requested_block_size":256000000,"actual_block_size":256000000,"queue_depth":1},"filename":"/home/runner/work/xet-core/xet-core/xet_data/src/file_reconstruction/reconstruction_terms/manager.rs","line_number":272}
{"timestamp":"2026-07-10T00:13:50.453858Z","level":"INFO","fields":{"message":"Download group finish","group_id":"3"},"filename":"/home/runner/work/xet-core/xet-core/xet_pkg/src/xet_session/file_download_group.rs","line_number":306}
{"timestamp":"2026-07-10T00:13:50.453863Z","level":"INFO","fields":{"message":"Scheduling prefetch block","file_hash":"85da91ef59af053b1c4718adaaa7188111d74b2c4f74cfd5bdd5f49843ecaea2","prefetch_range":"(256000000, 768000000)","requested_block_size":512000000,"actual_block_size":512000000,"queue_depth":2},"filename":"/home/runner/work/xet-core/xet-core/xet_data/src/file_reconstruction/reconstruction_terms/manager.rs","line_number":272}
{"timestamp":"2026-07-10T00:13:50.453880Z","level":"INFO","fields":{"message":"Scheduling prefetch block","file_hash":"85da91ef59af053b1c4718adaaa7188111d74b2c4f74cfd5bdd5f49843ecaea2","prefetch_range":"(768000000, 1024000000)","requested_block_size":256000000,"actual_block_size":256000000,"queue_depth":3},"filename":"/home/runner/work/xet-core/xet-core/xet_data/src/file_reconstruction/reconstruction_terms/manager.rs","line_number":272}
{"timestamp":"2026-07-10T00:13:50.453899Z","level":"INFO","fields":{"message":"Starting get_reconstruction API call","call_id":4,"file_id":"85da91ef59af053b1c4718adaaa7188111d74b2c4f74cfd5bdd5f49843ecaea2","bytes_range":"Some(Range { start: 768000000, end: 1024000000 })","api_version":"v2"},"filename":"/home/runner/work/xet-core/xet-core/xet_client/src/cas_client/remote_client.rs","line_number":210}
{"timestamp":"2026-07-10T00:13:50.453911Z","level":"INFO","fields":{"message":"Retry strategy","max_attempts":5,"base_delay":"3s","no_retry_on_429":false},"filename":"/home/runner/work/xet-core/xet-core/xet_client/src/cas_client/retry_wrapper.rs","line_number":249}
{"timestamp":"2026-07-10T00:13:50.453909Z","level":"INFO","fields":{"message":"Starting get_reconstruction API call","call_id":5,"file_id":"85da91ef59af053b1c4718adaaa7188111d74b2c4f74cfd5bdd5f49843ecaea2","bytes_range":"Some(Range { start: 0, end: 256000000 })","api_version":"v2"},"filename":"/home/runner/work/xet-core/xet-core/xet_client/src/cas_client/remote_client.rs","line_number":210}
{"timestamp":"2026-07-10T00:13:50.453919Z","level":"INFO","fields":{"message":"Retry strategy","max_attempts":5,"base_delay":"3s","no_retry_on_429":false},"filename":"/home/runner/work/xet-core/xet-core/xet_client/src/cas_client/retry_wrapper.rs","line_number":249}
{"timestamp":"2026-07-10T00:13:50.453921Z","level":"INFO","fields":{"message":"Starting get_reconstruction API call","call_id":6,"file_id":"85da91ef59af053b1c4718adaaa7188111d74b2c4f74cfd5bdd5f49843ecaea2","bytes_range":"Some(Range { start: 256000000, end: 768000000 })","api_version":"v2"},"filename":"/home/runner/work/xet-core/xet-core/xet_client/src/cas_client/remote_client.rs","line_number":210}
{"timestamp":"2026-07-10T00:13:50.453929Z","level":"INFO","fields":{"message":"Retry strategy","max_attempts":5,"base_delay":"3s","no_retry_on_429":false},"filename":"/home/runner/work/xet-core/xet-core/xet_client/src/cas_client/retry_wrapper.rs","line_number":249}
{"timestamp":"2026-07-10T00:13:50.898636Z","level":"INFO","fields":{"message":"Received CAS response","request_id":"01KX4NZ6SVQ0EXPWG8NDP89NQP","status_code":200},"filename":"/home/runner/work/xet-core/xet-core/xet_client/src/common/http_client.rs","line_number":288}
{"timestamp":"2026-07-10T00:13:50.898661Z","level":"INFO","fields":{"message":"Request Success: cas::get_reconstruction_v2 api call succeeded (request id 01KX4NZ6SVQ0EXPWG8NDP89NQP)."},"filename":"/home/runner/work/xet-core/xet-core/xet_client/src/cas_client/retry_wrapper.rs","line_number":210}
{"timestamp":"2026-07-10T00:13:50.898696Z","level":"INFO","fields":{"message":"Completed get_reconstruction API call","call_id":2,"file_id":"2901325689366787793b99e738cc360155ebed2d35e53b681deccdcaf059a677","bytes_range":"Some(Range { start: 0, end: 256000000 })","api_version":"v2"},"filename":"/home/runner/work/xet-core/xet-core/xet_client/src/cas_client/remote_client.rs","line_number":234}
{"timestamp":"2026-07-10T00:13:50.898752Z","level":"INFO","fields":{"message":"Received block of file terms from prefetch queue","file_hash":"2901325689366787793b99e738cc360155ebed2d35e53b681deccdcaf059a677","domain":"us.aws.cdn.hf.co","block_start":0,"block_end":256000000,"block_size":4},"filename":"/home/runner/work/xet-core/xet-core/xet_data/src/file_reconstruction/reconstruction_terms/manager.rs","line_number":151}
{"timestamp":"2026-07-10T00:13:50.898791Z","level":"INFO","fields":{"message":"Updated completion rate estimate based on previous block completion time (seconds).","file_hash":"2901325689366787793b99e738cc360155ebed2d35e53b681deccdcaf059a677","block_start":0,"block_end":256000000,"block_size":256000000,"completion_time":0.000039062},"filename":"/home/runner/work/xet-core/xet-core/xet_data/src/file_reconstruction/reconstruction_terms/manager.rs","line_number":104}
{"timestamp":"2026-07-10T00:13:50.898793Z","level":"INFO","fields":{"message":"Retry strategy","max_attempts":5,"base_delay":"3s","no_retry_on_429":false},"filename":"/home/runner/work/xet-core/xet-core/xet_client/src/cas_client/retry_wrapper.rs","line_number":249}
{"timestamp":"2026-07-10T00:13:50.898804Z","level":"INFO","fields":{"message":"Retry strategy","max_attempts":5,"base_delay":"3s","no_retry_on_429":false},"filename":"/home/runner/work/xet-core/xet-core/xet_client/src/cas_client/retry_wrapper.rs","line_number":249}
{"timestamp":"2026-07-10T00:13:50.898827Z","level":"INFO","fields":{"message":"Retry strategy","max_attempts":5,"base_delay":"3s","no_retry_on_429":false},"filename":"/home/runner/work/xet-core/xet-core/xet_client/src/cas_client/retry_wrapper.rs","line_number":249}
{"timestamp":"2026-07-10T00:13:50.898940Z","level":"INFO","fields":{"message":"Retry strategy","max_attempts":5,"base_delay":"3s","no_retry_on_429":false},"filename":"/home/runner/work/xet-core/xet-core/xet_client/src/cas_client/retry_wrapper.rs","line_number":249}
{"timestamp":"2026-07-10T00:13:51.083161Z","level":"INFO","fields":{"message":"Received CAS response","request_id":"01KX4NZ735B4A47Q6FTHM4X1PZ","status_code":200},"filename":"/home/runner/work/xet-core/xet-core/xet_client/src/common/http_client.rs","line_number":288}
{"timestamp":"2026-07-10T00:13:51.083182Z","level":"INFO","fields":{"message":"Request Success: cas::get_reconstruction_v2 api call succeeded (request id 01KX4NZ735B4A47Q6FTHM4X1PZ)."},"filename":"/home/runner/work/xet-core/xet-core/xet_client/src/cas_client/retry_wrapper.rs","line_number":210}
{"timestamp":"2026-07-10T00:13:51.083303Z","level":"INFO","fields":{"message":"Completed get_reconstruction API call","call_id":6,"file_id":"85da91ef59af053b1c4718adaaa7188111d74b2c4f74cfd5bdd5f49843ecaea2","bytes_range":"Some(Range { start: 256000000, end: 768000000 })","api_version":"v2"},"filename":"/home/runner/work/xet-core/xet-core/xet_client/src/cas_client/remote_client.rs","line_number":234}
{"timestamp":"2026-07-10T00:13:51.107933Z","level":"INFO","fields":{"message":"Received CAS response","request_id":"01KX4NZ7350EP1TS0613T92P5P","status_code":200},"filename":"/home/runner/work/xet-core/xet-core/xet_client/src/common/http_client.rs","line_number":288}
{"timestamp":"2026-07-10T00:13:51.107946Z","level":"INFO","fields":{"message":"Request Success: cas::get_reconstruction_v2 api call succeeded (request id 01KX4NZ7350EP1TS0613T92P5P)."},"filename":"/home/runner/work/xet-core/xet-core/xet_client/src/cas_client/retry_wrapper.rs","line_number":210}
{"timestamp":"2026-07-10T00:13:51.107971Z","level":"INFO","fields":{"message":"Completed get_reconstruction API call","call_id":5,"file_id":"85da91ef59af053b1c4718adaaa7188111d74b2c4f74cfd5bdd5f49843ecaea2","bytes_range":"Some(Range { start: 0, end: 256000000 })","api_version":"v2"},"filename":"/home/runner/work/xet-core/xet-core/xet_client/src/cas_client/remote_client.rs","line_number":234}
{"timestamp":"2026-07-10T00:13:51.108001Z","level":"INFO","fields":{"message":"Received block of file terms from prefetch queue","file_hash":"85da91ef59af053b1c4718adaaa7188111d74b2c4f74cfd5bdd5f49843ecaea2","domain":"transfer.xethub.hf.co","block_start":0,"block_end":256000000,"block_size":6},"filename":"/home/runner/work/xet-core/xet-core/xet_data/src/file_reconstruction/reconstruction_terms/manager.rs","line_number":151}
{"timestamp":"2026-07-10T00:13:51.108035Z","level":"INFO","fields":{"message":"Updated completion rate estimate based on previous block completion time (seconds).","file_hash":"85da91ef59af053b1c4718adaaa7188111d74b2c4f74cfd5bdd5f49843ecaea2","block_start":0,"block_end":256000000,"block_size":256000000,"completion_time":0.000034104},"filename":"/home/runner/work/xet-core/xet-core/xet_data/src/file_reconstruction/reconstruction_terms/manager.rs","line_number":104}
{"timestamp":"2026-07-10T00:13:51.108034Z","level":"INFO","fields":{"message":"Retry strategy","max_attempts":5,"base_delay":"3s","no_retry_on_429":false},"filename":"/home/runner/work/xet-core/xet-core/xet_client/src/cas_client/retry_wrapper.rs","line_number":249}
{"timestamp":"2026-07-10T00:13:51.108042Z","level":"INFO","fields":{"message":"Scheduling prefetch block","file_hash":"85da91ef59af053b1c4718adaaa7188111d74b2c4f74cfd5bdd5f49843ecaea2","prefetch_range":"(1024000000, 9024000000)","requested_block_size":8000000000,"actual_block_size":8000000000,"queue_depth":3},"filename":"/home/runner/work/xet-core/xet-core/xet_data/src/file_reconstruction/reconstruction_terms/manager.rs","line_number":272}
{"timestamp":"2026-07-10T00:13:51.108058Z","level":"INFO","fields":{"message":"Received block of file terms from prefetch queue","file_hash":"85da91ef59af053b1c4718adaaa7188111d74b2c4f74cfd5bdd5f49843ecaea2","domain":"transfer.xethub.hf.co","block_start":256000000,"block_end":768000000,"block_size":30},"filename":"/home/runner/work/xet-core/xet-core/xet_data/src/file_reconstruction/reconstruction_terms/manager.rs","line_number":151}
{"timestamp":"2026-07-10T00:13:51.108067Z","level":"INFO","fields":{"message":"Retry strategy","max_attempts":5,"base_delay":"3s","no_retry_on_429":false},"filename":"/home/runner/work/xet-core/xet-core/xet_client/src/cas_client/retry_wrapper.rs","line_number":249}
{"timestamp":"2026-07-10T00:13:51.108114Z","level":"INFO","fields":{"message":"Updated completion rate estimate based on previous block completion time (seconds).","file_hash":"85da91ef59af053b1c4718adaaa7188111d74b2c4f74cfd5bdd5f49843ecaea2","block_start":256000000,"block_end":768000000,"block_size":512000000,"completion_time":0.000056185},"filename":"/home/runner/work/xet-core/xet-core/xet_data/src/file_reconstruction/reconstruction_terms/manager.rs","line_number":104}
{"timestamp":"2026-07-10T00:13:51.108125Z","level":"INFO","fields":{"message":"Scheduling prefetch block","file_hash":"85da91ef59af053b1c4718adaaa7188111d74b2c4f74cfd5bdd5f49843ecaea2","prefetch_range":"(9024000000, 17024000000)","requested_block_size":8000000000,"actual_block_size":8000000000,"queue_depth":3},"filename":"/home/runner/work/xet-core/xet-core/xet_data/src/file_reconstruction/reconstruction_terms/manager.rs","line_number":272}
{"timestamp":"2026-07-10T00:13:51.108136Z","level":"INFO","fields":{"message":"Retry strategy","max_attempts":5,"base_delay":"3s","no_retry_on_429":false},"filename":"/home/runner/work/xet-core/xet-core/xet_client/src/cas_client/retry_wrapper.rs","line_number":249}
{"timestamp":"2026-07-10T00:13:51.108137Z","level":"INFO","fields":{"message":"Starting get_reconstruction API call","call_id":7,"file_id":"85da91ef59af053b1c4718adaaa7188111d74b2c4f74cfd5bdd5f49843ecaea2","bytes_range":"Some(Range { start: 9024000000, end: 17024000000 })","api_version":"v2"},"filename":"/home/runner/work/xet-core/xet-core/xet_client/src/cas_client/remote_client.rs","line_number":210}
{"timestamp":"2026-07-10T00:13:51.108143Z","level":"INFO","fields":{"message":"Retry strategy","max_attempts":5,"base_delay":"3s","no_retry_on_429":false},"filename":"/home/runner/work/xet-core/xet-core/xet_client/src/cas_client/retry_wrapper.rs","line_number":249}
{"timestamp":"2026-07-10T00:13:51.108144Z","level":"INFO","fields":{"message":"Retry strategy","max_attempts":5,"base_delay":"3s","no_retry_on_429":false},"filename":"/home/runner/work/xet-core/xet-core/xet_client/src/cas_client/retry_wrapper.rs","line_number":249}
{"timestamp":"2026-07-10T00:13:51.108198Z","level":"INFO","fields":{"message":"Starting get_reconstruction API call","call_id":8,"file_id":"85da91ef59af053b1c4718adaaa7188111d74b2c4f74cfd5bdd5f49843ecaea2","bytes_range":"Some(Range { start: 1024000000, end: 9024000000 })","api_version":"v2"},"filename":"/home/runner/work/xet-core/xet-core/xet_client/src/cas_client/remote_client.rs","line_number":210}
{"timestamp":"2026-07-10T00:13:51.108205Z","level":"INFO","fields":{"message":"Retry strategy","max_attempts":5,"base_delay":"3s","no_retry_on_429":false},"filename":"/home/runner/work/xet-core/xet-core/xet_client/src/cas_client/retry_wrapper.rs","line_number":249}
{"timestamp":"2026-07-10T00:13:51.114307Z","level":"INFO","fields":{"message":"Received CAS response","request_id":"01KX4NZ7M6JHXKEWTSNNRZ8S31","status_code":416},"filename":"/home/runner/work/xet-core/xet-core/xet_client/src/common/http_client.rs","line_number":288}
{"timestamp":"2026-07-10T00:13:51.114321Z","level":"INFO","fields":{"message":"Reached end of reconstruction 416 (Range Not Satisfiable): \"cas::get_reconstruction_v2\" api call failed (request id 01KX4NZ7M6JHXKEWTSNNRZ8S31): HTTP status client error (416 Range Not Satisfiable) for url (https://cas-server.xethub.hf.co/v2/reconstructions/85da91ef59af053b1c4718adaaa7188111d74b2c4f74cfd5bdd5f49843ecaea2)"},"filename":"/home/runner/work/xet-core/xet-core/xet_client/src/cas_client/retry_wrapper.rs","line_number":162}
{"timestamp":"2026-07-10T00:13:51.118051Z","level":"INFO","fields":{"message":"Received CAS response","request_id":"01KX4NZ7M7NR9J61F6DXFKE3PS","status_code":416},"filename":"/home/runner/work/xet-core/xet-core/xet_client/src/common/http_client.rs","line_number":288}
{"timestamp":"2026-07-10T00:13:51.118067Z","level":"INFO","fields":{"message":"Reached end of reconstruction 416 (Range Not Satisfiable): \"cas::get_reconstruction_v2\" api call failed (request id 01KX4NZ7M7NR9J61F6DXFKE3PS): HTTP status client error (416 Range Not Satisfiable) for url (https://cas-server.xethub.hf.co/v2/reconstructions/85da91ef59af053b1c4718adaaa7188111d74b2c4f74cfd5bdd5f49843ecaea2)"},"filename":"/home/runner/work/xet-core/xet-core/xet_client/src/cas_client/retry_wrapper.rs","line_number":162}
{"timestamp":"2026-07-10T00:13:51.137892Z","level":"INFO","fields":{"message":"Received CAS response","request_id":"01KX4NZ6SX04RBJFYN3QCWGXBB","status_code":200},"filename":"/home/runner/work/xet-core/xet-core/xet_client/src/common/http_client.rs","line_number":288}
{"timestamp":"2026-07-10T00:13:51.137908Z","level":"INFO","fields":{"message":"Request Success: cas::get_reconstruction_v2 api call succeeded (request id 01KX4NZ6SX04RBJFYN3QCWGXBB)."},"filename":"/home/runner/work/xet-core/xet-core/xet_client/src/cas_client/retry_wrapper.rs","line_number":210}
{"timestamp":"2026-07-10T00:13:51.137988Z","level":"INFO","fields":{"message":"Completed get_reconstruction API call","call_id":3,"file_id":"2901325689366787793b99e738cc360155ebed2d35e53b681deccdcaf059a677","bytes_range":"Some(Range { start: 256000000, end: 768000000 })","api_version":"v2"},"filename":"/home/runner/work/xet-core/xet-core/xet_client/src/cas_client/remote_client.rs","line_number":234}
{"timestamp":"2026-07-10T00:13:51.138040Z","level":"INFO","fields":{"message":"Received block of file terms from prefetch queue","file_hash":"2901325689366787793b99e738cc360155ebed2d35e53b681deccdcaf059a677","domain":"transfer.xethub.hf.co","block_start":256000000,"block_end":729888705,"block_size":13},"filename":"/home/runner/work/xet-core/xet-core/xet_data/src/file_reconstruction/reconstruction_terms/manager.rs","line_number":151}
{"timestamp":"2026-07-10T00:13:51.138096Z","level":"INFO","fields":{"message":"Updated completion rate estimate based on previous block completion time (seconds).","file_hash":"2901325689366787793b99e738cc360155ebed2d35e53b681deccdcaf059a677","block_start":256000000,"block_end":729888705,"block_size":473888705,"completion_time":0.000055474},"filename":"/home/runner/work/xet-core/xet-core/xet_data/src/file_reconstruction/reconstruction_terms/manager.rs","line_number":104}
{"timestamp":"2026-07-10T00:13:51.138116Z","level":"INFO","fields":{"message":"Completed prefetch queue; end of file reached.","file_hash":"2901325689366787793b99e738cc360155ebed2d35e53b681deccdcaf059a677","prefetched_byte_position":1024000000},"filename":"/home/runner/work/xet-core/xet-core/xet_data/src/file_reconstruction/reconstruction_terms/manager.rs","line_number":178}
{"timestamp":"2026-07-10T00:13:51.138123Z","level":"INFO","fields":{"message":"All term blocks received and scheduled for writing","file_hash":"2901325689366787793b99e738cc360155ebed2d35e53b681deccdcaf059a677","block_count":2,"total_terms_processed":17,"total_bytes_scheduled":729888705},"filename":"/home/runner/work/xet-core/xet-core/xet_data/src/file_reconstruction/run_state.rs","line_number":150}
{"timestamp":"2026-07-10T00:13:51.172747Z","level":"INFO","fields":{"message":"Received CAS response","request_id":"","status_code":206},"filename":"/home/runner/work/xet-core/xet-core/xet_client/src/common/http_client.rs","line_number":288}
{"timestamp":"2026-07-10T00:13:51.172776Z","level":"INFO","fields":{"message":"Request Success: s3::get_range api call succeeded (request id )."},"filename":"/home/runner/work/xet-core/xet-core/xet_client/src/cas_client/retry_wrapper.rs","line_number":210}
{"timestamp":"2026-07-10T00:13:51.205923Z","level":"INFO","fields":{"message":"Received CAS response","request_id":"01KX4NZ7HQBK6Q9J3T43ZK4YAH","status_code":206},"filename":"/home/runner/work/xet-core/xet-core/xet_client/src/common/http_client.rs","line_number":288}
{"timestamp":"2026-07-10T00:13:51.205945Z","level":"INFO","fields":{"message":"Request Success: s3::get_range api call succeeded (request id 01KX4NZ7HQBK6Q9J3T43ZK4YAH)."},"filename":"/home/runner/work/xet-core/xet-core/xet_client/src/cas_client/retry_wrapper.rs","line_number":210}
{"timestamp":"2026-07-10T00:13:51.237196Z","level":"INFO","fields":{"message":"Received CAS response","request_id":"01KX4NZ73258B3DYWW0P1T53WN","status_code":200},"filename":"/home/runner/work/xet-core/xet-core/xet_client/src/common/http_client.rs","line_number":288}
{"timestamp":"2026-07-10T00:13:51.237217Z","level":"INFO","fields":{"message":"Request Success: cas::get_reconstruction_v2 api call succeeded (request id 01KX4NZ73258B3DYWW0P1T53WN)."},"filename":"/home/runner/work/xet-core/xet-core/xet_client/src/cas_client/retry_wrapper.rs","line_number":210}
{"timestamp":"2026-07-10T00:13:51.237288Z","level":"INFO","fields":{"message":"Completed get_reconstruction API call","call_id":4,"file_id":"85da91ef59af053b1c4718adaaa7188111d74b2c4f74cfd5bdd5f49843ecaea2","bytes_range":"Some(Range { start: 768000000, end: 1024000000 })","api_version":"v2"},"filename":"/home/runner/work/xet-core/xet-core/xet_client/src/cas_client/remote_client.rs","line_number":234}
{"timestamp":"2026-07-10T00:13:51.237347Z","level":"INFO","fields":{"message":"Received block of file terms from prefetch queue","file_hash":"85da91ef59af053b1c4718adaaa7188111d74b2c4f74cfd5bdd5f49843ecaea2","domain":"us.aws.cdn.hf.co","block_start":768000000,"block_end":988097824,"block_size":18},"filename":"/home/runner/work/xet-core/xet-core/xet_data/src/file_reconstruction/reconstruction_terms/manager.rs","line_number":151}
{"timestamp":"2026-07-10T00:13:51.237431Z","level":"INFO","fields":{"message":"Updated completion rate estimate based on previous block completion time (seconds).","file_hash":"85da91ef59af053b1c4718adaaa7188111d74b2c4f74cfd5bdd5f49843ecaea2","block_start":768000000,"block_end":988097824,"block_size":220097824,"completion_time":0.000083015},"filename":"/home/runner/work/xet-core/xet-core/xet_data/src/file_reconstruction/reconstruction_terms/manager.rs","line_number":104}
{"timestamp":"2026-07-10T00:13:51.237444Z","level":"INFO","fields":{"message":"Completed prefetch queue; end of file reached.","file_hash":"85da91ef59af053b1c4718adaaa7188111d74b2c4f74cfd5bdd5f49843ecaea2","prefetched_byte_position":17024000000},"filename":"/home/runner/work/xet-core/xet-core/xet_data/src/file_reconstruction/reconstruction_terms/manager.rs","line_number":178}
{"timestamp":"2026-07-10T00:13:51.237449Z","level":"INFO","fields":{"message":"All term blocks received and scheduled for writing","file_hash":"85da91ef59af053b1c4718adaaa7188111d74b2c4f74cfd5bdd5f49843ecaea2","block_count":3,"total_terms_processed":54,"total_bytes_scheduled":988097824},"filename":"/home/runner/work/xet-core/xet-core/xet_data/src/file_reconstruction/run_state.rs","line_number":150}
{"timestamp":"2026-07-10T00:13:51.248525Z","level":"INFO","fields":{"message":"Received CAS response","request_id":"","status_code":206},"filename":"/home/runner/work/xet-core/xet-core/xet_client/src/common/http_client.rs","line_number":288}
{"timestamp":"2026-07-10T00:13:51.248545Z","level":"INFO","fields":{"message":"Request Success: s3::get_range api call succeeded (request id )."},"filename":"/home/runner/work/xet-core/xet-core/xet_client/src/cas_client/retry_wrapper.rs","line_number":210}
{"timestamp":"2026-07-10T00:13:51.262923Z","level":"INFO","fields":{"message":"Received CAS response","request_id":"01KX4NZ7HSTGAT9BD358KZY79Y","status_code":206},"filename":"/home/runner/work/xet-core/xet-core/xet_client/src/common/http_client.rs","line_number":288}
{"timestamp":"2026-07-10T00:13:51.262942Z","level":"INFO","fields":{"message":"Request Success: s3::get_range api call succeeded (request id 01KX4NZ7HSTGAT9BD358KZY79Y)."},"filename":"/home/runner/work/xet-core/xet-core/xet_client/src/cas_client/retry_wrapper.rs","line_number":210}
{"timestamp":"2026-07-10T00:13:51.309065Z","level":"INFO","fields":{"message":"Received CAS response","request_id":"","status_code":206},"filename":"/home/runner/work/xet-core/xet-core/xet_client/src/common/http_client.rs","line_number":288}
{"timestamp":"2026-07-10T00:13:51.309116Z","level":"INFO","fields":{"message":"Request Success: s3::get_range api call succeeded (request id )."},"filename":"/home/runner/work/xet-core/xet-core/xet_client/src/cas_client/retry_wrapper.rs","line_number":210}
{"timestamp":"2026-07-10T00:13:51.358658Z","level":"INFO","fields":{"message":"Received CAS response","request_id":"","status_code":206},"filename":"/home/runner/work/xet-core/xet-core/xet_client/src/common/http_client.rs","line_number":288}
{"timestamp":"2026-07-10T00:13:51.358682Z","level":"INFO","fields":{"message":"Request Success: s3::get_range api call succeeded (request id )."},"filename":"/home/runner/work/xet-core/xet-core/xet_client/src/cas_client/retry_wrapper.rs","line_number":210}
{"timestamp":"2026-07-10T00:13:51.385153Z","level":"INFO","fields":{"message":"Received CAS response","request_id":"","status_code":206},"filename":"/home/runner/work/xet-core/xet-core/xet_client/src/common/http_client.rs","line_number":288}
{"timestamp":"2026-07-10T00:13:51.385221Z","level":"INFO","fields":{"message":"Request Success: s3::get_range api call succeeded (request id )."},"filename":"/home/runner/work/xet-core/xet-core/xet_client/src/cas_client/retry_wrapper.rs","line_number":210}
{"timestamp":"2026-07-10T00:13:51.385686Z","level":"INFO","fields":{"message":"Received CAS response","request_id":"","status_code":206},"filename":"/home/runner/work/xet-core/xet-core/xet_client/src/common/http_client.rs","line_number":288}
{"timestamp":"2026-07-10T00:13:51.385694Z","level":"INFO","fields":{"message":"Request Success: s3::get_range api call succeeded (request id )."},"filename":"/home/runner/work/xet-core/xet-core/xet_client/src/cas_client/retry_wrapper.rs","line_number":210}
{"timestamp":"2026-07-10T00:13:51.806996Z","level":"INFO","fields":{"message":"Concurrency control for download: Increased concurrency from 4 to 5; reason: success ratio 1.000 is above threshold 0.800 and predicted RTT for 61MB at new concurrency is 1.48s < target 60.0s"},"filename":"/home/runner/work/xet-core/xet-core/xet_client/src/cas_client/adaptive_concurrency/controller.rs","line_number":543}
{"timestamp":"2026-07-10T00:13:51.807063Z","level":"INFO","fields":{"message":"Retry strategy","max_attempts":5,"base_delay":"3s","no_retry_on_429":false},"filename":"/home/runner/work/xet-core/xet-core/xet_client/src/cas_client/retry_wrapper.rs","line_number":249}
{"timestamp":"2026-07-10T00:13:51.807047Z","level":"INFO","fields":{"message":"Retry strategy","max_attempts":5,"base_delay":"3s","no_retry_on_429":false},"filename":"/home/runner/work/xet-core/xet-core/xet_client/src/cas_client/retry_wrapper.rs","line_number":249}
{"timestamp":"2026-07-10T00:13:51.891759Z","level":"INFO","fields":{"message":"Concurrency control for download: Increased concurrency from 4 to 5; reason: success ratio 1.000 is above threshold 0.800 and predicted RTT for 61MB at new concurrency is 1.58s < target 60.0s"},"filename":"/home/runner/work/xet-core/xet-core/xet_client/src/cas_client/adaptive_concurrency/controller.rs","line_number":543}
{"timestamp":"2026-07-10T00:13:51.891843Z","level":"INFO","fields":{"message":"Retry strategy","max_attempts":5,"base_delay":"3s","no_retry_on_429":false},"filename":"/home/runner/work/xet-core/xet-core/xet_client/src/cas_client/retry_wrapper.rs","line_number":249}
{"timestamp":"2026-07-10T00:13:51.891961Z","level":"INFO","fields":{"message":"Retry strategy","max_attempts":5,"base_delay":"3s","no_retry_on_429":false},"filename":"/home/runner/work/xet-core/xet-core/xet_client/src/cas_client/retry_wrapper.rs","line_number":249}
{"timestamp":"2026-07-10T00:13:51.945200Z","level":"INFO","fields":{"message":"Received CAS response","request_id":"","status_code":206},"filename":"/home/runner/work/xet-core/xet-core/xet_client/src/common/http_client.rs","line_number":288}
{"timestamp":"2026-07-10T00:13:51.945229Z","level":"INFO","fields":{"message":"Request Success: s3::get_range api call succeeded (request id )."},"filename":"/home/runner/work/xet-core/xet-core/xet_client/src/cas_client/retry_wrapper.rs","line_number":210}
{"timestamp":"2026-07-10T00:13:51.991314Z","level":"INFO","fields":{"message":"Received CAS response","request_id":"","status_code":206},"filename":"/home/runner/work/xet-core/xet-core/xet_client/src/common/http_client.rs","line_number":288}
{"timestamp":"2026-07-10T00:13:51.991501Z","level":"INFO","fields":{"message":"Request Success: s3::get_range api call succeeded (request id )."},"filename":"/home/runner/work/xet-core/xet-core/xet_client/src/cas_client/retry_wrapper.rs","line_number":210}
{"timestamp":"2026-07-10T00:13:52.044703Z","level":"INFO","fields":{"message":"Retry strategy","max_attempts":5,"base_delay":"3s","no_retry_on_429":false},"filename":"/home/runner/work/xet-core/xet-core/xet_client/src/cas_client/retry_wrapper.rs","line_number":249}
{"timestamp":"2026-07-10T00:13:52.058227Z","level":"INFO","fields":{"message":"Retry strategy","max_attempts":5,"base_delay":"3s","no_retry_on_429":false},"filename":"/home/runner/work/xet-core/xet-core/xet_client/src/cas_client/retry_wrapper.rs","line_number":249}
{"timestamp":"2026-07-10T00:13:52.063419Z","level":"INFO","fields":{"message":"Received CAS response","request_id":"01KX4NZ8DW1X134GDS9P87GKMQ","status_code":206},"filename":"/home/runner/work/xet-core/xet-core/xet_client/src/common/http_client.rs","line_number":288}
{"timestamp":"2026-07-10T00:13:52.063438Z","level":"INFO","fields":{"message":"Request Success: s3::get_range api call succeeded (request id 01KX4NZ8DW1X134GDS9P87GKMQ)."},"filename":"/home/runner/work/xet-core/xet-core/xet_client/src/cas_client/retry_wrapper.rs","line_number":210}
{"timestamp":"2026-07-10T00:13:52.111382Z","level":"INFO","fields":{"message":"Received CAS response","request_id":"01KX4NZ8DW71V8BTWMRK2R3WR9","status_code":206},"filename":"/home/runner/work/xet-core/xet-core/xet_client/src/common/http_client.rs","line_number":288}
{"timestamp":"2026-07-10T00:13:52.111491Z","level":"INFO","fields":{"message":"Request Success: s3::get_range api call succeeded (request id 01KX4NZ8DW71V8BTWMRK2R3WR9)."},"filename":"/home/runner/work/xet-core/xet-core/xet_client/src/cas_client/retry_wrapper.rs","line_number":210}
{"timestamp":"2026-07-10T00:13:52.119293Z","level":"INFO","fields":{"message":"Retry strategy","max_attempts":5,"base_delay":"3s","no_retry_on_429":false},"filename":"/home/runner/work/xet-core/xet-core/xet_client/src/cas_client/retry_wrapper.rs","line_number":249}
{"timestamp":"2026-07-10T00:13:52.215020Z","level":"INFO","fields":{"message":"Received CAS response","request_id":"","status_code":206},"filename":"/home/runner/work/xet-core/xet-core/xet_client/src/common/http_client.rs","line_number":288}
{"timestamp":"2026-07-10T00:13:52.215050Z","level":"INFO","fields":{"message":"Request Success: s3::get_range api call succeeded (request id )."},"filename":"/home/runner/work/xet-core/xet-core/xet_client/src/cas_client/retry_wrapper.rs","line_number":210}
{"timestamp":"2026-07-10T00:13:52.243702Z","level":"INFO","fields":{"message":"Retry strategy","max_attempts":5,"base_delay":"3s","no_retry_on_429":false},"filename":"/home/runner/work/xet-core/xet-core/xet_client/src/cas_client/retry_wrapper.rs","line_number":249}
{"timestamp":"2026-07-10T00:13:52.249114Z","level":"INFO","fields":{"message":"Received CAS response","request_id":"01KX4NZ8HWGX04AZZSPFPQ4KY4","status_code":206},"filename":"/home/runner/work/xet-core/xet-core/xet_client/src/common/http_client.rs","line_number":288}
{"timestamp":"2026-07-10T00:13:52.249132Z","level":"INFO","fields":{"message":"Request Success: s3::get_range api call succeeded (request id 01KX4NZ8HWGX04AZZSPFPQ4KY4)."},"filename":"/home/runner/work/xet-core/xet-core/xet_client/src/cas_client/retry_wrapper.rs","line_number":210}
{"timestamp":"2026-07-10T00:13:52.312749Z","level":"INFO","fields":{"message":"Received CAS response","request_id":"01KX4NZ8KS75T1R5G0DEH6R1S1","status_code":206},"filename":"/home/runner/work/xet-core/xet-core/xet_client/src/common/http_client.rs","line_number":288}
{"timestamp":"2026-07-10T00:13:52.312774Z","level":"INFO","fields":{"message":"Request Success: s3::get_range api call succeeded (request id 01KX4NZ8KS75T1R5G0DEH6R1S1)."},"filename":"/home/runner/work/xet-core/xet-core/xet_client/src/cas_client/retry_wrapper.rs","line_number":210}
{"timestamp":"2026-07-10T00:13:52.345644Z","level":"INFO","fields":{"message":"Concurrency control for download: Increased concurrency from 5 to 6; reason: success ratio 1.000 is above threshold 0.800 and predicted RTT for 61MB at new concurrency is 1.89s < target 60.0s"},"filename":"/home/runner/work/xet-core/xet-core/xet_client/src/cas_client/adaptive_concurrency/controller.rs","line_number":543}
{"timestamp":"2026-07-10T00:13:52.345694Z","level":"INFO","fields":{"message":"Retry strategy","max_attempts":5,"base_delay":"3s","no_retry_on_429":false},"filename":"/home/runner/work/xet-core/xet-core/xet_client/src/cas_client/retry_wrapper.rs","line_number":249}
{"timestamp":"2026-07-10T00:13:52.345721Z","level":"INFO","fields":{"message":"Retry strategy","max_attempts":5,"base_delay":"3s","no_retry_on_429":false},"filename":"/home/runner/work/xet-core/xet-core/xet_client/src/cas_client/retry_wrapper.rs","line_number":249}
{"timestamp":"2026-07-10T00:13:52.430563Z","level":"INFO","fields":{"message":"Received CAS response","request_id":"01KX4NZ8QZGH5YX726B1FQFMPB","status_code":206},"filename":"/home/runner/work/xet-core/xet-core/xet_client/src/common/http_client.rs","line_number":288}
{"timestamp":"2026-07-10T00:13:52.430587Z","level":"INFO","fields":{"message":"Request Success: s3::get_range api call succeeded (request id 01KX4NZ8QZGH5YX726B1FQFMPB)."},"filename":"/home/runner/work/xet-core/xet-core/xet_client/src/cas_client/retry_wrapper.rs","line_number":210}
{"timestamp":"2026-07-10T00:13:52.462720Z","level":"INFO","fields":{"message":"Concurrency control for download: Increased concurrency from 5 to 6; reason: success ratio 1.000 is above threshold 0.800 and predicted RTT for 61MB at new concurrency is 1.33s < target 60.0s"},"filename":"/home/runner/work/xet-core/xet-core/xet_client/src/cas_client/adaptive_concurrency/controller.rs","line_number":543}
{"timestamp":"2026-07-10T00:13:52.462755Z","level":"INFO","fields":{"message":"Retry strategy","max_attempts":5,"base_delay":"3s","no_retry_on_429":false},"filename":"/home/runner/work/xet-core/xet-core/xet_client/src/cas_client/retry_wrapper.rs","line_number":249}
{"timestamp":"2026-07-10T00:13:52.468931Z","level":"INFO","fields":{"message":"Received CAS response","request_id":"","status_code":206},"filename":"/home/runner/work/xet-core/xet-core/xet_client/src/common/http_client.rs","line_number":288}
{"timestamp":"2026-07-10T00:13:52.468949Z","level":"INFO","fields":{"message":"Request Success: s3::get_range api call succeeded (request id )."},"filename":"/home/runner/work/xet-core/xet-core/xet_client/src/cas_client/retry_wrapper.rs","line_number":210}
{"timestamp":"2026-07-10T00:13:52.514493Z","level":"INFO","fields":{"message":"Received CAS response","request_id":"01KX4NZ8TWD8Z3YJY2C7EKQWYN","status_code":206},"filename":"/home/runner/work/xet-core/xet-core/xet_client/src/common/http_client.rs","line_number":288}
{"timestamp":"2026-07-10T00:13:52.514520Z","level":"INFO","fields":{"message":"Request Success: s3::get_range api call succeeded (request id 01KX4NZ8TWD8Z3YJY2C7EKQWYN)."},"filename":"/home/runner/work/xet-core/xet-core/xet_client/src/cas_client/retry_wrapper.rs","line_number":210}
{"timestamp":"2026-07-10T00:13:52.586663Z","level":"INFO","fields":{"message":"Retry strategy","max_attempts":5,"base_delay":"3s","no_retry_on_429":false},"filename":"/home/runner/work/xet-core/xet-core/xet_client/src/cas_client/retry_wrapper.rs","line_number":249}
{"timestamp":"2026-07-10T00:13:52.659917Z","level":"INFO","fields":{"message":"Received CAS response","request_id":"01KX4NZ8YTNS2G5W94215ASJAS","status_code":206},"filename":"/home/runner/work/xet-core/xet-core/xet_client/src/common/http_client.rs","line_number":288}
{"timestamp":"2026-07-10T00:13:52.659946Z","level":"INFO","fields":{"message":"Request Success: s3::get_range api call succeeded (request id 01KX4NZ8YTNS2G5W94215ASJAS)."},"filename":"/home/runner/work/xet-core/xet-core/xet_client/src/cas_client/retry_wrapper.rs","line_number":210}
{"timestamp":"2026-07-10T00:13:52.663618Z","level":"INFO","fields":{"message":"Retry strategy","max_attempts":5,"base_delay":"3s","no_retry_on_429":false},"filename":"/home/runner/work/xet-core/xet-core/xet_client/src/cas_client/retry_wrapper.rs","line_number":249}
{"timestamp":"2026-07-10T00:13:52.784400Z","level":"INFO","fields":{"message":"Retry strategy","max_attempts":5,"base_delay":"3s","no_retry_on_429":false},"filename":"/home/runner/work/xet-core/xet-core/xet_client/src/cas_client/retry_wrapper.rs","line_number":249}
{"timestamp":"2026-07-10T00:13:52.804739Z","level":"INFO","fields":{"message":"Retry strategy","max_attempts":5,"base_delay":"3s","no_retry_on_429":false},"filename":"/home/runner/work/xet-core/xet-core/xet_client/src/cas_client/retry_wrapper.rs","line_number":249}
{"timestamp":"2026-07-10T00:13:52.823874Z","level":"INFO","fields":{"message":"Received CAS response","request_id":"01KX4NZ94YEEE39TED23SXWE43","status_code":206},"filename":"/home/runner/work/xet-core/xet-core/xet_client/src/common/http_client.rs","line_number":288}
{"timestamp":"2026-07-10T00:13:52.823889Z","level":"INFO","fields":{"message":"Request Success: s3::get_range api call succeeded (request id 01KX4NZ94YEEE39TED23SXWE43)."},"filename":"/home/runner/work/xet-core/xet-core/xet_client/src/cas_client/retry_wrapper.rs","line_number":210}
{"timestamp":"2026-07-10T00:13:52.825104Z","level":"INFO","fields":{"message":"Retry strategy","max_attempts":5,"base_delay":"3s","no_retry_on_429":false},"filename":"/home/runner/work/xet-core/xet-core/xet_client/src/cas_client/retry_wrapper.rs","line_number":249}
{"timestamp":"2026-07-10T00:13:52.857097Z","level":"INFO","fields":{"message":"Received CAS response","request_id":"01KX4NZ963JHCFNBZX50P80S3R","status_code":206},"filename":"/home/runner/work/xet-core/xet-core/xet_client/src/common/http_client.rs","line_number":288}
{"timestamp":"2026-07-10T00:13:52.857122Z","level":"INFO","fields":{"message":"Request Success: s3::get_range api call succeeded (request id 01KX4NZ963JHCFNBZX50P80S3R)."},"filename":"/home/runner/work/xet-core/xet-core/xet_client/src/cas_client/retry_wrapper.rs","line_number":210}
{"timestamp":"2026-07-10T00:13:52.857525Z","level":"INFO","fields":{"message":"Concurrency control for download: Increased concurrency from 6 to 7; reason: success ratio 1.000 is above threshold 0.800 and predicted RTT for 61MB at new concurrency is 1.53s < target 60.0s"},"filename":"/home/runner/work/xet-core/xet-core/xet_client/src/cas_client/adaptive_concurrency/controller.rs","line_number":543}
{"timestamp":"2026-07-10T00:13:52.857553Z","level":"INFO","fields":{"message":"Retry strategy","max_attempts":5,"base_delay":"3s","no_retry_on_429":false},"filename":"/home/runner/work/xet-core/xet-core/xet_client/src/cas_client/retry_wrapper.rs","line_number":249}
{"timestamp":"2026-07-10T00:13:52.883967Z","level":"INFO","fields":{"message":"Received CAS response","request_id":"01KX4NZ996QYKFXCPV84TM8F7Y","status_code":206},"filename":"/home/runner/work/xet-core/xet-core/xet_client/src/common/http_client.rs","line_number":288}
{"timestamp":"2026-07-10T00:13:52.883987Z","level":"INFO","fields":{"message":"Request Success: s3::get_range api call succeeded (request id 01KX4NZ996QYKFXCPV84TM8F7Y)."},"filename":"/home/runner/work/xet-core/xet-core/xet_client/src/cas_client/retry_wrapper.rs","line_number":210}
{"timestamp":"2026-07-10T00:13:52.904083Z","level":"INFO","fields":{"message":"Received CAS response","request_id":"01KX4NZ9A76YY4S9JGB1GKE01W","status_code":206},"filename":"/home/runner/work/xet-core/xet-core/xet_client/src/common/http_client.rs","line_number":288}
{"timestamp":"2026-07-10T00:13:52.904101Z","level":"INFO","fields":{"message":"Request Success: s3::get_range api call succeeded (request id 01KX4NZ9A76YY4S9JGB1GKE01W)."},"filename":"/home/runner/work/xet-core/xet-core/xet_client/src/cas_client/retry_wrapper.rs","line_number":210}
{"timestamp":"2026-07-10T00:13:52.906161Z","level":"INFO","fields":{"message":"Retry strategy","max_attempts":5,"base_delay":"3s","no_retry_on_429":false},"filename":"/home/runner/work/xet-core/xet-core/xet_client/src/cas_client/retry_wrapper.rs","line_number":249}
{"timestamp":"2026-07-10T00:13:52.913757Z","level":"INFO","fields":{"message":"Received CAS response","request_id":"","status_code":206},"filename":"/home/runner/work/xet-core/xet-core/xet_client/src/common/http_client.rs","line_number":288}
{"timestamp":"2026-07-10T00:13:52.913771Z","level":"INFO","fields":{"message":"Request Success: s3::get_range api call succeeded (request id )."},"filename":"/home/runner/work/xet-core/xet-core/xet_client/src/cas_client/retry_wrapper.rs","line_number":210}
{"timestamp":"2026-07-10T00:13:52.994644Z","level":"INFO","fields":{"message":"Concurrency control for download: Increased concurrency from 6 to 7; reason: success ratio 1.000 is above threshold 0.800 and predicted RTT for 61MB at new concurrency is 1.94s < target 60.0s"},"filename":"/home/runner/work/xet-core/xet-core/xet_client/src/cas_client/adaptive_concurrency/controller.rs","line_number":543}
{"timestamp":"2026-07-10T00:13:52.994689Z","level":"INFO","fields":{"message":"Retry strategy","max_attempts":5,"base_delay":"3s","no_retry_on_429":false},"filename":"/home/runner/work/xet-core/xet-core/xet_client/src/cas_client/retry_wrapper.rs","line_number":249}
{"timestamp":"2026-07-10T00:13:53.001440Z","level":"INFO","fields":{"message":"Retry strategy","max_attempts":5,"base_delay":"3s","no_retry_on_429":false},"filename":"/home/runner/work/xet-core/xet-core/xet_client/src/cas_client/retry_wrapper.rs","line_number":249}
{"timestamp":"2026-07-10T00:13:53.044423Z","level":"INFO","fields":{"message":"Received CAS response","request_id":"01KX4NZ9F50HPH8ZXS15C5ZT96","status_code":206},"filename":"/home/runner/work/xet-core/xet-core/xet_client/src/common/http_client.rs","line_number":288}
{"timestamp":"2026-07-10T00:13:53.044491Z","level":"INFO","fields":{"message":"Request Success: s3::get_range api call succeeded (request id 01KX4NZ9F50HPH8ZXS15C5ZT96)."},"filename":"/home/runner/work/xet-core/xet-core/xet_client/src/cas_client/retry_wrapper.rs","line_number":210}
{"timestamp":"2026-07-10T00:13:53.045496Z","level":"INFO","fields":{"message":"Retry strategy","max_attempts":5,"base_delay":"3s","no_retry_on_429":false},"filename":"/home/runner/work/xet-core/xet-core/xet_client/src/cas_client/retry_wrapper.rs","line_number":249}
{"timestamp":"2026-07-10T00:13:53.059069Z","level":"INFO","fields":{"message":"Received CAS response","request_id":"","status_code":206},"filename":"/home/runner/work/xet-core/xet-core/xet_client/src/common/http_client.rs","line_number":288}
{"timestamp":"2026-07-10T00:13:53.059092Z","level":"INFO","fields":{"message":"Request Success: s3::get_range api call succeeded (request id )."},"filename":"/home/runner/work/xet-core/xet-core/xet_client/src/cas_client/retry_wrapper.rs","line_number":210}
{"timestamp":"2026-07-10T00:13:53.065251Z","level":"INFO","fields":{"message":"Received CAS response","request_id":"","status_code":206},"filename":"/home/runner/work/xet-core/xet-core/xet_client/src/common/http_client.rs","line_number":288}
{"timestamp":"2026-07-10T00:13:53.065266Z","level":"INFO","fields":{"message":"Request Success: s3::get_range api call succeeded (request id )."},"filename":"/home/runner/work/xet-core/xet-core/xet_client/src/cas_client/retry_wrapper.rs","line_number":210}
{"timestamp":"2026-07-10T00:13:53.086279Z","level":"INFO","fields":{"message":"Retry strategy","max_attempts":5,"base_delay":"3s","no_retry_on_429":false},"filename":"/home/runner/work/xet-core/xet-core/xet_client/src/cas_client/retry_wrapper.rs","line_number":249}
{"timestamp":"2026-07-10T00:13:53.143769Z","level":"INFO","fields":{"message":"Retry strategy","max_attempts":5,"base_delay":"3s","no_retry_on_429":false},"filename":"/home/runner/work/xet-core/xet-core/xet_client/src/cas_client/retry_wrapper.rs","line_number":249}
{"timestamp":"2026-07-10T00:13:53.144619Z","level":"INFO","fields":{"message":"Received CAS response","request_id":"","status_code":206},"filename":"/home/runner/work/xet-core/xet-core/xet_client/src/common/http_client.rs","line_number":288}
{"timestamp":"2026-07-10T00:13:53.144629Z","level":"INFO","fields":{"message":"Request Success: s3::get_range api call succeeded (request id )."},"filename":"/home/runner/work/xet-core/xet-core/xet_client/src/cas_client/retry_wrapper.rs","line_number":210}
{"timestamp":"2026-07-10T00:13:53.144790Z","level":"INFO","fields":{"message":"Received CAS response","request_id":"01KX4NZ9JMRZFHA7F7N95PVNF5","status_code":206},"filename":"/home/runner/work/xet-core/xet-core/xet_client/src/common/http_client.rs","line_number":288}
{"timestamp":"2026-07-10T00:13:53.144805Z","level":"INFO","fields":{"message":"Request Success: s3::get_range api call succeeded (request id 01KX4NZ9JMRZFHA7F7N95PVNF5)."},"filename":"/home/runner/work/xet-core/xet-core/xet_client/src/cas_client/retry_wrapper.rs","line_number":210}
{"timestamp":"2026-07-10T00:13:53.184910Z","level":"INFO","fields":{"message":"Received CAS response","request_id":"01KX4NZ9KSWD5Q7Q872EAYD6RX","status_code":206},"filename":"/home/runner/work/xet-core/xet-core/xet_client/src/common/http_client.rs","line_number":288}
{"timestamp":"2026-07-10T00:13:53.184940Z","level":"INFO","fields":{"message":"Request Success: s3::get_range api call succeeded (request id 01KX4NZ9KSWD5Q7Q872EAYD6RX)."},"filename":"/home/runner/work/xet-core/xet-core/xet_client/src/cas_client/retry_wrapper.rs","line_number":210}
{"timestamp":"2026-07-10T00:13:53.232215Z","level":"INFO","fields":{"message":"Received CAS response","request_id":"","status_code":206},"filename":"/home/runner/work/xet-core/xet-core/xet_client/src/common/http_client.rs","line_number":288}
{"timestamp":"2026-07-10T00:13:53.232244Z","level":"INFO","fields":{"message":"Request Success: s3::get_range api call succeeded (request id )."},"filename":"/home/runner/work/xet-core/xet-core/xet_client/src/cas_client/retry_wrapper.rs","line_number":210}
{"timestamp":"2026-07-10T00:13:53.273277Z","level":"INFO","fields":{"message":"Retry strategy","max_attempts":5,"base_delay":"3s","no_retry_on_429":false},"filename":"/home/runner/work/xet-core/xet-core/xet_client/src/cas_client/retry_wrapper.rs","line_number":249}
{"timestamp":"2026-07-10T00:13:53.314788Z","level":"INFO","fields":{"message":"Received CAS response","request_id":"01KX4NZ9QX4VK58ZKEAWQ5VAAH","status_code":206},"filename":"/home/runner/work/xet-core/xet-core/xet_client/src/common/http_client.rs","line_number":288}
{"timestamp":"2026-07-10T00:13:53.314820Z","level":"INFO","fields":{"message":"Request Success: s3::get_range api call succeeded (request id 01KX4NZ9QX4VK58ZKEAWQ5VAAH)."},"filename":"/home/runner/work/xet-core/xet-core/xet_client/src/cas_client/retry_wrapper.rs","line_number":210}
{"timestamp":"2026-07-10T00:13:53.358958Z","level":"INFO","fields":{"message":"Concurrency control for download: Increased concurrency from 7 to 8; reason: success ratio 1.000 is above threshold 0.800 and predicted RTT for 61MB at new concurrency is 2.51s < target 60.0s"},"filename":"/home/runner/work/xet-core/xet-core/xet_client/src/cas_client/adaptive_concurrency/controller.rs","line_number":543}
{"timestamp":"2026-07-10T00:13:53.368665Z","level":"INFO","fields":{"message":"Retry strategy","max_attempts":5,"base_delay":"3s","no_retry_on_429":false},"filename":"/home/runner/work/xet-core/xet-core/xet_client/src/cas_client/retry_wrapper.rs","line_number":249}
{"timestamp":"2026-07-10T00:13:53.387448Z","level":"INFO","fields":{"message":"Retry strategy","max_attempts":5,"base_delay":"3s","no_retry_on_429":false},"filename":"/home/runner/work/xet-core/xet-core/xet_client/src/cas_client/retry_wrapper.rs","line_number":249}
{"timestamp":"2026-07-10T00:13:53.404309Z","level":"INFO","fields":{"message":"Received CAS response","request_id":"","status_code":206},"filename":"/home/runner/work/xet-core/xet-core/xet_client/src/common/http_client.rs","line_number":288}
{"timestamp":"2026-07-10T00:13:53.404331Z","level":"INFO","fields":{"message":"Request Success: s3::get_range api call succeeded (request id )."},"filename":"/home/runner/work/xet-core/xet-core/xet_client/src/cas_client/retry_wrapper.rs","line_number":210}
{"timestamp":"2026-07-10T00:13:53.416453Z","level":"INFO","fields":{"message":"Received CAS response","request_id":"01KX4NZ9VC4XXRS7CXF00KEBSH","status_code":206},"filename":"/home/runner/work/xet-core/xet-core/xet_client/src/common/http_client.rs","line_number":288}
{"timestamp":"2026-07-10T00:13:53.416527Z","level":"INFO","fields":{"message":"Request Success: s3::get_range api call succeeded (request id 01KX4NZ9VC4XXRS7CXF00KEBSH)."},"filename":"/home/runner/work/xet-core/xet-core/xet_client/src/cas_client/retry_wrapper.rs","line_number":210}
{"timestamp":"2026-07-10T00:13:53.421397Z","level":"INFO","fields":{"message":"Retry strategy","max_attempts":5,"base_delay":"3s","no_retry_on_429":false},"filename":"/home/runner/work/xet-core/xet-core/xet_client/src/cas_client/retry_wrapper.rs","line_number":249}
{"timestamp":"2026-07-10T00:13:53.460646Z","level":"INFO","fields":{"message":"Retry strategy","max_attempts":5,"base_delay":"3s","no_retry_on_429":false},"filename":"/home/runner/work/xet-core/xet-core/xet_client/src/cas_client/retry_wrapper.rs","line_number":249}
{"timestamp":"2026-07-10T00:13:53.486209Z","level":"INFO","fields":{"message":"Received CAS response","request_id":"01KX4NZ9WG0BKPCB07DT78DESD","status_code":206},"filename":"/home/runner/work/xet-core/xet-core/xet_client/src/common/http_client.rs","line_number":288}
{"timestamp":"2026-07-10T00:13:53.486233Z","level":"INFO","fields":{"message":"Request Success: s3::get_range api call succeeded (request id 01KX4NZ9WG0BKPCB07DT78DESD)."},"filename":"/home/runner/work/xet-core/xet-core/xet_client/src/cas_client/retry_wrapper.rs","line_number":210}
{"timestamp":"2026-07-10T00:13:53.500722Z","level":"INFO","fields":{"message":"Received CAS response","request_id":"01KX4NZ9XS8B6A0GWN6NXY61QJ","status_code":206},"filename":"/home/runner/work/xet-core/xet-core/xet_client/src/common/http_client.rs","line_number":288}
{"timestamp":"2026-07-10T00:13:53.500742Z","level":"INFO","fields":{"message":"Request Success: s3::get_range api call succeeded (request id 01KX4NZ9XS8B6A0GWN6NXY61QJ)."},"filename":"/home/runner/work/xet-core/xet-core/xet_client/src/cas_client/retry_wrapper.rs","line_number":210}
{"timestamp":"2026-07-10T00:13:53.500758Z","level":"INFO","fields":{"message":"Concurrency control for download: Increased concurrency from 7 to 8; reason: success ratio 1.000 is above threshold 0.800 and predicted RTT for 61MB at new concurrency is 1.91s < target 60.0s"},"filename":"/home/runner/work/xet-core/xet-core/xet_client/src/cas_client/adaptive_concurrency/controller.rs","line_number":543}
{"timestamp":"2026-07-10T00:13:53.500775Z","level":"INFO","fields":{"message":"Retry strategy","max_attempts":5,"base_delay":"3s","no_retry_on_429":false},"filename":"/home/runner/work/xet-core/xet-core/xet_client/src/cas_client/retry_wrapper.rs","line_number":249}
{"timestamp":"2026-07-10T00:13:53.503505Z","level":"INFO","fields":{"message":"Retry strategy","max_attempts":5,"base_delay":"3s","no_retry_on_429":false},"filename":"/home/runner/work/xet-core/xet-core/xet_client/src/cas_client/retry_wrapper.rs","line_number":249}
{"timestamp":"2026-07-10T00:13:53.539812Z","level":"INFO","fields":{"message":"Received CAS response","request_id":"01KX4NZ9YZN4QE87A8X5HM3DJ9","status_code":206},"filename":"/home/runner/work/xet-core/xet-core/xet_client/src/common/http_client.rs","line_number":288}
{"timestamp":"2026-07-10T00:13:53.539860Z","level":"INFO","fields":{"message":"Request Success: s3::get_range api call succeeded (request id 01KX4NZ9YZN4QE87A8X5HM3DJ9)."},"filename":"/home/runner/work/xet-core/xet-core/xet_client/src/cas_client/retry_wrapper.rs","line_number":210}
{"timestamp":"2026-07-10T00:13:53.544963Z","level":"INFO","fields":{"message":"Retry strategy","max_attempts":5,"base_delay":"3s","no_retry_on_429":false},"filename":"/home/runner/work/xet-core/xet-core/xet_client/src/cas_client/retry_wrapper.rs","line_number":249}
{"timestamp":"2026-07-10T00:13:53.546139Z","level":"INFO","fields":{"message":"Received CAS response","request_id":"01KX4NZ9Z22A9MNQ78VSMTX2FQ","status_code":206},"filename":"/home/runner/work/xet-core/xet-core/xet_client/src/common/http_client.rs","line_number":288}
{"timestamp":"2026-07-10T00:13:53.546148Z","level":"INFO","fields":{"message":"Request Success: s3::get_range api call succeeded (request id 01KX4NZ9Z22A9MNQ78VSMTX2FQ)."},"filename":"/home/runner/work/xet-core/xet-core/xet_client/src/cas_client/retry_wrapper.rs","line_number":210}
{"timestamp":"2026-07-10T00:13:53.547109Z","level":"INFO","fields":{"message":"Retry strategy","max_attempts":5,"base_delay":"3s","no_retry_on_429":false},"filename":"/home/runner/work/xet-core/xet-core/xet_client/src/cas_client/retry_wrapper.rs","line_number":249}
{"timestamp":"2026-07-10T00:13:53.601091Z","level":"INFO","fields":{"message":"Retry strategy","max_attempts":5,"base_delay":"3s","no_retry_on_429":false},"filename":"/home/runner/work/xet-core/xet-core/xet_client/src/cas_client/retry_wrapper.rs","line_number":249}
{"timestamp":"2026-07-10T00:13:53.685745Z","level":"INFO","fields":{"message":"Received CAS response","request_id":"","status_code":206},"filename":"/home/runner/work/xet-core/xet-core/xet_client/src/common/http_client.rs","line_number":288}
{"timestamp":"2026-07-10T00:13:53.685769Z","level":"INFO","fields":{"message":"Request Success: s3::get_range api call succeeded (request id )."},"filename":"/home/runner/work/xet-core/xet-core/xet_client/src/cas_client/retry_wrapper.rs","line_number":210}
{"timestamp":"2026-07-10T00:13:53.704214Z","level":"INFO","fields":{"message":"Retry strategy","max_attempts":5,"base_delay":"3s","no_retry_on_429":false},"filename":"/home/runner/work/xet-core/xet-core/xet_client/src/cas_client/retry_wrapper.rs","line_number":249}
{"timestamp":"2026-07-10T00:13:53.710321Z","level":"INFO","fields":{"message":"Received CAS response","request_id":"","status_code":206},"filename":"/home/runner/work/xet-core/xet-core/xet_client/src/common/http_client.rs","line_number":288}
{"timestamp":"2026-07-10T00:13:53.710350Z","level":"INFO","fields":{"message":"Request Success: s3::get_range api call succeeded (request id )."},"filename":"/home/runner/work/xet-core/xet-core/xet_client/src/cas_client/retry_wrapper.rs","line_number":210}
{"timestamp":"2026-07-10T00:13:53.733309Z","level":"INFO","fields":{"message":"Retry strategy","max_attempts":5,"base_delay":"3s","no_retry_on_429":false},"filename":"/home/runner/work/xet-core/xet-core/xet_client/src/cas_client/retry_wrapper.rs","line_number":249}
{"timestamp":"2026-07-10T00:13:53.784343Z","level":"INFO","fields":{"message":"Retry strategy","max_attempts":5,"base_delay":"3s","no_retry_on_429":false},"filename":"/home/runner/work/xet-core/xet-core/xet_client/src/cas_client/retry_wrapper.rs","line_number":249}
{"timestamp":"2026-07-10T00:13:53.789124Z","level":"INFO","fields":{"message":"Received CAS response","request_id":"","status_code":206},"filename":"/home/runner/work/xet-core/xet-core/xet_client/src/common/http_client.rs","line_number":288}
{"timestamp":"2026-07-10T00:13:53.789142Z","level":"INFO","fields":{"message":"Request Success: s3::get_range api call succeeded (request id )."},"filename":"/home/runner/work/xet-core/xet-core/xet_client/src/cas_client/retry_wrapper.rs","line_number":210}
{"timestamp":"2026-07-10T00:13:53.795756Z","level":"INFO","fields":{"message":"Received CAS response","request_id":"","status_code":206},"filename":"/home/runner/work/xet-core/xet-core/xet_client/src/common/http_client.rs","line_number":288}
{"timestamp":"2026-07-10T00:13:53.795782Z","level":"INFO","fields":{"message":"Request Success: s3::get_range api call succeeded (request id )."},"filename":"/home/runner/work/xet-core/xet-core/xet_client/src/cas_client/retry_wrapper.rs","line_number":210}
{"timestamp":"2026-07-10T00:13:53.797563Z","level":"INFO","fields":{"message":"Retry strategy","max_attempts":5,"base_delay":"3s","no_retry_on_429":false},"filename":"/home/runner/work/xet-core/xet-core/xet_client/src/cas_client/retry_wrapper.rs","line_number":249}
{"timestamp":"2026-07-10T00:13:53.805123Z","level":"INFO","fields":{"message":"Received CAS response","request_id":"01KX4NZA0CXA7ZGX2XNSVWV2PX","status_code":206},"filename":"/home/runner/work/xet-core/xet-core/xet_client/src/common/http_client.rs","line_number":288}
{"timestamp":"2026-07-10T00:13:53.805143Z","level":"INFO","fields":{"message":"Request Success: s3::get_range api call succeeded (request id 01KX4NZA0CXA7ZGX2XNSVWV2PX)."},"filename":"/home/runner/work/xet-core/xet-core/xet_client/src/cas_client/retry_wrapper.rs","line_number":210}
{"timestamp":"2026-07-10T00:13:53.823341Z","level":"INFO","fields":{"message":"Retry strategy","max_attempts":5,"base_delay":"3s","no_retry_on_429":false},"filename":"/home/runner/work/xet-core/xet-core/xet_client/src/cas_client/retry_wrapper.rs","line_number":249}
{"timestamp":"2026-07-10T00:13:53.847742Z","level":"INFO","fields":{"message":"Received CAS response","request_id":"","status_code":206},"filename":"/home/runner/work/xet-core/xet-core/xet_client/src/common/http_client.rs","line_number":288}
{"timestamp":"2026-07-10T00:13:53.847758Z","level":"INFO","fields":{"message":"Request Success: s3::get_range api call succeeded (request id )."},"filename":"/home/runner/work/xet-core/xet-core/xet_client/src/cas_client/retry_wrapper.rs","line_number":210}
{"timestamp":"2026-07-10T00:13:53.860856Z","level":"INFO","fields":{"message":"Concurrency control for download: Increased concurrency from 8 to 9; reason: success ratio 1.000 is above threshold 0.800 and predicted RTT for 61MB at new concurrency is 2.68s < target 60.0s"},"filename":"/home/runner/work/xet-core/xet-core/xet_client/src/cas_client/adaptive_concurrency/controller.rs","line_number":543}
{"timestamp":"2026-07-10T00:13:53.864223Z","level":"INFO","fields":{"message":"Received CAS response","request_id":"","status_code":206},"filename":"/home/runner/work/xet-core/xet-core/xet_client/src/common/http_client.rs","line_number":288}
{"timestamp":"2026-07-10T00:13:53.864235Z","level":"INFO","fields":{"message":"Request Success: s3::get_range api call succeeded (request id )."},"filename":"/home/runner/work/xet-core/xet-core/xet_client/src/cas_client/retry_wrapper.rs","line_number":210}
{"timestamp":"2026-07-10T00:13:53.870576Z","level":"INFO","fields":{"message":"Retry strategy","max_attempts":5,"base_delay":"3s","no_retry_on_429":false},"filename":"/home/runner/work/xet-core/xet-core/xet_client/src/cas_client/retry_wrapper.rs","line_number":249}
{"timestamp":"2026-07-10T00:13:53.882146Z","level":"INFO","fields":{"message":"Received CAS response","request_id":"","status_code":206},"filename":"/home/runner/work/xet-core/xet-core/xet_client/src/common/http_client.rs","line_number":288}
{"timestamp":"2026-07-10T00:13:53.882168Z","level":"INFO","fields":{"message":"Request Success: s3::get_range api call succeeded (request id )."},"filename":"/home/runner/work/xet-core/xet-core/xet_client/src/cas_client/retry_wrapper.rs","line_number":210}
{"timestamp":"2026-07-10T00:13:53.923618Z","level":"INFO","fields":{"message":"Retry strategy","max_attempts":5,"base_delay":"3s","no_retry_on_429":false},"filename":"/home/runner/work/xet-core/xet-core/xet_client/src/cas_client/retry_wrapper.rs","line_number":249}
{"timestamp":"2026-07-10T00:13:53.950260Z","level":"INFO","fields":{"message":"Retry strategy","max_attempts":5,"base_delay":"3s","no_retry_on_429":false},"filename":"/home/runner/work/xet-core/xet-core/xet_client/src/cas_client/retry_wrapper.rs","line_number":249}
{"timestamp":"2026-07-10T00:13:53.955850Z","level":"INFO","fields":{"message":"Received CAS response","request_id":"","status_code":206},"filename":"/home/runner/work/xet-core/xet-core/xet_client/src/common/http_client.rs","line_number":288}
{"timestamp":"2026-07-10T00:13:53.955873Z","level":"INFO","fields":{"message":"Request Success: s3::get_range api call succeeded (request id )."},"filename":"/home/runner/work/xet-core/xet-core/xet_client/src/cas_client/retry_wrapper.rs","line_number":210}
{"timestamp":"2026-07-10T00:13:54.009011Z","level":"INFO","fields":{"message":"Concurrency control for download: Increased concurrency from 8 to 9; reason: success ratio 1.000 is above threshold 0.800 and predicted RTT for 61MB at new concurrency is 1.89s < target 60.0s"},"filename":"/home/runner/work/xet-core/xet-core/xet_client/src/cas_client/adaptive_concurrency/controller.rs","line_number":543}
{"timestamp":"2026-07-10T00:13:54.082930Z","level":"INFO","fields":{"message":"Received CAS response","request_id":"01KX4NZAAGRH6JAFNE169WJXQ6","status_code":206},"filename":"/home/runner/work/xet-core/xet-core/xet_client/src/common/http_client.rs","line_number":288}
{"timestamp":"2026-07-10T00:13:54.082970Z","level":"INFO","fields":{"message":"Request Success: s3::get_range api call succeeded (request id 01KX4NZAAGRH6JAFNE169WJXQ6)."},"filename":"/home/runner/work/xet-core/xet-core/xet_client/src/cas_client/retry_wrapper.rs","line_number":210}
{"timestamp":"2026-07-10T00:13:54.154079Z","level":"INFO","fields":{"message":"Received CAS response","request_id":"","status_code":206},"filename":"/home/runner/work/xet-core/xet-core/xet_client/src/common/http_client.rs","line_number":288}
{"timestamp":"2026-07-10T00:13:54.154105Z","level":"INFO","fields":{"message":"Request Success: s3::get_range api call succeeded (request id )."},"filename":"/home/runner/work/xet-core/xet-core/xet_client/src/cas_client/retry_wrapper.rs","line_number":210}
{"timestamp":"2026-07-10T00:13:54.595809Z","level":"INFO","fields":{"message":"Concurrency control for download: Increased concurrency from 9 to 10; reason: success ratio 1.000 is above threshold 0.800 and predicted RTT for 61MB at new concurrency is 2.32s < target 60.0s"},"filename":"/home/runner/work/xet-core/xet-core/xet_client/src/cas_client/adaptive_concurrency/controller.rs","line_number":543}
{"timestamp":"2026-07-10T00:13:55.109032Z","level":"INFO","fields":{"message":"Concurrency control for download: Increased concurrency from 10 to 11; reason: success ratio 1.000 is above threshold 0.800 and predicted RTT for 61MB at new concurrency is 2.62s < target 60.0s"},"filename":"/home/runner/work/xet-core/xet-core/xet_client/src/cas_client/adaptive_concurrency/controller.rs","line_number":543}
{"timestamp":"2026-07-10T00:13:56.102796Z","level":"INFO","fields":{"message":"File reconstruction completed successfully","file_hash":"2901325689366787793b99e738cc360155ebed2d35e53b681deccdcaf059a677","block_count":2,"total_terms_processed":17,"total_bytes_scheduled":729888705},"filename":"/home/runner/work/xet-core/xet-core/xet_data/src/file_reconstruction/run_state.rs","line_number":150}
{"timestamp":"2026-07-10T00:13:56.214055Z","level":"INFO","fields":{"message":"CAS auth disabled","caller":"/home/runner/work/xet-core/xet-core/xet_client/src/common/http_client.rs:166"},"filename":"/home/runner/work/xet-core/xet-core/xet_runtime/src/error_printer/mod.rs","line_number":198}
{"timestamp":"2026-07-10T00:13:56.219589Z","level":"INFO","fields":{"message":"HTTP client configured","idle_timeout":"60s","max_idle_connections":16,"custom_headers":"Some({\"user-agent\": \"unknown/None; hf_hub/1.23.0; python/3.11.15; torch/2.13.0\", \"authorization\": \"[REDACTED]\"})"},"filename":"/home/runner/work/xet-core/xet-core/xet_client/src/common/http_client.rs","line_number":187}
{"timestamp":"2026-07-10T00:13:56.219607Z","level":"INFO","fields":{"message":"Retry strategy","max_attempts":5,"base_delay":"3s","no_retry_on_429":false},"filename":"/home/runner/work/xet-core/xet-core/xet_client/src/cas_client/retry_wrapper.rs","line_number":249}
{"timestamp":"2026-07-10T00:13:56.300276Z","level":"INFO","fields":{"message":"Received CAS response","request_id":"Root=1-6a503944-5e97ceed49a2ef2e23a60158","status_code":200},"filename":"/home/runner/work/xet-core/xet-core/xet_client/src/common/http_client.rs","line_number":288}
{"timestamp":"2026-07-10T00:13:56.300299Z","level":"INFO","fields":{"message":"Request Success: xet-token api call succeeded (request id Root=1-6a503944-5e97ceed49a2ef2e23a60158)."},"filename":"/home/runner/work/xet-core/xet-core/xet_client/src/cas_client/retry_wrapper.rs","line_number":210}
{"timestamp":"2026-07-10T00:13:56.300361Z","level":"INFO","fields":{"message":"TranslatorConfig initialized","endpoint":"https://cas-server.xethub.hf.co","session_id":"Some(\"019f495f-b2cc-7702-800f-72b4708c8db9\")","shard_cache":"/home/runner/work/FinAI/FinAI/.hf_cache/xet/https___cas_serv-tGqkUaZf_CBPHQ6h/shard-cache","shard_session":"/home/runner/work/FinAI/FinAI/.hf_cache/xet/https___cas_serv-tGqkUaZf_CBPHQ6h/staging/shard-session"},"filename":"/home/runner/work/xet-core/xet-core/xet_data/src/processing/configurations.rs","line_number":115}
{"timestamp":"2026-07-10T00:13:56.305794Z","level":"INFO","fields":{"message":"HTTP client configured","idle_timeout":"60s","max_idle_connections":16,"custom_headers":"Some({\"user-agent\": \"unknown/None; hf_hub/1.23.0; python/3.11.15; torch/2.13.0; hf_xet/1.5.1\"})"},"filename":"/home/runner/work/xet-core/xet-core/xet_client/src/common/http_client.rs","line_number":187}
{"timestamp":"2026-07-10T00:13:56.305811Z","level":"INFO","fields":{"message":"CAS auth disabled","caller":"/home/runner/work/xet-core/xet-core/xet_client/src/common/http_client.rs:166"},"filename":"/home/runner/work/xet-core/xet-core/xet_runtime/src/error_printer/mod.rs","line_number":198}
{"timestamp":"2026-07-10T00:13:56.305815Z","level":"INFO","fields":{"message":"HTTP client configured","idle_timeout":"60s","max_idle_connections":16,"custom_headers":"Some({\"user-agent\": \"unknown/None; hf_hub/1.23.0; python/3.11.15; torch/2.13.0; hf_xet/1.5.1\"})"},"filename":"/home/runner/work/xet-core/xet-core/xet_client/src/common/http_client.rs","line_number":187}
{"timestamp":"2026-07-10T00:13:56.311138Z","level":"INFO","fields":{"message":"No-read-timeout HTTP client configured (for shard uploads)","connect_timeout":"60s"},"filename":"/home/runner/work/xet-core/xet-core/xet_client/src/common/http_client.rs","line_number":136}
{"timestamp":"2026-07-10T00:13:56.311150Z","level":"INFO","fields":{"message":"Initializing Adaptive Concurrency Controller for upload with starting concurrency = 2; min = 1, max = 64, min_bytes_for_adjustment = 20000000, min_completed_transmissions_for_adjustment = 1"},"filename":"/home/runner/work/xet-core/xet-core/xet_client/src/cas_client/adaptive_concurrency/controller.rs","line_number":301}
{"timestamp":"2026-07-10T00:13:56.311155Z","level":"INFO","fields":{"message":"Initializing Adaptive Concurrency Controller for download with starting concurrency = 4; min = 1, max = 64, min_bytes_for_adjustment = 20000000, min_completed_transmissions_for_adjustment = 1"},"filename":"/home/runner/work/xet-core/xet-core/xet_client/src/cas_client/adaptive_concurrency/controller.rs","line_number":301}
{"timestamp":"2026-07-10T00:13:56.311205Z","level":"INFO","fields":{"message":"New file download group, session_id=019f495f-9acf-7d13-9f90-2646a3769c21, group_id=10"},"filename":"/home/runner/work/xet-core/xet-core/xet_pkg/src/xet_session/file_download_group.rs","line_number":61}
{"timestamp":"2026-07-10T00:13:56.311299Z","level":"INFO","fields":{"message":"Download file to path","group_id":"10","dest_path":"\"/home/runner/work/FinAI/FinAI/temp_download/.cache/huggingface/download/checkpoint/HgM_lKo9sdSCfRtVg7MMFS7EKqo=.716ec13e363ec927a345aa1d39bb8ed88a0ce7fadcdef14509b1f2afd64a8bee.c008d2e3.incomplete\"","hash":"21b36a86e5f8663c44c00025062c78c18c64ae7c86c6d4819e35b034c363125f"},"filename":"/home/runner/work/xet-core/xet-core/xet_pkg/src/xet_session/file_download_group.rs","line_number":287}
{"timestamp":"2026-07-10T00:13:56.311375Z","level":"INFO","fields":{"message":"Reconstructing file to disk","file_hash":"21b36a86e5f8663c44c00025062c78c18c64ae7c86c6d4819e35b034c363125f","byte_range":"None","path":"/home/runner/work/FinAI/FinAI/temp_download/.cache/huggingface/download/checkpoint/HgM_lKo9sdSCfRtVg7MMFS7EKqo=.716ec13e363ec927a345aa1d39bb8ed88a0ce7fadcdef14509b1f2afd64a8bee.c008d2e3.incomplete","write_offset":"None"},"filename":"/home/runner/work/xet-core/xet-core/xet_data/src/file_reconstruction/file_reconstructor.rs","line_number":121}
{"timestamp":"2026-07-10T00:13:56.311462Z","level":"INFO","fields":{"message":"Download group finish","group_id":"10"},"filename":"/home/runner/work/xet-core/xet-core/xet_pkg/src/xet_session/file_download_group.rs","line_number":306}
{"timestamp":"2026-07-10T00:13:56.311496Z","level":"INFO","fields":{"message":"Scheduling prefetch block","file_hash":"21b36a86e5f8663c44c00025062c78c18c64ae7c86c6d4819e35b034c363125f","prefetch_range":"(0, 256000000)","requested_block_size":256000000,"actual_block_size":256000000,"queue_depth":1},"filename":"/home/runner/work/xet-core/xet-core/xet_data/src/file_reconstruction/reconstruction_terms/manager.rs","line_number":272}
{"timestamp":"2026-07-10T00:13:56.311510Z","level":"INFO","fields":{"message":"Scheduling prefetch block","file_hash":"21b36a86e5f8663c44c00025062c78c18c64ae7c86c6d4819e35b034c363125f","prefetch_range":"(256000000, 768000000)","requested_block_size":512000000,"actual_block_size":512000000,"queue_depth":2},"filename":"/home/runner/work/xet-core/xet-core/xet_data/src/file_reconstruction/reconstruction_terms/manager.rs","line_number":272}
{"timestamp":"2026-07-10T00:13:56.311518Z","level":"INFO","fields":{"message":"Scheduling prefetch block","file_hash":"21b36a86e5f8663c44c00025062c78c18c64ae7c86c6d4819e35b034c363125f","prefetch_range":"(768000000, 1024000000)","requested_block_size":256000000,"actual_block_size":256000000,"queue_depth":3},"filename":"/home/runner/work/xet-core/xet-core/xet_data/src/file_reconstruction/reconstruction_terms/manager.rs","line_number":272}
{"timestamp":"2026-07-10T00:13:56.311534Z","level":"INFO","fields":{"message":"Starting get_reconstruction API call","call_id":9,"file_id":"21b36a86e5f8663c44c00025062c78c18c64ae7c86c6d4819e35b034c363125f","bytes_range":"Some(Range { start: 768000000, end: 1024000000 })","api_version":"v2"},"filename":"/home/runner/work/xet-core/xet-core/xet_client/src/cas_client/remote_client.rs","line_number":210}
{"timestamp":"2026-07-10T00:13:56.311542Z","level":"INFO","fields":{"message":"Retry strategy","max_attempts":5,"base_delay":"3s","no_retry_on_429":false},"filename":"/home/runner/work/xet-core/xet-core/xet_client/src/cas_client/retry_wrapper.rs","line_number":249}
{"timestamp":"2026-07-10T00:13:56.311591Z","level":"INFO","fields":{"message":"Starting get_reconstruction API call","call_id":11,"file_id":"21b36a86e5f8663c44c00025062c78c18c64ae7c86c6d4819e35b034c363125f","bytes_range":"Some(Range { start: 256000000, end: 768000000 })","api_version":"v2"},"filename":"/home/runner/work/xet-core/xet-core/xet_client/src/cas_client/remote_client.rs","line_number":210}
{"timestamp":"2026-07-10T00:13:56.311592Z","level":"INFO","fields":{"message":"Starting get_reconstruction API call","call_id":10,"file_id":"21b36a86e5f8663c44c00025062c78c18c64ae7c86c6d4819e35b034c363125f","bytes_range":"Some(Range { start: 0, end: 256000000 })","api_version":"v2"},"filename":"/home/runner/work/xet-core/xet-core/xet_client/src/cas_client/remote_client.rs","line_number":210}
{"timestamp":"2026-07-10T00:13:56.311602Z","level":"INFO","fields":{"message":"Retry strategy","max_attempts":5,"base_delay":"3s","no_retry_on_429":false},"filename":"/home/runner/work/xet-core/xet-core/xet_client/src/cas_client/retry_wrapper.rs","line_number":249}
{"timestamp":"2026-07-10T00:13:56.311604Z","level":"INFO","fields":{"message":"Retry strategy","max_attempts":5,"base_delay":"3s","no_retry_on_429":false},"filename":"/home/runner/work/xet-core/xet-core/xet_client/src/cas_client/retry_wrapper.rs","line_number":249}
{"timestamp":"2026-07-10T00:13:56.330086Z","level":"INFO","fields":{"message":"Received CAS response","request_id":"01KX4NZCQ4JPAGRGZHQGE9W550","status_code":416},"filename":"/home/runner/work/xet-core/xet-core/xet_client/src/common/http_client.rs","line_number":288}
{"timestamp":"2026-07-10T00:13:56.330117Z","level":"INFO","fields":{"message":"Reached end of reconstruction 416 (Range Not Satisfiable): \"cas::get_reconstruction_v2\" api call failed (request id 01KX4NZCQ4JPAGRGZHQGE9W550): HTTP status client error (416 Range Not Satisfiable) for url (https://cas-server.xethub.hf.co/v2/reconstructions/21b36a86e5f8663c44c00025062c78c18c64ae7c86c6d4819e35b034c363125f)"},"filename":"/home/runner/work/xet-core/xet-core/xet_client/src/cas_client/retry_wrapper.rs","line_number":162}
{"timestamp":"2026-07-10T00:13:56.331052Z","level":"INFO","fields":{"message":"Received CAS response","request_id":"01KX4NZCQ6YNFBGKG38N8AYP3Z","status_code":416},"filename":"/home/runner/work/xet-core/xet-core/xet_client/src/common/http_client.rs","line_number":288}
{"timestamp":"2026-07-10T00:13:56.331065Z","level":"INFO","fields":{"message":"Reached end of reconstruction 416 (Range Not Satisfiable): \"cas::get_reconstruction_v2\" api call failed (request id 01KX4NZCQ6YNFBGKG38N8AYP3Z): HTTP status client error (416 Range Not Satisfiable) for url (https://cas-server.xethub.hf.co/v2/reconstructions/21b36a86e5f8663c44c00025062c78c18c64ae7c86c6d4819e35b034c363125f)"},"filename":"/home/runner/work/xet-core/xet-core/xet_client/src/cas_client/retry_wrapper.rs","line_number":162}
{"timestamp":"2026-07-10T00:13:56.497925Z","level":"INFO","fields":{"message":"Received CAS response","request_id":"01KX4NZCQ31FNEX2RBNX1ZTHM3","status_code":200},"filename":"/home/runner/work/xet-core/xet-core/xet_client/src/common/http_client.rs","line_number":288}
{"timestamp":"2026-07-10T00:13:56.497953Z","level":"INFO","fields":{"message":"Request Success: cas::get_reconstruction_v2 api call succeeded (request id 01KX4NZCQ31FNEX2RBNX1ZTHM3)."},"filename":"/home/runner/work/xet-core/xet-core/xet_client/src/cas_client/retry_wrapper.rs","line_number":210}
{"timestamp":"2026-07-10T00:13:56.497980Z","level":"INFO","fields":{"message":"Completed get_reconstruction API call","call_id":10,"file_id":"21b36a86e5f8663c44c00025062c78c18c64ae7c86c6d4819e35b034c363125f","bytes_range":"Some(Range { start: 0, end: 256000000 })","api_version":"v2"},"filename":"/home/runner/work/xet-core/xet-core/xet_client/src/cas_client/remote_client.rs","line_number":234}
{"timestamp":"2026-07-10T00:13:56.498022Z","level":"INFO","fields":{"message":"Received block of file terms from prefetch queue","file_hash":"21b36a86e5f8663c44c00025062c78c18c64ae7c86c6d4819e35b034c363125f","domain":"us.aws.cdn.hf.co","block_start":0,"block_end":11421990,"block_size":1},"filename":"/home/runner/work/xet-core/xet-core/xet_data/src/file_reconstruction/reconstruction_terms/manager.rs","line_number":151}
{"timestamp":"2026-07-10T00:13:56.498058Z","level":"INFO","fields":{"message":"Updated completion rate estimate based on previous block completion time (seconds).","file_hash":"21b36a86e5f8663c44c00025062c78c18c64ae7c86c6d4819e35b034c363125f","block_start":0,"block_end":11421990,"block_size":11421990,"completion_time":0.000034886},"filename":"/home/runner/work/xet-core/xet-core/xet_data/src/file_reconstruction/reconstruction_terms/manager.rs","line_number":104}
{"timestamp":"2026-07-10T00:13:56.498067Z","level":"INFO","fields":{"message":"Completed prefetch queue; end of file reached.","file_hash":"21b36a86e5f8663c44c00025062c78c18c64ae7c86c6d4819e35b034c363125f","prefetched_byte_position":1024000000},"filename":"/home/runner/work/xet-core/xet-core/xet_data/src/file_reconstruction/reconstruction_terms/manager.rs","line_number":178}
{"timestamp":"2026-07-10T00:13:56.498073Z","level":"INFO","fields":{"message":"All term blocks received and scheduled for writing","file_hash":"21b36a86e5f8663c44c00025062c78c18c64ae7c86c6d4819e35b034c363125f","block_count":1,"total_terms_processed":1,"total_bytes_scheduled":11421990},"filename":"/home/runner/work/xet-core/xet-core/xet_data/src/file_reconstruction/run_state.rs","line_number":150}
{"timestamp":"2026-07-10T00:13:56.498100Z","level":"INFO","fields":{"message":"Retry strategy","max_attempts":5,"base_delay":"3s","no_retry_on_429":false},"filename":"/home/runner/work/xet-core/xet-core/xet_client/src/cas_client/retry_wrapper.rs","line_number":249}
{"timestamp":"2026-07-10T00:13:56.661553Z","level":"INFO","fields":{"message":"Received CAS response","request_id":"01KX4NZCXT9C4N1AY7X4CWWYED","status_code":206},"filename":"/home/runner/work/xet-core/xet-core/xet_client/src/common/http_client.rs","line_number":288}
{"timestamp":"2026-07-10T00:13:56.661574Z","level":"INFO","fields":{"message":"Request Success: s3::get_range api call succeeded (request id 01KX4NZCXT9C4N1AY7X4CWWYED)."},"filename":"/home/runner/work/xet-core/xet-core/xet_client/src/cas_client/retry_wrapper.rs","line_number":210}
{"timestamp":"2026-07-10T00:13:56.846556Z","level":"INFO","fields":{"message":"File reconstruction completed successfully","file_hash":"21b36a86e5f8663c44c00025062c78c18c64ae7c86c6d4819e35b034c363125f","block_count":1,"total_terms_processed":1,"total_bytes_scheduled":11421990},"filename":"/home/runner/work/xet-core/xet-core/xet_data/src/file_reconstruction/run_state.rs","line_number":150}
{"timestamp":"2026-07-10T00:13:56.941371Z","level":"INFO","fields":{"message":"CAS auth disabled","caller":"/home/runner/work/xet-core/xet-core/xet_client/src/common/http_client.rs:166"},"filename":"/home/runner/work/xet-core/xet-core/xet_runtime/src/error_printer/mod.rs","line_number":198}
{"timestamp":"2026-07-10T00:13:56.947134Z","level":"INFO","fields":{"message":"HTTP client configured","idle_timeout":"60s","max_idle_connections":16,"custom_headers":"Some({\"user-agent\": \"unknown/None; hf_hub/1.23.0; python/3.11.15; torch/2.13.0\", \"authorization\": \"[REDACTED]\"})"},"filename":"/home/runner/work/xet-core/xet-core/xet_client/src/common/http_client.rs","line_number":187}
{"timestamp":"2026-07-10T00:13:56.947149Z","level":"INFO","fields":{"message":"Retry strategy","max_attempts":5,"base_delay":"3s","no_retry_on_429":false},"filename":"/home/runner/work/xet-core/xet-core/xet_client/src/cas_client/retry_wrapper.rs","line_number":249}
{"timestamp":"2026-07-10T00:13:56.972893Z","level":"INFO","fields":{"message":"Received CAS response","request_id":"Root=1-6a503944-79e60b0115c284ac3ed7243f","status_code":200},"filename":"/home/runner/work/xet-core/xet-core/xet_client/src/common/http_client.rs","line_number":288}
{"timestamp":"2026-07-10T00:13:56.972911Z","level":"INFO","fields":{"message":"Request Success: xet-token api call succeeded (request id Root=1-6a503944-79e60b0115c284ac3ed7243f)."},"filename":"/home/runner/work/xet-core/xet-core/xet_client/src/cas_client/retry_wrapper.rs","line_number":210}
{"timestamp":"2026-07-10T00:13:56.972975Z","level":"INFO","fields":{"message":"TranslatorConfig initialized","endpoint":"https://cas-server.xethub.hf.co","session_id":"Some(\"019f495f-b56c-7db2-9ee7-856a2a2f9405\")","shard_cache":"/home/runner/work/FinAI/FinAI/.hf_cache/xet/https___cas_serv-tGqkUaZf_CBPHQ6h/shard-cache","shard_session":"/home/runner/work/FinAI/FinAI/.hf_cache/xet/https___cas_serv-tGqkUaZf_CBPHQ6h/staging/shard-session"},"filename":"/home/runner/work/xet-core/xet-core/xet_data/src/processing/configurations.rs","line_number":115}
{"timestamp":"2026-07-10T00:13:56.978397Z","level":"INFO","fields":{"message":"HTTP client configured","idle_timeout":"60s","max_idle_connections":16,"custom_headers":"Some({\"user-agent\": \"unknown/None; hf_hub/1.23.0; python/3.11.15; torch/2.13.0; hf_xet/1.5.1\"})"},"filename":"/home/runner/work/xet-core/xet-core/xet_client/src/common/http_client.rs","line_number":187}
{"timestamp":"2026-07-10T00:13:56.978433Z","level":"INFO","fields":{"message":"CAS auth disabled","caller":"/home/runner/work/xet-core/xet-core/xet_client/src/common/http_client.rs:166"},"filename":"/home/runner/work/xet-core/xet-core/xet_runtime/src/error_printer/mod.rs","line_number":198}
{"timestamp":"2026-07-10T00:13:56.978440Z","level":"INFO","fields":{"message":"HTTP client configured","idle_timeout":"60s","max_idle_connections":16,"custom_headers":"Some({\"user-agent\": \"unknown/None; hf_hub/1.23.0; python/3.11.15; torch/2.13.0; hf_xet/1.5.1\"})"},"filename":"/home/runner/work/xet-core/xet-core/xet_client/src/common/http_client.rs","line_number":187}
{"timestamp":"2026-07-10T00:13:56.983451Z","level":"INFO","fields":{"message":"No-read-timeout HTTP client configured (for shard uploads)","connect_timeout":"60s"},"filename":"/home/runner/work/xet-core/xet-core/xet_client/src/common/http_client.rs","line_number":136}
{"timestamp":"2026-07-10T00:13:56.983461Z","level":"INFO","fields":{"message":"Initializing Adaptive Concurrency Controller for upload with starting concurrency = 2; min = 1, max = 64, min_bytes_for_adjustment = 20000000, min_completed_transmissions_for_adjustment = 1"},"filename":"/home/runner/work/xet-core/xet-core/xet_client/src/cas_client/adaptive_concurrency/controller.rs","line_number":301}
{"timestamp":"2026-07-10T00:13:56.983465Z","level":"INFO","fields":{"message":"Initializing Adaptive Concurrency Controller for download with starting concurrency = 4; min = 1, max = 64, min_bytes_for_adjustment = 20000000, min_completed_transmissions_for_adjustment = 1"},"filename":"/home/runner/work/xet-core/xet-core/xet_client/src/cas_client/adaptive_concurrency/controller.rs","line_number":301}
{"timestamp":"2026-07-10T00:13:56.983504Z","level":"INFO","fields":{"message":"New file download group, session_id=019f495f-9acf-7d13-9f90-2646a3769c21, group_id=13"},"filename":"/home/runner/work/xet-core/xet-core/xet_pkg/src/xet_session/file_download_group.rs","line_number":61}
{"timestamp":"2026-07-10T00:13:56.983564Z","level":"INFO","fields":{"message":"Download file to path","group_id":"13","dest_path":"\"/home/runner/work/FinAI/FinAI/temp_download/.cache/huggingface/download/checkpoint/BbZQhXbpaYPFp6jbudOhcbSuIqA=.6aac3a768971791d4d35cb40f87d4586c9836fb94ead0531083e350288668673.9493971c.incomplete\"","hash":"0d30f64e0cca443d5816d207c8068fcf32df6deba104c3c43bf84de38ad6fe43"},"filename":"/home/runner/work/xet-core/xet-core/xet_pkg/src/xet_session/file_download_group.rs","line_number":287}
{"timestamp":"2026-07-10T00:13:56.983629Z","level":"INFO","fields":{"message":"Reconstructing file to disk","file_hash":"0d30f64e0cca443d5816d207c8068fcf32df6deba104c3c43bf84de38ad6fe43","byte_range":"None","path":"/home/runner/work/FinAI/FinAI/temp_download/.cache/huggingface/download/checkpoint/BbZQhXbpaYPFp6jbudOhcbSuIqA=.6aac3a768971791d4d35cb40f87d4586c9836fb94ead0531083e350288668673.9493971c.incomplete","write_offset":"None"},"filename":"/home/runner/work/xet-core/xet-core/xet_data/src/file_reconstruction/file_reconstructor.rs","line_number":121}
{"timestamp":"2026-07-10T00:13:56.983702Z","level":"INFO","fields":{"message":"Download group finish","group_id":"13"},"filename":"/home/runner/work/xet-core/xet-core/xet_pkg/src/xet_session/file_download_group.rs","line_number":306}
{"timestamp":"2026-07-10T00:13:56.983714Z","level":"INFO","fields":{"message":"Scheduling prefetch block","file_hash":"0d30f64e0cca443d5816d207c8068fcf32df6deba104c3c43bf84de38ad6fe43","prefetch_range":"(0, 256000000)","requested_block_size":256000000,"actual_block_size":256000000,"queue_depth":1},"filename":"/home/runner/work/xet-core/xet-core/xet_data/src/file_reconstruction/reconstruction_terms/manager.rs","line_number":272}
{"timestamp":"2026-07-10T00:13:56.983724Z","level":"INFO","fields":{"message":"Scheduling prefetch block","file_hash":"0d30f64e0cca443d5816d207c8068fcf32df6deba104c3c43bf84de38ad6fe43","prefetch_range":"(256000000, 768000000)","requested_block_size":512000000,"actual_block_size":512000000,"queue_depth":2},"filename":"/home/runner/work/xet-core/xet-core/xet_data/src/file_reconstruction/reconstruction_terms/manager.rs","line_number":272}
{"timestamp":"2026-07-10T00:13:56.983732Z","level":"INFO","fields":{"message":"Scheduling prefetch block","file_hash":"0d30f64e0cca443d5816d207c8068fcf32df6deba104c3c43bf84de38ad6fe43","prefetch_range":"(768000000, 1024000000)","requested_block_size":256000000,"actual_block_size":256000000,"queue_depth":3},"filename":"/home/runner/work/xet-core/xet-core/xet_data/src/file_reconstruction/reconstruction_terms/manager.rs","line_number":272}
{"timestamp":"2026-07-10T00:13:56.983748Z","level":"INFO","fields":{"message":"Starting get_reconstruction API call","call_id":12,"file_id":"0d30f64e0cca443d5816d207c8068fcf32df6deba104c3c43bf84de38ad6fe43","bytes_range":"Some(Range { start: 768000000, end: 1024000000 })","api_version":"v2"},"filename":"/home/runner/work/xet-core/xet-core/xet_client/src/cas_client/remote_client.rs","line_number":210}
{"timestamp":"2026-07-10T00:13:56.983763Z","level":"INFO","fields":{"message":"Retry strategy","max_attempts":5,"base_delay":"3s","no_retry_on_429":false},"filename":"/home/runner/work/xet-core/xet-core/xet_client/src/cas_client/retry_wrapper.rs","line_number":249}
{"timestamp":"2026-07-10T00:13:56.983773Z","level":"INFO","fields":{"message":"Starting get_reconstruction API call","call_id":13,"file_id":"0d30f64e0cca443d5816d207c8068fcf32df6deba104c3c43bf84de38ad6fe43","bytes_range":"Some(Range { start: 0, end: 256000000 })","api_version":"v2"},"filename":"/home/runner/work/xet-core/xet-core/xet_client/src/cas_client/remote_client.rs","line_number":210}
{"timestamp":"2026-07-10T00:13:56.983780Z","level":"INFO","fields":{"message":"Retry strategy","max_attempts":5,"base_delay":"3s","no_retry_on_429":false},"filename":"/home/runner/work/xet-core/xet-core/xet_client/src/cas_client/retry_wrapper.rs","line_number":249}
{"timestamp":"2026-07-10T00:13:56.983781Z","level":"INFO","fields":{"message":"Starting get_reconstruction API call","call_id":14,"file_id":"0d30f64e0cca443d5816d207c8068fcf32df6deba104c3c43bf84de38ad6fe43","bytes_range":"Some(Range { start: 256000000, end: 768000000 })","api_version":"v2"},"filename":"/home/runner/work/xet-core/xet-core/xet_client/src/cas_client/remote_client.rs","line_number":210}
{"timestamp":"2026-07-10T00:13:56.983793Z","level":"INFO","fields":{"message":"Retry strategy","max_attempts":5,"base_delay":"3s","no_retry_on_429":false},"filename":"/home/runner/work/xet-core/xet-core/xet_client/src/cas_client/retry_wrapper.rs","line_number":249}
{"timestamp":"2026-07-10T00:13:57.036987Z","level":"INFO","fields":{"message":"Received CAS response","request_id":"01KX4NZDD8CF52YJYHGJ5BDPDE","status_code":416},"filename":"/home/runner/work/xet-core/xet-core/xet_client/src/common/http_client.rs","line_number":288}
{"timestamp":"2026-07-10T00:13:57.037019Z","level":"INFO","fields":{"message":"Reached end of reconstruction 416 (Range Not Satisfiable): \"cas::get_reconstruction_v2\" api call failed (request id 01KX4NZDD8CF52YJYHGJ5BDPDE): HTTP status client error (416 Range Not Satisfiable) for url (https://cas-server.xethub.hf.co/v2/reconstructions/0d30f64e0cca443d5816d207c8068fcf32df6deba104c3c43bf84de38ad6fe43)"},"filename":"/home/runner/work/xet-core/xet-core/xet_client/src/cas_client/retry_wrapper.rs","line_number":162}
{"timestamp":"2026-07-10T00:13:57.038738Z","level":"INFO","fields":{"message":"Received CAS response","request_id":"01KX4NZDD91D6V4KSPNR09QZ2W","status_code":416},"filename":"/home/runner/work/xet-core/xet-core/xet_client/src/common/http_client.rs","line_number":288}
{"timestamp":"2026-07-10T00:13:57.038752Z","level":"INFO","fields":{"message":"Reached end of reconstruction 416 (Range Not Satisfiable): \"cas::get_reconstruction_v2\" api call failed (request id 01KX4NZDD91D6V4KSPNR09QZ2W): HTTP status client error (416 Range Not Satisfiable) for url (https://cas-server.xethub.hf.co/v2/reconstructions/0d30f64e0cca443d5816d207c8068fcf32df6deba104c3c43bf84de38ad6fe43)"},"filename":"/home/runner/work/xet-core/xet-core/xet_client/src/cas_client/retry_wrapper.rs","line_number":162}
{"timestamp":"2026-07-10T00:13:57.295615Z","level":"INFO","fields":{"message":"Received CAS response","request_id":"01KX4NZDD7RZEQRDXX9S2H55GV","status_code":200},"filename":"/home/runner/work/xet-core/xet-core/xet_client/src/common/http_client.rs","line_number":288}
{"timestamp":"2026-07-10T00:13:57.295639Z","level":"INFO","fields":{"message":"Request Success: cas::get_reconstruction_v2 api call succeeded (request id 01KX4NZDD7RZEQRDXX9S2H55GV)."},"filename":"/home/runner/work/xet-core/xet-core/xet_client/src/cas_client/retry_wrapper.rs","line_number":210}
{"timestamp":"2026-07-10T00:13:57.295662Z","level":"INFO","fields":{"message":"Completed get_reconstruction API call","call_id":13,"file_id":"0d30f64e0cca443d5816d207c8068fcf32df6deba104c3c43bf84de38ad6fe43","bytes_range":"Some(Range { start: 0, end: 256000000 })","api_version":"v2"},"filename":"/home/runner/work/xet-core/xet-core/xet_client/src/cas_client/remote_client.rs","line_number":234}
{"timestamp":"2026-07-10T00:13:57.295703Z","level":"INFO","fields":{"message":"Received block of file terms from prefetch queue","file_hash":"0d30f64e0cca443d5816d207c8068fcf32df6deba104c3c43bf84de38ad6fe43","domain":"transfer.xethub.hf.co","block_start":0,"block_end":1361,"block_size":1},"filename":"/home/runner/work/xet-core/xet-core/xet_data/src/file_reconstruction/reconstruction_terms/manager.rs","line_number":151}
{"timestamp":"2026-07-10T00:13:57.295739Z","level":"INFO","fields":{"message":"Updated completion rate estimate based on previous block completion time (seconds).","file_hash":"0d30f64e0cca443d5816d207c8068fcf32df6deba104c3c43bf84de38ad6fe43","block_start":0,"block_end":1361,"block_size":1361,"completion_time":0.000035356},"filename":"/home/runner/work/xet-core/xet-core/xet_data/src/file_reconstruction/reconstruction_terms/manager.rs","line_number":104}
{"timestamp":"2026-07-10T00:13:57.295752Z","level":"INFO","fields":{"message":"Completed prefetch queue; end of file reached.","file_hash":"0d30f64e0cca443d5816d207c8068fcf32df6deba104c3c43bf84de38ad6fe43","prefetched_byte_position":1024000000},"filename":"/home/runner/work/xet-core/xet-core/xet_data/src/file_reconstruction/reconstruction_terms/manager.rs","line_number":178}
{"timestamp":"2026-07-10T00:13:57.295759Z","level":"INFO","fields":{"message":"All term blocks received and scheduled for writing","file_hash":"0d30f64e0cca443d5816d207c8068fcf32df6deba104c3c43bf84de38ad6fe43","block_count":1,"total_terms_processed":1,"total_bytes_scheduled":1361},"filename":"/home/runner/work/xet-core/xet-core/xet_data/src/file_reconstruction/run_state.rs","line_number":150}
{"timestamp":"2026-07-10T00:13:57.295775Z","level":"INFO","fields":{"message":"Retry strategy","max_attempts":5,"base_delay":"3s","no_retry_on_429":false},"filename":"/home/runner/work/xet-core/xet-core/xet_client/src/cas_client/retry_wrapper.rs","line_number":249}
{"timestamp":"2026-07-10T00:13:57.452354Z","level":"INFO","fields":{"message":"Received CAS response","request_id":"","status_code":206},"filename":"/home/runner/work/xet-core/xet-core/xet_client/src/common/http_client.rs","line_number":288}
{"timestamp":"2026-07-10T00:13:57.452380Z","level":"INFO","fields":{"message":"Request Success: s3::get_range api call succeeded (request id )."},"filename":"/home/runner/work/xet-core/xet-core/xet_client/src/cas_client/retry_wrapper.rs","line_number":210}
{"timestamp":"2026-07-10T00:13:57.510450Z","level":"INFO","fields":{"message":"File reconstruction completed successfully","file_hash":"0d30f64e0cca443d5816d207c8068fcf32df6deba104c3c43bf84de38ad6fe43","block_count":1,"total_terms_processed":1,"total_bytes_scheduled":1361},"filename":"/home/runner/work/xet-core/xet-core/xet_data/src/file_reconstruction/run_state.rs","line_number":150}
{"timestamp":"2026-07-10T00:13:58.304040Z","level":"INFO","fields":{"message":"File reconstruction completed successfully","file_hash":"85da91ef59af053b1c4718adaaa7188111d74b2c4f74cfd5bdd5f49843ecaea2","block_count":3,"total_terms_processed":54,"total_bytes_scheduled":988097824},"filename":"/home/runner/work/xet-core/xet-core/xet_data/src/file_reconstruction/run_state.rs","line_number":150}
