{"timestamp":"2026-07-06T19:02:40.994788Z","level":"INFO","fields":{"message":"python/3.11.15; huggingface_hub/1.22.0; hf_xet/1.5.1; , xet-core revision 9dc8c18"},"filename":"/home/runner/work/xet-core/xet-core/xet_runtime/src/logging/init.rs","line_number":65}
{"timestamp":"2026-07-06T19:02:40.994855Z","level":"INFO","fields":{"message":"hf_xet logging configured."},"filename":"src/logging.rs","line_number":36}
{"timestamp":"2026-07-06T19:02:40.994920Z","level":"INFO","fields":{"message":"starting log cleanup in \"/home/runner/work/FinAI/FinAI/.hf_cache/xet/logs\" (min_age=86400s, max_retention=1209600s, max_size=250MB bytes)"},"filename":"/home/runner/work/xet-core/xet-core/xet_runtime/src/logging/init.rs","line_number":241}
{"timestamp":"2026-07-06T19:02:40.994980Z","level":"INFO","fields":{"message":"Config: min_spacing_between_global_dedup_queries = 256 (default)"},"filename":"/home/runner/work/xet-core/xet-core/xet_runtime/src/utils/configuration_utils.rs","line_number":53}
{"timestamp":"2026-07-06T19:02:40.994992Z","level":"INFO","fields":{"message":"Config: local_cas_scheme = \"local://\" (default)"},"filename":"/home/runner/work/xet-core/xet-core/xet_runtime/src/utils/configuration_utils.rs","line_number":53}
{"timestamp":"2026-07-06T19:02:40.994997Z","level":"INFO","fields":{"message":"Config: max_concurrent_file_ingestion = 8 (default)"},"filename":"/home/runner/work/xet-core/xet-core/xet_runtime/src/utils/configuration_utils.rs","line_number":53}
{"timestamp":"2026-07-06T19:02:40.995001Z","level":"INFO","fields":{"message":"Config: max_concurrent_file_downloads = 8 (default)"},"filename":"/home/runner/work/xet-core/xet-core/xet_runtime/src/utils/configuration_utils.rs","line_number":53}
{"timestamp":"2026-07-06T19:02:40.995005Z","level":"INFO","fields":{"message":"Config: ingestion_block_size = 8MB (default)"},"filename":"/home/runner/work/xet-core/xet-core/xet_runtime/src/utils/configuration_utils.rs","line_number":53}
{"timestamp":"2026-07-06T19:02:40.995011Z","level":"INFO","fields":{"message":"Config: progress_update_interval = 200ms (default)"},"filename":"/home/runner/work/xet-core/xet-core/xet_runtime/src/utils/configuration_utils.rs","line_number":53}
{"timestamp":"2026-07-06T19:02:40.995015Z","level":"INFO","fields":{"message":"Config: progress_update_speed_sampling_window = 10s (default)"},"filename":"/home/runner/work/xet-core/xet-core/xet_runtime/src/utils/configuration_utils.rs","line_number":53}
{"timestamp":"2026-07-06T19:02:40.995018Z","level":"INFO","fields":{"message":"Config: progress_update_speed_min_observations = 4 (default)"},"filename":"/home/runner/work/xet-core/xet-core/xet_runtime/src/utils/configuration_utils.rs","line_number":53}
{"timestamp":"2026-07-06T19:02:40.995022Z","level":"INFO","fields":{"message":"Config: session_xorb_metadata_flush_interval = 20s (default)"},"filename":"/home/runner/work/xet-core/xet-core/xet_runtime/src/utils/configuration_utils.rs","line_number":53}
{"timestamp":"2026-07-06T19:02:40.995026Z","level":"INFO","fields":{"message":"Config: session_xorb_metadata_flush_max_count = 64 (default)"},"filename":"/home/runner/work/xet-core/xet-core/xet_runtime/src/utils/configuration_utils.rs","line_number":53}
{"timestamp":"2026-07-06T19:02:40.995029Z","level":"INFO","fields":{"message":"Config: default_cas_endpoint = \"http://localhost:8080\" (default)"},"filename":"/home/runner/work/xet-core/xet-core/xet_runtime/src/utils/configuration_utils.rs","line_number":53}
{"timestamp":"2026-07-06T19:02:40.995033Z","level":"INFO","fields":{"message":"Config: aggregate_progress = true (default)"},"filename":"/home/runner/work/xet-core/xet-core/xet_runtime/src/utils/configuration_utils.rs","line_number":53}
{"timestamp":"2026-07-06T19:02:40.995037Z","level":"INFO","fields":{"message":"Config: default_prefix = \"default\" (default)"},"filename":"/home/runner/work/xet-core/xet-core/xet_runtime/src/utils/configuration_utils.rs","line_number":53}
{"timestamp":"2026-07-06T19:02:40.995040Z","level":"INFO","fields":{"message":"Config: staging_subdir = \"staging\" (default)"},"filename":"/home/runner/work/xet-core/xet-core/xet_runtime/src/utils/configuration_utils.rs","line_number":53}
{"timestamp":"2026-07-06T19:02:40.995044Z","level":"INFO","fields":{"message":"Config: target_size = 67108864 (default)"},"filename":"/home/runner/work/xet-core/xet-core/xet_runtime/src/utils/configuration_utils.rs","line_number":53}
{"timestamp":"2026-07-06T19:02:40.995048Z","level":"INFO","fields":{"message":"Config: max_target_size = 67108864 (default)"},"filename":"/home/runner/work/xet-core/xet-core/xet_runtime/src/utils/configuration_utils.rs","line_number":53}
{"timestamp":"2026-07-06T19:02:40.995051Z","level":"INFO","fields":{"message":"Config: cache_size_limit = 16GB (default)"},"filename":"/home/runner/work/xet-core/xet-core/xet_runtime/src/utils/configuration_utils.rs","line_number":53}
{"timestamp":"2026-07-06T19:02:40.995054Z","level":"INFO","fields":{"message":"Config: chunk_index_table_max_size = 67108864 (default)"},"filename":"/home/runner/work/xet-core/xet-core/xet_runtime/src/utils/configuration_utils.rs","line_number":53}
{"timestamp":"2026-07-06T19:02:40.995058Z","level":"INFO","fields":{"message":"Config: cache_subdir = \"shard-cache\" (default)"},"filename":"/home/runner/work/xet-core/xet-core/xet_runtime/src/utils/configuration_utils.rs","line_number":53}
{"timestamp":"2026-07-06T19:02:40.995062Z","level":"INFO","fields":{"message":"Config: nranges_in_streaming_fragmentation_estimator = 128 (default)"},"filename":"/home/runner/work/xet-core/xet-core/xet_runtime/src/utils/configuration_utils.rs","line_number":53}
{"timestamp":"2026-07-06T19:02:40.995065Z","level":"INFO","fields":{"message":"Config: min_n_chunks_per_range_hysteresis_factor = 0.5 (default)"},"filename":"/home/runner/work/xet-core/xet-core/xet_runtime/src/utils/configuration_utils.rs","line_number":53}
{"timestamp":"2026-07-06T19:02:40.995069Z","level":"INFO","fields":{"message":"Config: min_n_chunks_per_range = 8.0 (default)"},"filename":"/home/runner/work/xet-core/xet-core/xet_runtime/src/utils/configuration_utils.rs","line_number":53}
{"timestamp":"2026-07-06T19:02:40.995073Z","level":"INFO","fields":{"message":"Config: global_dedup_query_enabled = true (default)"},"filename":"/home/runner/work/xet-core/xet-core/xet_runtime/src/utils/configuration_utils.rs","line_number":53}
{"timestamp":"2026-07-06T19:02:40.995076Z","level":"INFO","fields":{"message":"Config: size_bytes = 0 (default)"},"filename":"/home/runner/work/xet-core/xet-core/xet_runtime/src/utils/configuration_utils.rs","line_number":53}
{"timestamp":"2026-07-06T19:02:40.995079Z","level":"INFO","fields":{"message":"Config: retry_max_attempts = 5 (default)"},"filename":"/home/runner/work/xet-core/xet-core/xet_runtime/src/utils/configuration_utils.rs","line_number":53}
{"timestamp":"2026-07-06T19:02:40.995082Z","level":"INFO","fields":{"message":"Config: retry_base_delay = 3s (default)"},"filename":"/home/runner/work/xet-core/xet-core/xet_runtime/src/utils/configuration_utils.rs","line_number":53}
{"timestamp":"2026-07-06T19:02:40.995085Z","level":"INFO","fields":{"message":"Config: retry_max_duration = 360s (default)"},"filename":"/home/runner/work/xet-core/xet-core/xet_runtime/src/utils/configuration_utils.rs","line_number":53}
{"timestamp":"2026-07-06T19:02:40.995088Z","level":"INFO","fields":{"message":"Config: idle_connection_timeout = 60s (default)"},"filename":"/home/runner/work/xet-core/xet-core/xet_runtime/src/utils/configuration_utils.rs","line_number":53}
{"timestamp":"2026-07-06T19:02:40.995091Z","level":"INFO","fields":{"message":"Config: max_idle_connections = 16 (default)"},"filename":"/home/runner/work/xet-core/xet-core/xet_runtime/src/utils/configuration_utils.rs","line_number":53}
{"timestamp":"2026-07-06T19:02:40.995094Z","level":"INFO","fields":{"message":"Config: connect_timeout = 60s (default)"},"filename":"/home/runner/work/xet-core/xet-core/xet_runtime/src/utils/configuration_utils.rs","line_number":53}
{"timestamp":"2026-07-06T19:02:40.995097Z","level":"INFO","fields":{"message":"Config: read_timeout = 300s (default)"},"filename":"/home/runner/work/xet-core/xet-core/xet_runtime/src/utils/configuration_utils.rs","line_number":53}
{"timestamp":"2026-07-06T19:02:40.995101Z","level":"INFO","fields":{"message":"Config: upload_reporting_block_size = 524288 (default)"},"filename":"/home/runner/work/xet-core/xet-core/xet_runtime/src/utils/configuration_utils.rs","line_number":53}
{"timestamp":"2026-07-06T19:02:40.995104Z","level":"INFO","fields":{"message":"Config: enable_adaptive_concurrency = true (default)"},"filename":"/home/runner/work/xet-core/xet-core/xet_runtime/src/utils/configuration_utils.rs","line_number":53}
{"timestamp":"2026-07-06T19:02:40.995107Z","level":"INFO","fields":{"message":"Config: ac_min_adjustment_window_ms = 500 (default)"},"filename":"/home/runner/work/xet-core/xet-core/xet_runtime/src/utils/configuration_utils.rs","line_number":53}
{"timestamp":"2026-07-06T19:02:40.995110Z","level":"INFO","fields":{"message":"Config: ac_min_bytes_required_for_adjustment = 20MB (default)"},"filename":"/home/runner/work/xet-core/xet-core/xet_runtime/src/utils/configuration_utils.rs","line_number":53}
{"timestamp":"2026-07-06T19:02:40.995113Z","level":"INFO","fields":{"message":"Config: ac_num_transmissions_required_for_adjustment = 1 (default)"},"filename":"/home/runner/work/xet-core/xet-core/xet_runtime/src/utils/configuration_utils.rs","line_number":53}
{"timestamp":"2026-07-06T19:02:40.995117Z","level":"INFO","fields":{"message":"Config: ac_latency_rtt_half_life = 64.0 (default)"},"filename":"/home/runner/work/xet-core/xet-core/xet_runtime/src/utils/configuration_utils.rs","line_number":53}
{"timestamp":"2026-07-06T19:02:40.995121Z","level":"INFO","fields":{"message":"Config: ac_success_tracking_half_life = 8.0 (default)"},"filename":"/home/runner/work/xet-core/xet-core/xet_runtime/src/utils/configuration_utils.rs","line_number":53}
{"timestamp":"2026-07-06T19:02:40.995124Z","level":"INFO","fields":{"message":"Config: ac_target_rtt = 60s (default)"},"filename":"/home/runner/work/xet-core/xet-core/xet_runtime/src/utils/configuration_utils.rs","line_number":53}
{"timestamp":"2026-07-06T19:02:40.995127Z","level":"INFO","fields":{"message":"Config: ac_max_healthy_rtt = 90s (default)"},"filename":"/home/runner/work/xet-core/xet-core/xet_runtime/src/utils/configuration_utils.rs","line_number":53}
{"timestamp":"2026-07-06T19:02:40.995130Z","level":"INFO","fields":{"message":"Config: ac_rtt_success_max_quantile = 0.95 (default)"},"filename":"/home/runner/work/xet-core/xet-core/xet_runtime/src/utils/configuration_utils.rs","line_number":53}
{"timestamp":"2026-07-06T19:02:40.995133Z","level":"INFO","fields":{"message":"Config: ac_healthy_success_ratio_threshold = 0.8 (default)"},"filename":"/home/runner/work/xet-core/xet-core/xet_runtime/src/utils/configuration_utils.rs","line_number":53}
{"timestamp":"2026-07-06T19:02:40.995136Z","level":"INFO","fields":{"message":"Config: ac_unhealthy_success_ratio_threshold = 0.5 (default)"},"filename":"/home/runner/work/xet-core/xet-core/xet_runtime/src/utils/configuration_utils.rs","line_number":53}
{"timestamp":"2026-07-06T19:02:40.995140Z","level":"INFO","fields":{"message":"Config: ac_max_reference_transmission_size = 64MB (default)"},"filename":"/home/runner/work/xet-core/xet-core/xet_runtime/src/utils/configuration_utils.rs","line_number":53}
{"timestamp":"2026-07-06T19:02:40.995143Z","level":"INFO","fields":{"message":"Config: ac_min_reference_transmission_size = 1MB (default)"},"filename":"/home/runner/work/xet-core/xet-core/xet_runtime/src/utils/configuration_utils.rs","line_number":53}
{"timestamp":"2026-07-06T19:02:40.995146Z","level":"INFO","fields":{"message":"Config: ac_logging_interval_ms = 10000 (default)"},"filename":"/home/runner/work/xet-core/xet-core/xet_runtime/src/utils/configuration_utils.rs","line_number":53}
{"timestamp":"2026-07-06T19:02:40.995150Z","level":"INFO","fields":{"message":"Config: ac_max_upload_concurrency = 64 (default)"},"filename":"/home/runner/work/xet-core/xet-core/xet_runtime/src/utils/configuration_utils.rs","line_number":53}
{"timestamp":"2026-07-06T19:02:40.995153Z","level":"INFO","fields":{"message":"Config: ac_min_upload_concurrency = 1 (default)"},"filename":"/home/runner/work/xet-core/xet-core/xet_runtime/src/utils/configuration_utils.rs","line_number":53}
{"timestamp":"2026-07-06T19:02:40.995156Z","level":"INFO","fields":{"message":"Config: ac_initial_upload_concurrency = 2 (default)"},"filename":"/home/runner/work/xet-core/xet-core/xet_runtime/src/utils/configuration_utils.rs","line_number":53}
{"timestamp":"2026-07-06T19:02:40.995159Z","level":"INFO","fields":{"message":"Config: ac_max_download_concurrency = 64 (default)"},"filename":"/home/runner/work/xet-core/xet-core/xet_runtime/src/utils/configuration_utils.rs","line_number":53}
{"timestamp":"2026-07-06T19:02:40.995163Z","level":"INFO","fields":{"message":"Config: ac_min_download_concurrency = 1 (default)"},"filename":"/home/runner/work/xet-core/xet-core/xet_runtime/src/utils/configuration_utils.rs","line_number":53}
{"timestamp":"2026-07-06T19:02:40.995166Z","level":"INFO","fields":{"message":"Config: ac_initial_download_concurrency = 4 (default)"},"filename":"/home/runner/work/xet-core/xet-core/xet_runtime/src/utils/configuration_utils.rs","line_number":53}
{"timestamp":"2026-07-06T19:02:40.995169Z","level":"INFO","fields":{"message":"Config: unix_socket_path = None (default)"},"filename":"/home/runner/work/xet-core/xet-core/xet_runtime/src/utils/configuration_utils.rs","line_number":53}
{"timestamp":"2026-07-06T19:02:40.995172Z","level":"INFO","fields":{"message":"Config: reconstruction_api_version = None (default)"},"filename":"/home/runner/work/xet-core/xet-core/xet_runtime/src/utils/configuration_utils.rs","line_number":53}
{"timestamp":"2026-07-06T19:02:40.995175Z","level":"INFO","fields":{"message":"Config: enable_multirange_fetching = false (default)"},"filename":"/home/runner/work/xet-core/xet-core/xet_runtime/src/utils/configuration_utils.rs","line_number":53}
{"timestamp":"2026-07-06T19:02:40.995178Z","level":"INFO","fields":{"message":"Config: dest = None (default)"},"filename":"/home/runner/work/xet-core/xet-core/xet_runtime/src/utils/configuration_utils.rs","line_number":53}
{"timestamp":"2026-07-06T19:02:40.995181Z","level":"INFO","fields":{"message":"Config: format = None (default)"},"filename":"/home/runner/work/xet-core/xet-core/xet_runtime/src/utils/configuration_utils.rs","line_number":53}
{"timestamp":"2026-07-06T19:02:40.995184Z","level":"INFO","fields":{"message":"Config: prefix = \"xet\" (default)"},"filename":"/home/runner/work/xet-core/xet-core/xet_runtime/src/utils/configuration_utils.rs","line_number":53}
{"timestamp":"2026-07-06T19:02:40.995188Z","level":"INFO","fields":{"message":"Config: dir_disable_cleanup = false (default)"},"filename":"/home/runner/work/xet-core/xet-core/xet_runtime/src/utils/configuration_utils.rs","line_number":53}
{"timestamp":"2026-07-06T19:02:40.995191Z","level":"INFO","fields":{"message":"Config: dir_max_size = 250MB (default)"},"filename":"/home/runner/work/xet-core/xet-core/xet_runtime/src/utils/configuration_utils.rs","line_number":53}
{"timestamp":"2026-07-06T19:02:40.995194Z","level":"INFO","fields":{"message":"Config: dir_min_deletion_age = 86400s (default)"},"filename":"/home/runner/work/xet-core/xet-core/xet_runtime/src/utils/configuration_utils.rs","line_number":53}
{"timestamp":"2026-07-06T19:02:40.995197Z","level":"INFO","fields":{"message":"Config: dir_max_retention_age = 1209600s (default)"},"filename":"/home/runner/work/xet-core/xet-core/xet_runtime/src/utils/configuration_utils.rs","line_number":53}
{"timestamp":"2026-07-06T19:02:40.995200Z","level":"INFO","fields":{"message":"Config: min_reconstruction_fetch_size = 256MB (default)"},"filename":"/home/runner/work/xet-core/xet-core/xet_runtime/src/utils/configuration_utils.rs","line_number":53}
{"timestamp":"2026-07-06T19:02:40.995203Z","level":"INFO","fields":{"message":"Config: max_reconstruction_fetch_size = 8GB (default)"},"filename":"/home/runner/work/xet-core/xet-core/xet_runtime/src/utils/configuration_utils.rs","line_number":53}
{"timestamp":"2026-07-06T19:02:40.995207Z","level":"INFO","fields":{"message":"Config: download_buffer_size = 2GB (default)"},"filename":"/home/runner/work/xet-core/xet-core/xet_runtime/src/utils/configuration_utils.rs","line_number":53}
{"timestamp":"2026-07-06T19:02:40.995210Z","level":"INFO","fields":{"message":"Config: download_buffer_perfile_size = 512MB (default)"},"filename":"/home/runner/work/xet-core/xet-core/xet_runtime/src/utils/configuration_utils.rs","line_number":53}
{"timestamp":"2026-07-06T19:02:40.995213Z","level":"INFO","fields":{"message":"Config: download_buffer_limit = 8GB (default)"},"filename":"/home/runner/work/xet-core/xet-core/xet_runtime/src/utils/configuration_utils.rs","line_number":53}
{"timestamp":"2026-07-06T19:02:40.995216Z","level":"INFO","fields":{"message":"Config: completion_rate_estimator_half_life = 4.0 (default)"},"filename":"/home/runner/work/xet-core/xet-core/xet_runtime/src/utils/configuration_utils.rs","line_number":53}
{"timestamp":"2026-07-06T19:02:40.995219Z","level":"INFO","fields":{"message":"Config: target_block_completion_time = 900s (default)"},"filename":"/home/runner/work/xet-core/xet-core/xet_runtime/src/utils/configuration_utils.rs","line_number":53}
{"timestamp":"2026-07-06T19:02:40.995222Z","level":"INFO","fields":{"message":"Config: min_prefetch_buffer = 1GB (default)"},"filename":"/home/runner/work/xet-core/xet-core/xet_runtime/src/utils/configuration_utils.rs","line_number":53}
{"timestamp":"2026-07-06T19:02:40.995225Z","level":"INFO","fields":{"message":"Config: use_vectored_write = true (default)"},"filename":"/home/runner/work/xet-core/xet-core/xet_runtime/src/utils/configuration_utils.rs","line_number":53}
{"timestamp":"2026-07-06T19:02:40.995229Z","level":"INFO","fields":{"message":"Config: compression_scheme_retest_interval = 32 (default)"},"filename":"/home/runner/work/xet-core/xet-core/xet_runtime/src/utils/configuration_utils.rs","line_number":53}
{"timestamp":"2026-07-06T19:02:40.995232Z","level":"INFO","fields":{"message":"Config: compression_policy = \"auto\" (default)"},"filename":"/home/runner/work/xet-core/xet-core/xet_runtime/src/utils/config_enum.rs","line_number":174}
{"timestamp":"2026-07-06T19:02:40.995236Z","level":"INFO","fields":{"message":"Config: simulation_max_bytes = None (default)"},"filename":"/home/runner/work/xet-core/xet-core/xet_runtime/src/utils/configuration_utils.rs","line_number":53}
{"timestamp":"2026-07-06T19:02:40.995239Z","level":"INFO","fields":{"message":"Config: simulation_max_chunks = None (default)"},"filename":"/home/runner/work/xet-core/xet-core/xet_runtime/src/utils/configuration_utils.rs","line_number":53}
{"timestamp":"2026-07-06T19:02:40.995245Z","level":"INFO","fields":{"message":"Config: dir_name = \"shard-session\" (default)"},"filename":"/home/runner/work/xet-core/xet-core/xet_runtime/src/utils/configuration_utils.rs","line_number":53}
{"timestamp":"2026-07-06T19:02:40.995248Z","level":"INFO","fields":{"message":"Config: enabled = false (default)"},"filename":"/home/runner/work/xet-core/xet-core/xet_runtime/src/utils/configuration_utils.rs","line_number":53}
{"timestamp":"2026-07-06T19:02:40.995251Z","level":"INFO","fields":{"message":"Config: sample_interval = 5s (default)"},"filename":"/home/runner/work/xet-core/xet-core/xet_runtime/src/utils/configuration_utils.rs","line_number":53}
{"timestamp":"2026-07-06T19:02:40.995255Z","level":"INFO","fields":{"message":"Config: log_path = None (default)"},"filename":"/home/runner/work/xet-core/xet-core/xet_runtime/src/utils/configuration_utils.rs","line_number":53}
{"timestamp":"2026-07-06T19:02:40.995341Z","level":"INFO","fields":{"message":"Using 4 async threads for tokio runtime"},"filename":"/home/runner/work/xet-core/xet-core/xet_runtime/src/core/runtime.rs","line_number":70}
{"timestamp":"2026-07-06T19:02:40.995663Z","level":"INFO","fields":{"message":"Session created, session_id=019f38cf-a863-7bd1-a101-244af751ff2f"},"filename":"/home/runner/work/xet-core/xet-core/xet_pkg/src/xet_session/session.rs","line_number":183}
{"timestamp":"2026-07-06T19:02:40.995787Z","level":"INFO","fields":{"message":"CAS auth disabled","caller":"/home/runner/work/xet-core/xet-core/xet_client/src/common/http_client.rs:166"},"filename":"/home/runner/work/xet-core/xet-core/xet_runtime/src/error_printer/mod.rs","line_number":198}
{"timestamp":"2026-07-06T19:02:41.003038Z","level":"INFO","fields":{"message":"HTTP client configured","idle_timeout":"60s","max_idle_connections":16,"custom_headers":"Some({\"authorization\": \"[REDACTED]\", \"user-agent\": \"unknown/None; hf_hub/1.22.0; python/3.11.15; torch/2.12.1\"})"},"filename":"/home/runner/work/xet-core/xet-core/xet_client/src/common/http_client.rs","line_number":187}
{"timestamp":"2026-07-06T19:02:41.003056Z","level":"INFO","fields":{"message":"Retry strategy","max_attempts":5,"base_delay":"3s","no_retry_on_429":false},"filename":"/home/runner/work/xet-core/xet-core/xet_client/src/cas_client/retry_wrapper.rs","line_number":249}
{"timestamp":"2026-07-06T19:02:41.026704Z","level":"INFO","fields":{"message":"Log Directory Cleanup: found 30.093MB of logs in 226 log files, with 28.189MB in 211 files eligible for deletion."},"filename":"/home/runner/work/xet-core/xet-core/xet_runtime/src/logging/init.rs","line_number":319}
{"timestamp":"2026-07-06T19:02:41.026856Z","level":"INFO","fields":{"message":"Log Directory Cleanup: deleted 161.189kB in 209 files"},"filename":"/home/runner/work/xet-core/xet-core/xet_runtime/src/logging/init.rs","line_number":383}
{"timestamp":"2026-07-06T19:02:41.073096Z","level":"INFO","fields":{"message":"Received CAS response","request_id":"Root=1-6a4bfbd1-140bc0a40e4c02990791037d","status_code":200},"filename":"/home/runner/work/xet-core/xet-core/xet_client/src/common/http_client.rs","line_number":288}
{"timestamp":"2026-07-06T19:02:41.073120Z","level":"INFO","fields":{"message":"Request Success: xet-token api call succeeded (request id Root=1-6a4bfbd1-140bc0a40e4c02990791037d)."},"filename":"/home/runner/work/xet-core/xet-core/xet_client/src/cas_client/retry_wrapper.rs","line_number":210}
{"timestamp":"2026-07-06T19:02:41.073185Z","level":"INFO","fields":{"message":"TranslatorConfig initialized","endpoint":"https://cas-server.xethub.hf.co","session_id":"Some(\"019f38cf-a8b1-79d0-aa82-e79625a7ed09\")","shard_cache":"/home/runner/work/FinAI/FinAI/.hf_cache/xet/https___cas_serv-tGqkUaZf_CBPHQ6h/shard-cache","shard_session":"/home/runner/work/FinAI/FinAI/.hf_cache/xet/https___cas_serv-tGqkUaZf_CBPHQ6h/staging/shard-session"},"filename":"/home/runner/work/xet-core/xet-core/xet_data/src/processing/configurations.rs","line_number":115}
{"timestamp":"2026-07-06T19:02:41.078948Z","level":"INFO","fields":{"message":"HTTP client configured","idle_timeout":"60s","max_idle_connections":16,"custom_headers":"Some({\"user-agent\": \"unknown/None; hf_hub/1.22.0; python/3.11.15; torch/2.12.1; hf_xet/1.5.1\"})"},"filename":"/home/runner/work/xet-core/xet-core/xet_client/src/common/http_client.rs","line_number":187}
{"timestamp":"2026-07-06T19:02:41.078963Z","level":"INFO","fields":{"message":"CAS auth disabled","caller":"/home/runner/work/xet-core/xet-core/xet_client/src/common/http_client.rs:166"},"filename":"/home/runner/work/xet-core/xet-core/xet_runtime/src/error_printer/mod.rs","line_number":198}
{"timestamp":"2026-07-06T19:02:41.078968Z","level":"INFO","fields":{"message":"HTTP client configured","idle_timeout":"60s","max_idle_connections":16,"custom_headers":"Some({\"user-agent\": \"unknown/None; hf_hub/1.22.0; python/3.11.15; torch/2.12.1; hf_xet/1.5.1\"})"},"filename":"/home/runner/work/xet-core/xet-core/xet_client/src/common/http_client.rs","line_number":187}
{"timestamp":"2026-07-06T19:02:41.084104Z","level":"INFO","fields":{"message":"No-read-timeout HTTP client configured (for shard uploads)","connect_timeout":"60s"},"filename":"/home/runner/work/xet-core/xet-core/xet_client/src/common/http_client.rs","line_number":136}
{"timestamp":"2026-07-06T19:02:41.084116Z","level":"INFO","fields":{"message":"Initializing Adaptive Concurrency Controller for upload with starting concurrency = 2; min = 1, max = 64, min_bytes_for_adjustment = 20000000, min_completed_transmissions_for_adjustment = 1"},"filename":"/home/runner/work/xet-core/xet-core/xet_client/src/cas_client/adaptive_concurrency/controller.rs","line_number":301}
{"timestamp":"2026-07-06T19:02:41.084120Z","level":"INFO","fields":{"message":"Initializing Adaptive Concurrency Controller for download with starting concurrency = 4; min = 1, max = 64, min_bytes_for_adjustment = 20000000, min_completed_transmissions_for_adjustment = 1"},"filename":"/home/runner/work/xet-core/xet-core/xet_client/src/cas_client/adaptive_concurrency/controller.rs","line_number":301}
{"timestamp":"2026-07-06T19:02:41.084161Z","level":"INFO","fields":{"message":"New file download group, session_id=019f38cf-a863-7bd1-a101-244af751ff2f, group_id=1"},"filename":"/home/runner/work/xet-core/xet-core/xet_pkg/src/xet_session/file_download_group.rs","line_number":61}
{"timestamp":"2026-07-06T19:02:41.084231Z","level":"INFO","fields":{"message":"Download file to path","group_id":"1","dest_path":"\"/home/runner/work/FinAI/FinAI/temp_download/.cache/huggingface/download/checkpoint/rNddXgFQCB-xZSeXgBkzweEA8Qg=.b3e30cbb762fe39df17cf39cebad47a746f9cbbbae5fde38104f96d59fa948ef.c5aef02c.incomplete\"","hash":"7091dcee7b723f0a75133a29247586d7a193581511141888f52bd757c0af9518"},"filename":"/home/runner/work/xet-core/xet-core/xet_pkg/src/xet_session/file_download_group.rs","line_number":287}
{"timestamp":"2026-07-06T19:02:41.084308Z","level":"INFO","fields":{"message":"Reconstructing file to disk","file_hash":"7091dcee7b723f0a75133a29247586d7a193581511141888f52bd757c0af9518","byte_range":"None","path":"/home/runner/work/FinAI/FinAI/temp_download/.cache/huggingface/download/checkpoint/rNddXgFQCB-xZSeXgBkzweEA8Qg=.b3e30cbb762fe39df17cf39cebad47a746f9cbbbae5fde38104f96d59fa948ef.c5aef02c.incomplete","write_offset":"None"},"filename":"/home/runner/work/xet-core/xet-core/xet_data/src/file_reconstruction/file_reconstructor.rs","line_number":121}
{"timestamp":"2026-07-06T19:02:41.084355Z","level":"INFO","fields":{"message":"Scheduling prefetch block","file_hash":"7091dcee7b723f0a75133a29247586d7a193581511141888f52bd757c0af9518","prefetch_range":"(0, 256000000)","requested_block_size":256000000,"actual_block_size":256000000,"queue_depth":1},"filename":"/home/runner/work/xet-core/xet-core/xet_data/src/file_reconstruction/reconstruction_terms/manager.rs","line_number":272}
{"timestamp":"2026-07-06T19:02:41.084373Z","level":"INFO","fields":{"message":"Scheduling prefetch block","file_hash":"7091dcee7b723f0a75133a29247586d7a193581511141888f52bd757c0af9518","prefetch_range":"(256000000, 768000000)","requested_block_size":512000000,"actual_block_size":512000000,"queue_depth":2},"filename":"/home/runner/work/xet-core/xet-core/xet_data/src/file_reconstruction/reconstruction_terms/manager.rs","line_number":272}
{"timestamp":"2026-07-06T19:02:41.084387Z","level":"INFO","fields":{"message":"Scheduling prefetch block","file_hash":"7091dcee7b723f0a75133a29247586d7a193581511141888f52bd757c0af9518","prefetch_range":"(768000000, 1024000000)","requested_block_size":256000000,"actual_block_size":256000000,"queue_depth":3},"filename":"/home/runner/work/xet-core/xet-core/xet_data/src/file_reconstruction/reconstruction_terms/manager.rs","line_number":272}
{"timestamp":"2026-07-06T19:02:41.084405Z","level":"INFO","fields":{"message":"Starting get_reconstruction API call","call_id":1,"file_id":"7091dcee7b723f0a75133a29247586d7a193581511141888f52bd757c0af9518","bytes_range":"Some(Range { start: 768000000, end: 1024000000 })","api_version":"v2"},"filename":"/home/runner/work/xet-core/xet-core/xet_client/src/cas_client/remote_client.rs","line_number":210}
{"timestamp":"2026-07-06T19:02:41.084412Z","level":"INFO","fields":{"message":"Retry strategy","max_attempts":5,"base_delay":"3s","no_retry_on_429":false},"filename":"/home/runner/work/xet-core/xet-core/xet_client/src/cas_client/retry_wrapper.rs","line_number":249}
{"timestamp":"2026-07-06T19:02:41.084426Z","level":"INFO","fields":{"message":"Download group finish","group_id":"1"},"filename":"/home/runner/work/xet-core/xet-core/xet_pkg/src/xet_session/file_download_group.rs","line_number":306}
{"timestamp":"2026-07-06T19:02:41.084428Z","level":"INFO","fields":{"message":"Starting get_reconstruction API call","call_id":3,"file_id":"7091dcee7b723f0a75133a29247586d7a193581511141888f52bd757c0af9518","bytes_range":"Some(Range { start: 256000000, end: 768000000 })","api_version":"v2"},"filename":"/home/runner/work/xet-core/xet-core/xet_client/src/cas_client/remote_client.rs","line_number":210}
{"timestamp":"2026-07-06T19:02:41.084430Z","level":"INFO","fields":{"message":"Starting get_reconstruction API call","call_id":2,"file_id":"7091dcee7b723f0a75133a29247586d7a193581511141888f52bd757c0af9518","bytes_range":"Some(Range { start: 0, end: 256000000 })","api_version":"v2"},"filename":"/home/runner/work/xet-core/xet-core/xet_client/src/cas_client/remote_client.rs","line_number":210}
{"timestamp":"2026-07-06T19:02:41.084437Z","level":"INFO","fields":{"message":"Retry strategy","max_attempts":5,"base_delay":"3s","no_retry_on_429":false},"filename":"/home/runner/work/xet-core/xet-core/xet_client/src/cas_client/retry_wrapper.rs","line_number":249}
{"timestamp":"2026-07-06T19:02:41.084440Z","level":"INFO","fields":{"message":"Retry strategy","max_attempts":5,"base_delay":"3s","no_retry_on_429":false},"filename":"/home/runner/work/xet-core/xet-core/xet_client/src/cas_client/retry_wrapper.rs","line_number":249}
{"timestamp":"2026-07-06T19:02:41.101683Z","level":"INFO","fields":{"message":"Received CAS response","request_id":"01KWWCZA6807JNF9MR1W9NXJYX","status_code":416},"filename":"/home/runner/work/xet-core/xet-core/xet_client/src/common/http_client.rs","line_number":288}
{"timestamp":"2026-07-06T19:02:41.101712Z","level":"INFO","fields":{"message":"Reached end of reconstruction 416 (Range Not Satisfiable): \"cas::get_reconstruction_v2\" api call failed (request id 01KWWCZA6807JNF9MR1W9NXJYX): HTTP status client error (416 Range Not Satisfiable) for url (https://cas-server.xethub.hf.co/v2/reconstructions/7091dcee7b723f0a75133a29247586d7a193581511141888f52bd757c0af9518)"},"filename":"/home/runner/work/xet-core/xet-core/xet_client/src/cas_client/retry_wrapper.rs","line_number":162}
{"timestamp":"2026-07-06T19:02:41.224599Z","level":"INFO","fields":{"message":"CAS auth disabled","caller":"/home/runner/work/xet-core/xet-core/xet_client/src/common/http_client.rs:166"},"filename":"/home/runner/work/xet-core/xet-core/xet_runtime/src/error_printer/mod.rs","line_number":198}
{"timestamp":"2026-07-06T19:02:41.229982Z","level":"INFO","fields":{"message":"HTTP client configured","idle_timeout":"60s","max_idle_connections":16,"custom_headers":"Some({\"user-agent\": \"unknown/None; hf_hub/1.22.0; python/3.11.15; torch/2.12.1\", \"authorization\": \"[REDACTED]\"})"},"filename":"/home/runner/work/xet-core/xet-core/xet_client/src/common/http_client.rs","line_number":187}
{"timestamp":"2026-07-06T19:02:41.229996Z","level":"INFO","fields":{"message":"Retry strategy","max_attempts":5,"base_delay":"3s","no_retry_on_429":false},"filename":"/home/runner/work/xet-core/xet-core/xet_client/src/cas_client/retry_wrapper.rs","line_number":249}
{"timestamp":"2026-07-06T19:02:41.255602Z","level":"INFO","fields":{"message":"Received CAS response","request_id":"Root=1-6a4bfbd1-040958f07f18803b56186782","status_code":200},"filename":"/home/runner/work/xet-core/xet-core/xet_client/src/common/http_client.rs","line_number":288}
{"timestamp":"2026-07-06T19:02:41.255617Z","level":"INFO","fields":{"message":"Request Success: xet-token api call succeeded (request id Root=1-6a4bfbd1-040958f07f18803b56186782)."},"filename":"/home/runner/work/xet-core/xet-core/xet_client/src/cas_client/retry_wrapper.rs","line_number":210}
{"timestamp":"2026-07-06T19:02:41.255670Z","level":"INFO","fields":{"message":"TranslatorConfig initialized","endpoint":"https://cas-server.xethub.hf.co","session_id":"Some(\"019f38cf-a967-7063-9cb3-a0415f8001c1\")","shard_cache":"/home/runner/work/FinAI/FinAI/.hf_cache/xet/https___cas_serv-tGqkUaZf_CBPHQ6h/shard-cache","shard_session":"/home/runner/work/FinAI/FinAI/.hf_cache/xet/https___cas_serv-tGqkUaZf_CBPHQ6h/staging/shard-session"},"filename":"/home/runner/work/xet-core/xet-core/xet_data/src/processing/configurations.rs","line_number":115}
{"timestamp":"2026-07-06T19:02:41.261241Z","level":"INFO","fields":{"message":"HTTP client configured","idle_timeout":"60s","max_idle_connections":16,"custom_headers":"Some({\"user-agent\": \"unknown/None; hf_hub/1.22.0; python/3.11.15; torch/2.12.1; hf_xet/1.5.1\"})"},"filename":"/home/runner/work/xet-core/xet-core/xet_client/src/common/http_client.rs","line_number":187}
{"timestamp":"2026-07-06T19:02:41.261255Z","level":"INFO","fields":{"message":"CAS auth disabled","caller":"/home/runner/work/xet-core/xet-core/xet_client/src/common/http_client.rs:166"},"filename":"/home/runner/work/xet-core/xet-core/xet_runtime/src/error_printer/mod.rs","line_number":198}
{"timestamp":"2026-07-06T19:02:41.261259Z","level":"INFO","fields":{"message":"HTTP client configured","idle_timeout":"60s","max_idle_connections":16,"custom_headers":"Some({\"user-agent\": \"unknown/None; hf_hub/1.22.0; python/3.11.15; torch/2.12.1; hf_xet/1.5.1\"})"},"filename":"/home/runner/work/xet-core/xet-core/xet_client/src/common/http_client.rs","line_number":187}
{"timestamp":"2026-07-06T19:02:41.266415Z","level":"INFO","fields":{"message":"No-read-timeout HTTP client configured (for shard uploads)","connect_timeout":"60s"},"filename":"/home/runner/work/xet-core/xet-core/xet_client/src/common/http_client.rs","line_number":136}
{"timestamp":"2026-07-06T19:02:41.266425Z","level":"INFO","fields":{"message":"Initializing Adaptive Concurrency Controller for upload with starting concurrency = 2; min = 1, max = 64, min_bytes_for_adjustment = 20000000, min_completed_transmissions_for_adjustment = 1"},"filename":"/home/runner/work/xet-core/xet-core/xet_client/src/cas_client/adaptive_concurrency/controller.rs","line_number":301}
{"timestamp":"2026-07-06T19:02:41.266429Z","level":"INFO","fields":{"message":"Initializing Adaptive Concurrency Controller for download with starting concurrency = 4; min = 1, max = 64, min_bytes_for_adjustment = 20000000, min_completed_transmissions_for_adjustment = 1"},"filename":"/home/runner/work/xet-core/xet-core/xet_client/src/cas_client/adaptive_concurrency/controller.rs","line_number":301}
{"timestamp":"2026-07-06T19:02:41.266474Z","level":"INFO","fields":{"message":"New file download group, session_id=019f38cf-a863-7bd1-a101-244af751ff2f, group_id=3"},"filename":"/home/runner/work/xet-core/xet-core/xet_pkg/src/xet_session/file_download_group.rs","line_number":61}
{"timestamp":"2026-07-06T19:02:41.266538Z","level":"INFO","fields":{"message":"Download file to path","group_id":"3","dest_path":"\"/home/runner/work/FinAI/FinAI/temp_download/.cache/huggingface/download/checkpoint/xGOKKLRSlIhH692hSVvI1-gpoa8=.df2c12c59d50af8351e5e5f0fed0caa9710843686dbc117f045e9fc1fff726b5.e289030f.incomplete\"","hash":"fb4a6ec36c545df49e4c7366d528b435dd591008f538a45b5c758aa26a3a72d7"},"filename":"/home/runner/work/xet-core/xet-core/xet_pkg/src/xet_session/file_download_group.rs","line_number":287}
{"timestamp":"2026-07-06T19:02:41.266609Z","level":"INFO","fields":{"message":"Reconstructing file to disk","file_hash":"fb4a6ec36c545df49e4c7366d528b435dd591008f538a45b5c758aa26a3a72d7","byte_range":"None","path":"/home/runner/work/FinAI/FinAI/temp_download/.cache/huggingface/download/checkpoint/xGOKKLRSlIhH692hSVvI1-gpoa8=.df2c12c59d50af8351e5e5f0fed0caa9710843686dbc117f045e9fc1fff726b5.e289030f.incomplete","write_offset":"None"},"filename":"/home/runner/work/xet-core/xet-core/xet_data/src/file_reconstruction/file_reconstructor.rs","line_number":121}
{"timestamp":"2026-07-06T19:02:41.266682Z","level":"INFO","fields":{"message":"Scheduling prefetch block","file_hash":"fb4a6ec36c545df49e4c7366d528b435dd591008f538a45b5c758aa26a3a72d7","prefetch_range":"(0, 256000000)","requested_block_size":256000000,"actual_block_size":256000000,"queue_depth":1},"filename":"/home/runner/work/xet-core/xet-core/xet_data/src/file_reconstruction/reconstruction_terms/manager.rs","line_number":272}
{"timestamp":"2026-07-06T19:02:41.266702Z","level":"INFO","fields":{"message":"Scheduling prefetch block","file_hash":"fb4a6ec36c545df49e4c7366d528b435dd591008f538a45b5c758aa26a3a72d7","prefetch_range":"(256000000, 768000000)","requested_block_size":512000000,"actual_block_size":512000000,"queue_depth":2},"filename":"/home/runner/work/xet-core/xet-core/xet_data/src/file_reconstruction/reconstruction_terms/manager.rs","line_number":272}
{"timestamp":"2026-07-06T19:02:41.266719Z","level":"INFO","fields":{"message":"Scheduling prefetch block","file_hash":"fb4a6ec36c545df49e4c7366d528b435dd591008f538a45b5c758aa26a3a72d7","prefetch_range":"(768000000, 1024000000)","requested_block_size":256000000,"actual_block_size":256000000,"queue_depth":3},"filename":"/home/runner/work/xet-core/xet-core/xet_data/src/file_reconstruction/reconstruction_terms/manager.rs","line_number":272}
{"timestamp":"2026-07-06T19:02:41.266737Z","level":"INFO","fields":{"message":"Starting get_reconstruction API call","call_id":4,"file_id":"fb4a6ec36c545df49e4c7366d528b435dd591008f538a45b5c758aa26a3a72d7","bytes_range":"Some(Range { start: 768000000, end: 1024000000 })","api_version":"v2"},"filename":"/home/runner/work/xet-core/xet-core/xet_client/src/cas_client/remote_client.rs","line_number":210}
{"timestamp":"2026-07-06T19:02:41.266747Z","level":"INFO","fields":{"message":"Retry strategy","max_attempts":5,"base_delay":"3s","no_retry_on_429":false},"filename":"/home/runner/work/xet-core/xet-core/xet_client/src/cas_client/retry_wrapper.rs","line_number":249}
{"timestamp":"2026-07-06T19:02:41.266755Z","level":"INFO","fields":{"message":"Download group finish","group_id":"3"},"filename":"/home/runner/work/xet-core/xet-core/xet_pkg/src/xet_session/file_download_group.rs","line_number":306}
{"timestamp":"2026-07-06T19:02:41.266852Z","level":"INFO","fields":{"message":"Starting get_reconstruction API call","call_id":5,"file_id":"fb4a6ec36c545df49e4c7366d528b435dd591008f538a45b5c758aa26a3a72d7","bytes_range":"Some(Range { start: 0, end: 256000000 })","api_version":"v2"},"filename":"/home/runner/work/xet-core/xet-core/xet_client/src/cas_client/remote_client.rs","line_number":210}
{"timestamp":"2026-07-06T19:02:41.266863Z","level":"INFO","fields":{"message":"Retry strategy","max_attempts":5,"base_delay":"3s","no_retry_on_429":false},"filename":"/home/runner/work/xet-core/xet-core/xet_client/src/cas_client/retry_wrapper.rs","line_number":249}
{"timestamp":"2026-07-06T19:02:41.266999Z","level":"INFO","fields":{"message":"Starting get_reconstruction API call","call_id":6,"file_id":"fb4a6ec36c545df49e4c7366d528b435dd591008f538a45b5c758aa26a3a72d7","bytes_range":"Some(Range { start: 256000000, end: 768000000 })","api_version":"v2"},"filename":"/home/runner/work/xet-core/xet-core/xet_client/src/cas_client/remote_client.rs","line_number":210}
{"timestamp":"2026-07-06T19:02:41.267018Z","level":"INFO","fields":{"message":"Retry strategy","max_attempts":5,"base_delay":"3s","no_retry_on_429":false},"filename":"/home/runner/work/xet-core/xet-core/xet_client/src/cas_client/retry_wrapper.rs","line_number":249}
{"timestamp":"2026-07-06T19:02:41.863710Z","level":"INFO","fields":{"message":"Received CAS response","request_id":"01KWWCZA69EY09FMWN243TSXDG","status_code":200},"filename":"/home/runner/work/xet-core/xet-core/xet_client/src/common/http_client.rs","line_number":288}
{"timestamp":"2026-07-06T19:02:41.863739Z","level":"INFO","fields":{"message":"Request Success: cas::get_reconstruction_v2 api call succeeded (request id 01KWWCZA69EY09FMWN243TSXDG)."},"filename":"/home/runner/work/xet-core/xet-core/xet_client/src/cas_client/retry_wrapper.rs","line_number":210}
{"timestamp":"2026-07-06T19:02:41.863783Z","level":"INFO","fields":{"message":"Completed get_reconstruction API call","call_id":2,"file_id":"7091dcee7b723f0a75133a29247586d7a193581511141888f52bd757c0af9518","bytes_range":"Some(Range { start: 0, end: 256000000 })","api_version":"v2"},"filename":"/home/runner/work/xet-core/xet-core/xet_client/src/cas_client/remote_client.rs","line_number":234}
{"timestamp":"2026-07-06T19:02:41.863835Z","level":"INFO","fields":{"message":"Received block of file terms from prefetch queue","file_hash":"7091dcee7b723f0a75133a29247586d7a193581511141888f52bd757c0af9518","domain":"us.aws.cdn.hf.co","block_start":0,"block_end":256000000,"block_size":4},"filename":"/home/runner/work/xet-core/xet-core/xet_data/src/file_reconstruction/reconstruction_terms/manager.rs","line_number":151}
{"timestamp":"2026-07-06T19:02:41.863873Z","level":"INFO","fields":{"message":"Updated completion rate estimate based on previous block completion time (seconds).","file_hash":"7091dcee7b723f0a75133a29247586d7a193581511141888f52bd757c0af9518","block_start":0,"block_end":256000000,"block_size":256000000,"completion_time":0.00003758},"filename":"/home/runner/work/xet-core/xet-core/xet_data/src/file_reconstruction/reconstruction_terms/manager.rs","line_number":104}
{"timestamp":"2026-07-06T19:02:41.863921Z","level":"INFO","fields":{"message":"Retry strategy","max_attempts":5,"base_delay":"3s","no_retry_on_429":false},"filename":"/home/runner/work/xet-core/xet-core/xet_client/src/cas_client/retry_wrapper.rs","line_number":249}
{"timestamp":"2026-07-06T19:02:41.863921Z","level":"INFO","fields":{"message":"Retry strategy","max_attempts":5,"base_delay":"3s","no_retry_on_429":false},"filename":"/home/runner/work/xet-core/xet-core/xet_client/src/cas_client/retry_wrapper.rs","line_number":249}
{"timestamp":"2026-07-06T19:02:41.863944Z","level":"INFO","fields":{"message":"Retry strategy","max_attempts":5,"base_delay":"3s","no_retry_on_429":false},"filename":"/home/runner/work/xet-core/xet-core/xet_client/src/cas_client/retry_wrapper.rs","line_number":249}
{"timestamp":"2026-07-06T19:02:41.864045Z","level":"INFO","fields":{"message":"Retry strategy","max_attempts":5,"base_delay":"3s","no_retry_on_429":false},"filename":"/home/runner/work/xet-core/xet-core/xet_client/src/cas_client/retry_wrapper.rs","line_number":249}
{"timestamp":"2026-07-06T19:02:42.056551Z","level":"INFO","fields":{"message":"Received CAS response","request_id":"01KWWCZACN31TZGWJNZD1MBN9S","status_code":200},"filename":"/home/runner/work/xet-core/xet-core/xet_client/src/common/http_client.rs","line_number":288}
{"timestamp":"2026-07-06T19:02:42.056575Z","level":"INFO","fields":{"message":"Request Success: cas::get_reconstruction_v2 api call succeeded (request id 01KWWCZACN31TZGWJNZD1MBN9S)."},"filename":"/home/runner/work/xet-core/xet-core/xet_client/src/cas_client/retry_wrapper.rs","line_number":210}
{"timestamp":"2026-07-06T19:02:42.056613Z","level":"INFO","fields":{"message":"Completed get_reconstruction API call","call_id":5,"file_id":"fb4a6ec36c545df49e4c7366d528b435dd591008f538a45b5c758aa26a3a72d7","bytes_range":"Some(Range { start: 0, end: 256000000 })","api_version":"v2"},"filename":"/home/runner/work/xet-core/xet-core/xet_client/src/cas_client/remote_client.rs","line_number":234}
{"timestamp":"2026-07-06T19:02:42.056656Z","level":"INFO","fields":{"message":"Received block of file terms from prefetch queue","file_hash":"fb4a6ec36c545df49e4c7366d528b435dd591008f538a45b5c758aa26a3a72d7","domain":"us.aws.cdn.hf.co","block_start":0,"block_end":256000000,"block_size":4},"filename":"/home/runner/work/xet-core/xet-core/xet_data/src/file_reconstruction/reconstruction_terms/manager.rs","line_number":151}
{"timestamp":"2026-07-06T19:02:42.056688Z","level":"INFO","fields":{"message":"Updated completion rate estimate based on previous block completion time (seconds).","file_hash":"fb4a6ec36c545df49e4c7366d528b435dd591008f538a45b5c758aa26a3a72d7","block_start":0,"block_end":256000000,"block_size":256000000,"completion_time":0.00003184},"filename":"/home/runner/work/xet-core/xet-core/xet_data/src/file_reconstruction/reconstruction_terms/manager.rs","line_number":104}
{"timestamp":"2026-07-06T19:02:42.056699Z","level":"INFO","fields":{"message":"Scheduling prefetch block","file_hash":"fb4a6ec36c545df49e4c7366d528b435dd591008f538a45b5c758aa26a3a72d7","prefetch_range":"(1024000000, 9024000000)","requested_block_size":8000000000,"actual_block_size":8000000000,"queue_depth":3},"filename":"/home/runner/work/xet-core/xet-core/xet_data/src/file_reconstruction/reconstruction_terms/manager.rs","line_number":272}
{"timestamp":"2026-07-06T19:02:42.056705Z","level":"INFO","fields":{"message":"Retry strategy","max_attempts":5,"base_delay":"3s","no_retry_on_429":false},"filename":"/home/runner/work/xet-core/xet-core/xet_client/src/cas_client/retry_wrapper.rs","line_number":249}
{"timestamp":"2026-07-06T19:02:42.056713Z","level":"INFO","fields":{"message":"Starting get_reconstruction API call","call_id":7,"file_id":"fb4a6ec36c545df49e4c7366d528b435dd591008f538a45b5c758aa26a3a72d7","bytes_range":"Some(Range { start: 1024000000, end: 9024000000 })","api_version":"v2"},"filename":"/home/runner/work/xet-core/xet-core/xet_client/src/cas_client/remote_client.rs","line_number":210}
{"timestamp":"2026-07-06T19:02:42.056718Z","level":"INFO","fields":{"message":"Retry strategy","max_attempts":5,"base_delay":"3s","no_retry_on_429":false},"filename":"/home/runner/work/xet-core/xet-core/xet_client/src/cas_client/retry_wrapper.rs","line_number":249}
{"timestamp":"2026-07-06T19:02:42.056716Z","level":"INFO","fields":{"message":"Retry strategy","max_attempts":5,"base_delay":"3s","no_retry_on_429":false},"filename":"/home/runner/work/xet-core/xet-core/xet_client/src/cas_client/retry_wrapper.rs","line_number":249}
{"timestamp":"2026-07-06T19:02:42.056756Z","level":"INFO","fields":{"message":"Retry strategy","max_attempts":5,"base_delay":"3s","no_retry_on_429":false},"filename":"/home/runner/work/xet-core/xet-core/xet_client/src/cas_client/retry_wrapper.rs","line_number":249}
{"timestamp":"2026-07-06T19:02:42.056783Z","level":"INFO","fields":{"message":"Retry strategy","max_attempts":5,"base_delay":"3s","no_retry_on_429":false},"filename":"/home/runner/work/xet-core/xet-core/xet_client/src/cas_client/retry_wrapper.rs","line_number":249}
{"timestamp":"2026-07-06T19:02:42.069951Z","level":"INFO","fields":{"message":"Received CAS response","request_id":"01KWWCZB4HN01HMEQVRDN3BVC2","status_code":416},"filename":"/home/runner/work/xet-core/xet-core/xet_client/src/common/http_client.rs","line_number":288}
{"timestamp":"2026-07-06T19:02:42.069966Z","level":"INFO","fields":{"message":"Reached end of reconstruction 416 (Range Not Satisfiable): \"cas::get_reconstruction_v2\" api call failed (request id 01KWWCZB4HN01HMEQVRDN3BVC2): HTTP status client error (416 Range Not Satisfiable) for url (https://cas-server.xethub.hf.co/v2/reconstructions/fb4a6ec36c545df49e4c7366d528b435dd591008f538a45b5c758aa26a3a72d7)"},"filename":"/home/runner/work/xet-core/xet-core/xet_client/src/cas_client/retry_wrapper.rs","line_number":162}
{"timestamp":"2026-07-06T19:02:42.093519Z","level":"INFO","fields":{"message":"Received CAS response","request_id":"01KWWCZACDF4YDC481RRFPTR0Q","status_code":200},"filename":"/home/runner/work/xet-core/xet-core/xet_client/src/common/http_client.rs","line_number":288}
{"timestamp":"2026-07-06T19:02:42.093532Z","level":"INFO","fields":{"message":"Request Success: cas::get_reconstruction_v2 api call succeeded (request id 01KWWCZACDF4YDC481RRFPTR0Q)."},"filename":"/home/runner/work/xet-core/xet-core/xet_client/src/cas_client/retry_wrapper.rs","line_number":210}
{"timestamp":"2026-07-06T19:02:42.093552Z","level":"INFO","fields":{"message":"Completed get_reconstruction API call","call_id":4,"file_id":"fb4a6ec36c545df49e4c7366d528b435dd591008f538a45b5c758aa26a3a72d7","bytes_range":"Some(Range { start: 768000000, end: 1024000000 })","api_version":"v2"},"filename":"/home/runner/work/xet-core/xet-core/xet_client/src/cas_client/remote_client.rs","line_number":234}
{"timestamp":"2026-07-06T19:02:42.098893Z","level":"INFO","fields":{"message":"Received CAS response","request_id":"01KWWCZA691A047G07E787N7FV","status_code":200},"filename":"/home/runner/work/xet-core/xet-core/xet_client/src/common/http_client.rs","line_number":288}
{"timestamp":"2026-07-06T19:02:42.098905Z","level":"INFO","fields":{"message":"Request Success: cas::get_reconstruction_v2 api call succeeded (request id 01KWWCZA691A047G07E787N7FV)."},"filename":"/home/runner/work/xet-core/xet-core/xet_client/src/cas_client/retry_wrapper.rs","line_number":210}
{"timestamp":"2026-07-06T19:02:42.099040Z","level":"INFO","fields":{"message":"Completed get_reconstruction API call","call_id":3,"file_id":"7091dcee7b723f0a75133a29247586d7a193581511141888f52bd757c0af9518","bytes_range":"Some(Range { start: 256000000, end: 768000000 })","api_version":"v2"},"filename":"/home/runner/work/xet-core/xet-core/xet_client/src/cas_client/remote_client.rs","line_number":234}
{"timestamp":"2026-07-06T19:02:42.099080Z","level":"INFO","fields":{"message":"Received block of file terms from prefetch queue","file_hash":"7091dcee7b723f0a75133a29247586d7a193581511141888f52bd757c0af9518","domain":"transfer.xethub.hf.co","block_start":256000000,"block_end":729888705,"block_size":30},"filename":"/home/runner/work/xet-core/xet-core/xet_data/src/file_reconstruction/reconstruction_terms/manager.rs","line_number":151}
{"timestamp":"2026-07-06T19:02:42.099139Z","level":"INFO","fields":{"message":"Updated completion rate estimate based on previous block completion time (seconds).","file_hash":"7091dcee7b723f0a75133a29247586d7a193581511141888f52bd757c0af9518","block_start":256000000,"block_end":729888705,"block_size":473888705,"completion_time":0.000058899},"filename":"/home/runner/work/xet-core/xet-core/xet_data/src/file_reconstruction/reconstruction_terms/manager.rs","line_number":104}
{"timestamp":"2026-07-06T19:02:42.099150Z","level":"INFO","fields":{"message":"Completed prefetch queue; end of file reached.","file_hash":"7091dcee7b723f0a75133a29247586d7a193581511141888f52bd757c0af9518","prefetched_byte_position":1024000000},"filename":"/home/runner/work/xet-core/xet-core/xet_data/src/file_reconstruction/reconstruction_terms/manager.rs","line_number":178}
{"timestamp":"2026-07-06T19:02:42.099155Z","level":"INFO","fields":{"message":"All term blocks received and scheduled for writing","file_hash":"7091dcee7b723f0a75133a29247586d7a193581511141888f52bd757c0af9518","block_count":2,"total_terms_processed":34,"total_bytes_scheduled":729888705},"filename":"/home/runner/work/xet-core/xet-core/xet_data/src/file_reconstruction/run_state.rs","line_number":150}
{"timestamp":"2026-07-06T19:02:42.141605Z","level":"INFO","fields":{"message":"Received CAS response","request_id":"","status_code":206},"filename":"/home/runner/work/xet-core/xet-core/xet_client/src/common/http_client.rs","line_number":288}
{"timestamp":"2026-07-06T19:02:42.141625Z","level":"INFO","fields":{"message":"Request Success: s3::get_range api call succeeded (request id )."},"filename":"/home/runner/work/xet-core/xet-core/xet_client/src/cas_client/retry_wrapper.rs","line_number":210}
{"timestamp":"2026-07-06T19:02:42.148605Z","level":"INFO","fields":{"message":"Received CAS response","request_id":"","status_code":206},"filename":"/home/runner/work/xet-core/xet-core/xet_client/src/common/http_client.rs","line_number":288}
{"timestamp":"2026-07-06T19:02:42.148613Z","level":"INFO","fields":{"message":"Request Success: s3::get_range api call succeeded (request id )."},"filename":"/home/runner/work/xet-core/xet-core/xet_client/src/cas_client/retry_wrapper.rs","line_number":210}
{"timestamp":"2026-07-06T19:02:42.228960Z","level":"INFO","fields":{"message":"Received CAS response","request_id":"","status_code":206},"filename":"/home/runner/work/xet-core/xet-core/xet_client/src/common/http_client.rs","line_number":288}
{"timestamp":"2026-07-06T19:02:42.229052Z","level":"INFO","fields":{"message":"Request Success: s3::get_range api call succeeded (request id )."},"filename":"/home/runner/work/xet-core/xet-core/xet_client/src/cas_client/retry_wrapper.rs","line_number":210}
{"timestamp":"2026-07-06T19:02:42.257822Z","level":"INFO","fields":{"message":"Received CAS response","request_id":"01KWWCZB4PPBNJEXND2D3CCCM4","status_code":206},"filename":"/home/runner/work/xet-core/xet-core/xet_client/src/common/http_client.rs","line_number":288}
{"timestamp":"2026-07-06T19:02:42.257839Z","level":"INFO","fields":{"message":"Request Success: s3::get_range api call succeeded (request id 01KWWCZB4PPBNJEXND2D3CCCM4)."},"filename":"/home/runner/work/xet-core/xet-core/xet_client/src/cas_client/retry_wrapper.rs","line_number":210}
{"timestamp":"2026-07-06T19:02:42.276238Z","level":"INFO","fields":{"message":"Received CAS response","request_id":"","status_code":206},"filename":"/home/runner/work/xet-core/xet-core/xet_client/src/common/http_client.rs","line_number":288}
{"timestamp":"2026-07-06T19:02:42.276255Z","level":"INFO","fields":{"message":"Request Success: s3::get_range api call succeeded (request id )."},"filename":"/home/runner/work/xet-core/xet-core/xet_client/src/cas_client/retry_wrapper.rs","line_number":210}
{"timestamp":"2026-07-06T19:02:42.282995Z","level":"INFO","fields":{"message":"Received CAS response","request_id":"01KWWCZB40YMW9QWV28TFPSTYR","status_code":206},"filename":"/home/runner/work/xet-core/xet-core/xet_client/src/common/http_client.rs","line_number":288}
{"timestamp":"2026-07-06T19:02:42.283022Z","level":"INFO","fields":{"message":"Request Success: s3::get_range api call succeeded (request id 01KWWCZB40YMW9QWV28TFPSTYR)."},"filename":"/home/runner/work/xet-core/xet-core/xet_client/src/cas_client/retry_wrapper.rs","line_number":210}
{"timestamp":"2026-07-06T19:02:42.303541Z","level":"INFO","fields":{"message":"Received CAS response","request_id":"01KWWCZB4TXDE4W1ENS2JAZXA0","status_code":206},"filename":"/home/runner/work/xet-core/xet-core/xet_client/src/common/http_client.rs","line_number":288}
{"timestamp":"2026-07-06T19:02:42.303557Z","level":"INFO","fields":{"message":"Request Success: s3::get_range api call succeeded (request id 01KWWCZB4TXDE4W1ENS2JAZXA0)."},"filename":"/home/runner/work/xet-core/xet-core/xet_client/src/cas_client/retry_wrapper.rs","line_number":210}
{"timestamp":"2026-07-06T19:02:42.397915Z","level":"INFO","fields":{"message":"Received CAS response","request_id":"01KWWCZACD9XT0CYDJNZ5G0PZJ","status_code":200},"filename":"/home/runner/work/xet-core/xet-core/xet_client/src/common/http_client.rs","line_number":288}
{"timestamp":"2026-07-06T19:02:42.397961Z","level":"INFO","fields":{"message":"Request Success: cas::get_reconstruction_v2 api call succeeded (request id 01KWWCZACD9XT0CYDJNZ5G0PZJ)."},"filename":"/home/runner/work/xet-core/xet-core/xet_client/src/cas_client/retry_wrapper.rs","line_number":210}
{"timestamp":"2026-07-06T19:02:42.398027Z","level":"INFO","fields":{"message":"Completed get_reconstruction API call","call_id":6,"file_id":"fb4a6ec36c545df49e4c7366d528b435dd591008f538a45b5c758aa26a3a72d7","bytes_range":"Some(Range { start: 256000000, end: 768000000 })","api_version":"v2"},"filename":"/home/runner/work/xet-core/xet-core/xet_client/src/cas_client/remote_client.rs","line_number":234}
{"timestamp":"2026-07-06T19:02:42.398072Z","level":"INFO","fields":{"message":"Received block of file terms from prefetch queue","file_hash":"fb4a6ec36c545df49e4c7366d528b435dd591008f538a45b5c758aa26a3a72d7","domain":"transfer.xethub.hf.co","block_start":256000000,"block_end":768000000,"block_size":9},"filename":"/home/runner/work/xet-core/xet-core/xet_data/src/file_reconstruction/reconstruction_terms/manager.rs","line_number":151}
{"timestamp":"2026-07-06T19:02:42.398134Z","level":"INFO","fields":{"message":"Updated completion rate estimate based on previous block completion time (seconds).","file_hash":"fb4a6ec36c545df49e4c7366d528b435dd591008f538a45b5c758aa26a3a72d7","block_start":256000000,"block_end":768000000,"block_size":512000000,"completion_time":0.000061104},"filename":"/home/runner/work/xet-core/xet-core/xet_data/src/file_reconstruction/reconstruction_terms/manager.rs","line_number":104}
{"timestamp":"2026-07-06T19:02:42.398145Z","level":"INFO","fields":{"message":"Received block of file terms from prefetch queue","file_hash":"fb4a6ec36c545df49e4c7366d528b435dd591008f538a45b5c758aa26a3a72d7","domain":"transfer.xethub.hf.co","block_start":768000000,"block_end":988097824,"block_size":4},"filename":"/home/runner/work/xet-core/xet-core/xet_data/src/file_reconstruction/reconstruction_terms/manager.rs","line_number":151}
{"timestamp":"2026-07-06T19:02:42.398162Z","level":"INFO","fields":{"message":"Updated completion rate estimate based on previous block completion time (seconds).","file_hash":"fb4a6ec36c545df49e4c7366d528b435dd591008f538a45b5c758aa26a3a72d7","block_start":768000000,"block_end":988097824,"block_size":220097824,"completion_time":0.000017012},"filename":"/home/runner/work/xet-core/xet-core/xet_data/src/file_reconstruction/reconstruction_terms/manager.rs","line_number":104}
{"timestamp":"2026-07-06T19:02:42.398168Z","level":"INFO","fields":{"message":"Completed prefetch queue; end of file reached.","file_hash":"fb4a6ec36c545df49e4c7366d528b435dd591008f538a45b5c758aa26a3a72d7","prefetched_byte_position":9024000000},"filename":"/home/runner/work/xet-core/xet-core/xet_data/src/file_reconstruction/reconstruction_terms/manager.rs","line_number":178}
{"timestamp":"2026-07-06T19:02:42.398173Z","level":"INFO","fields":{"message":"All term blocks received and scheduled for writing","file_hash":"fb4a6ec36c545df49e4c7366d528b435dd591008f538a45b5c758aa26a3a72d7","block_count":3,"total_terms_processed":17,"total_bytes_scheduled":988097824},"filename":"/home/runner/work/xet-core/xet-core/xet_data/src/file_reconstruction/run_state.rs","line_number":150}
{"timestamp":"2026-07-06T19:02:42.525320Z","level":"INFO","fields":{"message":"Received CAS response","request_id":"","status_code":206},"filename":"/home/runner/work/xet-core/xet-core/xet_client/src/common/http_client.rs","line_number":288}
{"timestamp":"2026-07-06T19:02:42.525341Z","level":"INFO","fields":{"message":"Request Success: s3::get_range api call succeeded (request id )."},"filename":"/home/runner/work/xet-core/xet-core/xet_client/src/cas_client/retry_wrapper.rs","line_number":210}
{"timestamp":"2026-07-06T19:02:42.743736Z","level":"INFO","fields":{"message":"Concurrency control for download: Increased concurrency from 4 to 5; reason: success ratio 1.000 is above threshold 0.800 and predicted RTT for 61MB at new concurrency is 1.05s < target 60.0s"},"filename":"/home/runner/work/xet-core/xet-core/xet_client/src/cas_client/adaptive_concurrency/controller.rs","line_number":543}
{"timestamp":"2026-07-06T19:02:42.743820Z","level":"INFO","fields":{"message":"Retry strategy","max_attempts":5,"base_delay":"3s","no_retry_on_429":false},"filename":"/home/runner/work/xet-core/xet-core/xet_client/src/cas_client/retry_wrapper.rs","line_number":249}
{"timestamp":"2026-07-06T19:02:42.743829Z","level":"INFO","fields":{"message":"Retry strategy","max_attempts":5,"base_delay":"3s","no_retry_on_429":false},"filename":"/home/runner/work/xet-core/xet-core/xet_client/src/cas_client/retry_wrapper.rs","line_number":249}
{"timestamp":"2026-07-06T19:02:42.848391Z","level":"INFO","fields":{"message":"Received CAS response","request_id":"","status_code":206},"filename":"/home/runner/work/xet-core/xet-core/xet_client/src/common/http_client.rs","line_number":288}
{"timestamp":"2026-07-06T19:02:42.848439Z","level":"INFO","fields":{"message":"Request Success: s3::get_range api call succeeded (request id )."},"filename":"/home/runner/work/xet-core/xet-core/xet_client/src/cas_client/retry_wrapper.rs","line_number":210}
{"timestamp":"2026-07-06T19:02:42.873132Z","level":"INFO","fields":{"message":"Received CAS response","request_id":"","status_code":206},"filename":"/home/runner/work/xet-core/xet-core/xet_client/src/common/http_client.rs","line_number":288}
{"timestamp":"2026-07-06T19:02:42.873152Z","level":"INFO","fields":{"message":"Request Success: s3::get_range api call succeeded (request id )."},"filename":"/home/runner/work/xet-core/xet-core/xet_client/src/cas_client/retry_wrapper.rs","line_number":210}
{"timestamp":"2026-07-06T19:02:43.021950Z","level":"INFO","fields":{"message":"Retry strategy","max_attempts":5,"base_delay":"3s","no_retry_on_429":false},"filename":"/home/runner/work/xet-core/xet-core/xet_client/src/cas_client/retry_wrapper.rs","line_number":249}
{"timestamp":"2026-07-06T19:02:43.152168Z","level":"INFO","fields":{"message":"Concurrency control for download: Increased concurrency from 4 to 5; reason: success ratio 1.000 is above threshold 0.800 and predicted RTT for 61MB at new concurrency is 1.34s < target 60.0s"},"filename":"/home/runner/work/xet-core/xet-core/xet_client/src/cas_client/adaptive_concurrency/controller.rs","line_number":543}
{"timestamp":"2026-07-06T19:02:43.152213Z","level":"INFO","fields":{"message":"Retry strategy","max_attempts":5,"base_delay":"3s","no_retry_on_429":false},"filename":"/home/runner/work/xet-core/xet-core/xet_client/src/cas_client/retry_wrapper.rs","line_number":249}
{"timestamp":"2026-07-06T19:02:43.152258Z","level":"INFO","fields":{"message":"Retry strategy","max_attempts":5,"base_delay":"3s","no_retry_on_429":false},"filename":"/home/runner/work/xet-core/xet-core/xet_client/src/cas_client/retry_wrapper.rs","line_number":249}
{"timestamp":"2026-07-06T19:02:43.183668Z","level":"INFO","fields":{"message":"Received CAS response","request_id":"","status_code":206},"filename":"/home/runner/work/xet-core/xet-core/xet_client/src/common/http_client.rs","line_number":288}
{"timestamp":"2026-07-06T19:02:43.183716Z","level":"INFO","fields":{"message":"Request Success: s3::get_range api call succeeded (request id )."},"filename":"/home/runner/work/xet-core/xet-core/xet_client/src/cas_client/retry_wrapper.rs","line_number":210}
{"timestamp":"2026-07-06T19:02:43.238121Z","level":"INFO","fields":{"message":"Received CAS response","request_id":"","status_code":206},"filename":"/home/runner/work/xet-core/xet-core/xet_client/src/common/http_client.rs","line_number":288}
{"timestamp":"2026-07-06T19:02:43.238173Z","level":"INFO","fields":{"message":"Request Success: s3::get_range api call succeeded (request id )."},"filename":"/home/runner/work/xet-core/xet-core/xet_client/src/cas_client/retry_wrapper.rs","line_number":210}
{"timestamp":"2026-07-06T19:02:43.247727Z","level":"INFO","fields":{"message":"Concurrency control for download: Increased concurrency from 5 to 6; reason: success ratio 1.000 is above threshold 0.800 and predicted RTT for 61MB at new concurrency is 1.52s < target 60.0s"},"filename":"/home/runner/work/xet-core/xet-core/xet_client/src/cas_client/adaptive_concurrency/controller.rs","line_number":543}
{"timestamp":"2026-07-06T19:02:43.247756Z","level":"INFO","fields":{"message":"Retry strategy","max_attempts":5,"base_delay":"3s","no_retry_on_429":false},"filename":"/home/runner/work/xet-core/xet-core/xet_client/src/cas_client/retry_wrapper.rs","line_number":249}
{"timestamp":"2026-07-06T19:02:43.252515Z","level":"INFO","fields":{"message":"Retry strategy","max_attempts":5,"base_delay":"3s","no_retry_on_429":false},"filename":"/home/runner/work/xet-core/xet-core/xet_client/src/cas_client/retry_wrapper.rs","line_number":249}
{"timestamp":"2026-07-06T19:02:43.267660Z","level":"INFO","fields":{"message":"Retry strategy","max_attempts":5,"base_delay":"3s","no_retry_on_429":false},"filename":"/home/runner/work/xet-core/xet-core/xet_client/src/cas_client/retry_wrapper.rs","line_number":249}
{"timestamp":"2026-07-06T19:02:43.338239Z","level":"INFO","fields":{"message":"Retry strategy","max_attempts":5,"base_delay":"3s","no_retry_on_429":false},"filename":"/home/runner/work/xet-core/xet-core/xet_client/src/cas_client/retry_wrapper.rs","line_number":249}
{"timestamp":"2026-07-06T19:02:43.353165Z","level":"INFO","fields":{"message":"Retry strategy","max_attempts":5,"base_delay":"3s","no_retry_on_429":false},"filename":"/home/runner/work/xet-core/xet-core/xet_client/src/cas_client/retry_wrapper.rs","line_number":249}
{"timestamp":"2026-07-06T19:02:43.433003Z","level":"INFO","fields":{"message":"Received CAS response","request_id":"","status_code":206},"filename":"/home/runner/work/xet-core/xet-core/xet_client/src/common/http_client.rs","line_number":288}
{"timestamp":"2026-07-06T19:02:43.433029Z","level":"INFO","fields":{"message":"Request Success: s3::get_range api call succeeded (request id )."},"filename":"/home/runner/work/xet-core/xet-core/xet_client/src/cas_client/retry_wrapper.rs","line_number":210}
{"timestamp":"2026-07-06T19:02:43.433182Z","level":"INFO","fields":{"message":"Retry strategy","max_attempts":5,"base_delay":"3s","no_retry_on_429":false},"filename":"/home/runner/work/xet-core/xet-core/xet_client/src/cas_client/retry_wrapper.rs","line_number":249}
{"timestamp":"2026-07-06T19:02:43.450767Z","level":"INFO","fields":{"message":"Received CAS response","request_id":"","status_code":206},"filename":"/home/runner/work/xet-core/xet-core/xet_client/src/common/http_client.rs","line_number":288}
{"timestamp":"2026-07-06T19:02:43.450786Z","level":"INFO","fields":{"message":"Request Success: s3::get_range api call succeeded (request id )."},"filename":"/home/runner/work/xet-core/xet-core/xet_client/src/cas_client/retry_wrapper.rs","line_number":210}
{"timestamp":"2026-07-06T19:02:43.505603Z","level":"INFO","fields":{"message":"Received CAS response","request_id":"01KWWCZCACWESHGSVQQ3TEDRRX","status_code":206},"filename":"/home/runner/work/xet-core/xet-core/xet_client/src/common/http_client.rs","line_number":288}
{"timestamp":"2026-07-06T19:02:43.505626Z","level":"INFO","fields":{"message":"Request Success: s3::get_range api call succeeded (request id 01KWWCZCACWESHGSVQQ3TEDRRX)."},"filename":"/home/runner/work/xet-core/xet-core/xet_client/src/cas_client/retry_wrapper.rs","line_number":210}
{"timestamp":"2026-07-06T19:02:43.535376Z","level":"INFO","fields":{"message":"Received CAS response","request_id":"01KWWCZCB13912680VEBK650RY","status_code":206},"filename":"/home/runner/work/xet-core/xet-core/xet_client/src/common/http_client.rs","line_number":288}
{"timestamp":"2026-07-06T19:02:43.535398Z","level":"INFO","fields":{"message":"Request Success: s3::get_range api call succeeded (request id 01KWWCZCB13912680VEBK650RY)."},"filename":"/home/runner/work/xet-core/xet-core/xet_client/src/cas_client/retry_wrapper.rs","line_number":210}
{"timestamp":"2026-07-06T19:02:43.578994Z","level":"INFO","fields":{"message":"Retry strategy","max_attempts":5,"base_delay":"3s","no_retry_on_429":false},"filename":"/home/runner/work/xet-core/xet-core/xet_client/src/cas_client/retry_wrapper.rs","line_number":249}
{"timestamp":"2026-07-06T19:02:43.605649Z","level":"INFO","fields":{"message":"Retry strategy","max_attempts":5,"base_delay":"3s","no_retry_on_429":false},"filename":"/home/runner/work/xet-core/xet-core/xet_client/src/cas_client/retry_wrapper.rs","line_number":249}
{"timestamp":"2026-07-06T19:02:43.613903Z","level":"INFO","fields":{"message":"Received CAS response","request_id":"01KWWCZCF4TBE5VMG4VB91N6TJ","status_code":206},"filename":"/home/runner/work/xet-core/xet-core/xet_client/src/common/http_client.rs","line_number":288}
{"timestamp":"2026-07-06T19:02:43.613922Z","level":"INFO","fields":{"message":"Request Success: s3::get_range api call succeeded (request id 01KWWCZCF4TBE5VMG4VB91N6TJ)."},"filename":"/home/runner/work/xet-core/xet-core/xet_client/src/cas_client/retry_wrapper.rs","line_number":210}
{"timestamp":"2026-07-06T19:02:43.624563Z","level":"INFO","fields":{"message":"Received CAS response","request_id":"01KWWCZCF2H6MF8JMGBHEH1JAZ","status_code":206},"filename":"/home/runner/work/xet-core/xet-core/xet_client/src/common/http_client.rs","line_number":288}
{"timestamp":"2026-07-06T19:02:43.624580Z","level":"INFO","fields":{"message":"Request Success: s3::get_range api call succeeded (request id 01KWWCZCF2H6MF8JMGBHEH1JAZ)."},"filename":"/home/runner/work/xet-core/xet-core/xet_client/src/cas_client/retry_wrapper.rs","line_number":210}
{"timestamp":"2026-07-06T19:02:43.644797Z","level":"INFO","fields":{"message":"Retry strategy","max_attempts":5,"base_delay":"3s","no_retry_on_429":false},"filename":"/home/runner/work/xet-core/xet-core/xet_client/src/cas_client/retry_wrapper.rs","line_number":249}
{"timestamp":"2026-07-06T19:02:43.648002Z","level":"INFO","fields":{"message":"Received CAS response","request_id":"01KWWCZCHS5FQ6YBWBMY712B1Y","status_code":206},"filename":"/home/runner/work/xet-core/xet-core/xet_client/src/common/http_client.rs","line_number":288}
{"timestamp":"2026-07-06T19:02:43.648020Z","level":"INFO","fields":{"message":"Request Success: s3::get_range api call succeeded (request id 01KWWCZCHS5FQ6YBWBMY712B1Y)."},"filename":"/home/runner/work/xet-core/xet-core/xet_client/src/cas_client/retry_wrapper.rs","line_number":210}
{"timestamp":"2026-07-06T19:02:43.654850Z","level":"INFO","fields":{"message":"Retry strategy","max_attempts":5,"base_delay":"3s","no_retry_on_429":false},"filename":"/home/runner/work/xet-core/xet-core/xet_client/src/cas_client/retry_wrapper.rs","line_number":249}
{"timestamp":"2026-07-06T19:02:43.695198Z","level":"INFO","fields":{"message":"Retry strategy","max_attempts":5,"base_delay":"3s","no_retry_on_429":false},"filename":"/home/runner/work/xet-core/xet-core/xet_client/src/cas_client/retry_wrapper.rs","line_number":249}
{"timestamp":"2026-07-06T19:02:43.753387Z","level":"INFO","fields":{"message":"Concurrency control for download: Increased concurrency from 6 to 7; reason: success ratio 1.000 is above threshold 0.800 and predicted RTT for 61MB at new concurrency is 1.37s < target 60.0s"},"filename":"/home/runner/work/xet-core/xet-core/xet_client/src/cas_client/adaptive_concurrency/controller.rs","line_number":543}
{"timestamp":"2026-07-06T19:02:43.753416Z","level":"INFO","fields":{"message":"Retry strategy","max_attempts":5,"base_delay":"3s","no_retry_on_429":false},"filename":"/home/runner/work/xet-core/xet-core/xet_client/src/cas_client/retry_wrapper.rs","line_number":249}
{"timestamp":"2026-07-06T19:02:43.770561Z","level":"INFO","fields":{"message":"Received CAS response","request_id":"01KWWCZCM7BEFNBB2TW09WTN71","status_code":206},"filename":"/home/runner/work/xet-core/xet-core/xet_client/src/common/http_client.rs","line_number":288}
{"timestamp":"2026-07-06T19:02:43.770579Z","level":"INFO","fields":{"message":"Request Success: s3::get_range api call succeeded (request id 01KWWCZCM7BEFNBB2TW09WTN71)."},"filename":"/home/runner/work/xet-core/xet-core/xet_client/src/cas_client/retry_wrapper.rs","line_number":210}
{"timestamp":"2026-07-06T19:02:43.771568Z","level":"INFO","fields":{"message":"Concurrency control for download: Increased concurrency from 5 to 6; reason: success ratio 1.000 is above threshold 0.800 and predicted RTT for 61MB at new concurrency is 2.38s < target 60.0s"},"filename":"/home/runner/work/xet-core/xet-core/xet_client/src/cas_client/adaptive_concurrency/controller.rs","line_number":543}
{"timestamp":"2026-07-06T19:02:43.771589Z","level":"INFO","fields":{"message":"Retry strategy","max_attempts":5,"base_delay":"3s","no_retry_on_429":false},"filename":"/home/runner/work/xet-core/xet-core/xet_client/src/cas_client/retry_wrapper.rs","line_number":249}
{"timestamp":"2026-07-06T19:02:43.850837Z","level":"INFO","fields":{"message":"Retry strategy","max_attempts":5,"base_delay":"3s","no_retry_on_429":false},"filename":"/home/runner/work/xet-core/xet-core/xet_client/src/cas_client/retry_wrapper.rs","line_number":249}
{"timestamp":"2026-07-06T19:02:43.855158Z","level":"INFO","fields":{"message":"Received CAS response","request_id":"01KWWCZCMVA6WMXC3XT1FXH807","status_code":206},"filename":"/home/runner/work/xet-core/xet-core/xet_client/src/common/http_client.rs","line_number":288}
{"timestamp":"2026-07-06T19:02:43.855178Z","level":"INFO","fields":{"message":"Request Success: s3::get_range api call succeeded (request id 01KWWCZCMVA6WMXC3XT1FXH807)."},"filename":"/home/runner/work/xet-core/xet-core/xet_client/src/cas_client/retry_wrapper.rs","line_number":210}
{"timestamp":"2026-07-06T19:02:43.859890Z","level":"INFO","fields":{"message":"Received CAS response","request_id":"01KWWCZCSPHMR867DH7H707TTM","status_code":206},"filename":"/home/runner/work/xet-core/xet-core/xet_client/src/common/http_client.rs","line_number":288}
{"timestamp":"2026-07-06T19:02:43.859933Z","level":"INFO","fields":{"message":"Request Success: s3::get_range api call succeeded (request id 01KWWCZCSPHMR867DH7H707TTM)."},"filename":"/home/runner/work/xet-core/xet-core/xet_client/src/cas_client/retry_wrapper.rs","line_number":210}
{"timestamp":"2026-07-06T19:02:43.872424Z","level":"INFO","fields":{"message":"Received CAS response","request_id":"01KWWCZCP8BD440PES8VXAN7Q9","status_code":206},"filename":"/home/runner/work/xet-core/xet-core/xet_client/src/common/http_client.rs","line_number":288}
{"timestamp":"2026-07-06T19:02:43.872453Z","level":"INFO","fields":{"message":"Request Success: s3::get_range api call succeeded (request id 01KWWCZCP8BD440PES8VXAN7Q9)."},"filename":"/home/runner/work/xet-core/xet-core/xet_client/src/cas_client/retry_wrapper.rs","line_number":210}
{"timestamp":"2026-07-06T19:02:43.894164Z","level":"INFO","fields":{"message":"Received CAS response","request_id":"01KWWCZCQHSPFYQCP7ZKNTMCY2","status_code":206},"filename":"/home/runner/work/xet-core/xet-core/xet_client/src/common/http_client.rs","line_number":288}
{"timestamp":"2026-07-06T19:02:43.894248Z","level":"INFO","fields":{"message":"Request Success: s3::get_range api call succeeded (request id 01KWWCZCQHSPFYQCP7ZKNTMCY2)."},"filename":"/home/runner/work/xet-core/xet-core/xet_client/src/cas_client/retry_wrapper.rs","line_number":210}
{"timestamp":"2026-07-06T19:02:43.931876Z","level":"INFO","fields":{"message":"Retry strategy","max_attempts":5,"base_delay":"3s","no_retry_on_429":false},"filename":"/home/runner/work/xet-core/xet-core/xet_client/src/cas_client/retry_wrapper.rs","line_number":249}
{"timestamp":"2026-07-06T19:02:43.937503Z","level":"INFO","fields":{"message":"Received CAS response","request_id":"","status_code":206},"filename":"/home/runner/work/xet-core/xet-core/xet_client/src/common/http_client.rs","line_number":288}
{"timestamp":"2026-07-06T19:02:43.937521Z","level":"INFO","fields":{"message":"Request Success: s3::get_range api call succeeded (request id )."},"filename":"/home/runner/work/xet-core/xet-core/xet_client/src/cas_client/retry_wrapper.rs","line_number":210}
{"timestamp":"2026-07-06T19:02:43.971608Z","level":"INFO","fields":{"message":"Received CAS response","request_id":"01KWWCZCT82J0XYC36Y58DFGEW","status_code":206},"filename":"/home/runner/work/xet-core/xet-core/xet_client/src/common/http_client.rs","line_number":288}
{"timestamp":"2026-07-06T19:02:43.971628Z","level":"INFO","fields":{"message":"Request Success: s3::get_range api call succeeded (request id 01KWWCZCT82J0XYC36Y58DFGEW)."},"filename":"/home/runner/work/xet-core/xet-core/xet_client/src/cas_client/retry_wrapper.rs","line_number":210}
{"timestamp":"2026-07-06T19:02:43.999484Z","level":"INFO","fields":{"message":"Retry strategy","max_attempts":5,"base_delay":"3s","no_retry_on_429":false},"filename":"/home/runner/work/xet-core/xet-core/xet_client/src/cas_client/retry_wrapper.rs","line_number":249}
{"timestamp":"2026-07-06T19:02:44.095491Z","level":"INFO","fields":{"message":"Retry strategy","max_attempts":5,"base_delay":"3s","no_retry_on_429":false},"filename":"/home/runner/work/xet-core/xet-core/xet_client/src/cas_client/retry_wrapper.rs","line_number":249}
{"timestamp":"2026-07-06T19:02:44.131565Z","level":"INFO","fields":{"message":"Received CAS response","request_id":"01KWWCZD41M1V713Y6RPCM751T","status_code":206},"filename":"/home/runner/work/xet-core/xet-core/xet_client/src/common/http_client.rs","line_number":288}
{"timestamp":"2026-07-06T19:02:44.131588Z","level":"INFO","fields":{"message":"Request Success: s3::get_range api call succeeded (request id 01KWWCZD41M1V713Y6RPCM751T)."},"filename":"/home/runner/work/xet-core/xet-core/xet_client/src/cas_client/retry_wrapper.rs","line_number":210}
{"timestamp":"2026-07-06T19:02:44.138825Z","level":"INFO","fields":{"message":"Received CAS response","request_id":"","status_code":206},"filename":"/home/runner/work/xet-core/xet-core/xet_client/src/common/http_client.rs","line_number":288}
{"timestamp":"2026-07-06T19:02:44.138854Z","level":"INFO","fields":{"message":"Request Success: s3::get_range api call succeeded (request id )."},"filename":"/home/runner/work/xet-core/xet-core/xet_client/src/cas_client/retry_wrapper.rs","line_number":210}
{"timestamp":"2026-07-06T19:02:44.148133Z","level":"INFO","fields":{"message":"Received CAS response","request_id":"01KWWCZD12RSM54DD9AZEEV8E6","status_code":206},"filename":"/home/runner/work/xet-core/xet-core/xet_client/src/common/http_client.rs","line_number":288}
{"timestamp":"2026-07-06T19:02:44.148157Z","level":"INFO","fields":{"message":"Request Success: s3::get_range api call succeeded (request id 01KWWCZD12RSM54DD9AZEEV8E6)."},"filename":"/home/runner/work/xet-core/xet-core/xet_client/src/cas_client/retry_wrapper.rs","line_number":210}
{"timestamp":"2026-07-06T19:02:44.164870Z","level":"INFO","fields":{"message":"Received CAS response","request_id":"","status_code":206},"filename":"/home/runner/work/xet-core/xet-core/xet_client/src/common/http_client.rs","line_number":288}
{"timestamp":"2026-07-06T19:02:44.164923Z","level":"INFO","fields":{"message":"Request Success: s3::get_range api call succeeded (request id )."},"filename":"/home/runner/work/xet-core/xet-core/xet_client/src/cas_client/retry_wrapper.rs","line_number":210}
{"timestamp":"2026-07-06T19:02:44.205202Z","level":"INFO","fields":{"message":"Retry strategy","max_attempts":5,"base_delay":"3s","no_retry_on_429":false},"filename":"/home/runner/work/xet-core/xet-core/xet_client/src/cas_client/retry_wrapper.rs","line_number":249}
{"timestamp":"2026-07-06T19:02:44.273722Z","level":"INFO","fields":{"message":"Concurrency control for download: Increased concurrency from 7 to 8; reason: success ratio 1.000 is above threshold 0.800 and predicted RTT for 61MB at new concurrency is 2.06s < target 60.0s"},"filename":"/home/runner/work/xet-core/xet-core/xet_client/src/cas_client/adaptive_concurrency/controller.rs","line_number":543}
{"timestamp":"2026-07-06T19:02:44.273760Z","level":"INFO","fields":{"message":"Retry strategy","max_attempts":5,"base_delay":"3s","no_retry_on_429":false},"filename":"/home/runner/work/xet-core/xet-core/xet_client/src/cas_client/retry_wrapper.rs","line_number":249}
{"timestamp":"2026-07-06T19:02:44.279093Z","level":"INFO","fields":{"message":"Retry strategy","max_attempts":5,"base_delay":"3s","no_retry_on_429":false},"filename":"/home/runner/work/xet-core/xet-core/xet_client/src/cas_client/retry_wrapper.rs","line_number":249}
{"timestamp":"2026-07-06T19:02:44.290145Z","level":"INFO","fields":{"message":"Concurrency control for download: Increased concurrency from 6 to 7; reason: success ratio 1.000 is above threshold 0.800 and predicted RTT for 61MB at new concurrency is 3.09s < target 60.0s"},"filename":"/home/runner/work/xet-core/xet-core/xet_client/src/cas_client/adaptive_concurrency/controller.rs","line_number":543}
{"timestamp":"2026-07-06T19:02:44.290181Z","level":"INFO","fields":{"message":"Retry strategy","max_attempts":5,"base_delay":"3s","no_retry_on_429":false},"filename":"/home/runner/work/xet-core/xet-core/xet_client/src/cas_client/retry_wrapper.rs","line_number":249}
{"timestamp":"2026-07-06T19:02:44.437040Z","level":"INFO","fields":{"message":"Received CAS response","request_id":"01KWWCZD7F1TEVP2EH7JT2XZT4","status_code":206},"filename":"/home/runner/work/xet-core/xet-core/xet_client/src/common/http_client.rs","line_number":288}
{"timestamp":"2026-07-06T19:02:44.437132Z","level":"INFO","fields":{"message":"Request Success: s3::get_range api call succeeded (request id 01KWWCZD7F1TEVP2EH7JT2XZT4)."},"filename":"/home/runner/work/xet-core/xet-core/xet_client/src/cas_client/retry_wrapper.rs","line_number":210}
{"timestamp":"2026-07-06T19:02:44.470861Z","level":"INFO","fields":{"message":"Received CAS response","request_id":"","status_code":206},"filename":"/home/runner/work/xet-core/xet-core/xet_client/src/common/http_client.rs","line_number":288}
{"timestamp":"2026-07-06T19:02:44.470883Z","level":"INFO","fields":{"message":"Request Success: s3::get_range api call succeeded (request id )."},"filename":"/home/runner/work/xet-core/xet-core/xet_client/src/cas_client/retry_wrapper.rs","line_number":210}
{"timestamp":"2026-07-06T19:02:44.505681Z","level":"INFO","fields":{"message":"Received CAS response","request_id":"01KWWCZD9Q3WJ107MBNNWZJR8N","status_code":206},"filename":"/home/runner/work/xet-core/xet-core/xet_client/src/common/http_client.rs","line_number":288}
{"timestamp":"2026-07-06T19:02:44.505729Z","level":"INFO","fields":{"message":"Request Success: s3::get_range api call succeeded (request id 01KWWCZD9Q3WJ107MBNNWZJR8N)."},"filename":"/home/runner/work/xet-core/xet-core/xet_client/src/cas_client/retry_wrapper.rs","line_number":210}
{"timestamp":"2026-07-06T19:02:44.531927Z","level":"INFO","fields":{"message":"Retry strategy","max_attempts":5,"base_delay":"3s","no_retry_on_429":false},"filename":"/home/runner/work/xet-core/xet-core/xet_client/src/cas_client/retry_wrapper.rs","line_number":249}
{"timestamp":"2026-07-06T19:02:44.546601Z","level":"INFO","fields":{"message":"Retry strategy","max_attempts":5,"base_delay":"3s","no_retry_on_429":false},"filename":"/home/runner/work/xet-core/xet-core/xet_client/src/cas_client/retry_wrapper.rs","line_number":249}
{"timestamp":"2026-07-06T19:02:44.577672Z","level":"INFO","fields":{"message":"Retry strategy","max_attempts":5,"base_delay":"3s","no_retry_on_429":false},"filename":"/home/runner/work/xet-core/xet-core/xet_client/src/cas_client/retry_wrapper.rs","line_number":249}
{"timestamp":"2026-07-06T19:02:44.578446Z","level":"INFO","fields":{"message":"Retry strategy","max_attempts":5,"base_delay":"3s","no_retry_on_429":false},"filename":"/home/runner/work/xet-core/xet-core/xet_client/src/cas_client/retry_wrapper.rs","line_number":249}
{"timestamp":"2026-07-06T19:02:44.590016Z","level":"INFO","fields":{"message":"Retry strategy","max_attempts":5,"base_delay":"3s","no_retry_on_429":false},"filename":"/home/runner/work/xet-core/xet-core/xet_client/src/cas_client/retry_wrapper.rs","line_number":249}
{"timestamp":"2026-07-06T19:02:44.592281Z","level":"INFO","fields":{"message":"Retry strategy","max_attempts":5,"base_delay":"3s","no_retry_on_429":false},"filename":"/home/runner/work/xet-core/xet-core/xet_client/src/cas_client/retry_wrapper.rs","line_number":249}
{"timestamp":"2026-07-06T19:02:44.608096Z","level":"INFO","fields":{"message":"Received CAS response","request_id":"01KWWCZDJ3Q964E2HHKG13BSMT","status_code":206},"filename":"/home/runner/work/xet-core/xet-core/xet_client/src/common/http_client.rs","line_number":288}
{"timestamp":"2026-07-06T19:02:44.608120Z","level":"INFO","fields":{"message":"Request Success: s3::get_range api call succeeded (request id 01KWWCZDJ3Q964E2HHKG13BSMT)."},"filename":"/home/runner/work/xet-core/xet-core/xet_client/src/cas_client/retry_wrapper.rs","line_number":210}
{"timestamp":"2026-07-06T19:02:44.695968Z","level":"INFO","fields":{"message":"Received CAS response","request_id":"01KWWCZDK3X02JYPBQJTEQEAD7","status_code":206},"filename":"/home/runner/work/xet-core/xet-core/xet_client/src/common/http_client.rs","line_number":288}
{"timestamp":"2026-07-06T19:02:44.695990Z","level":"INFO","fields":{"message":"Request Success: s3::get_range api call succeeded (request id 01KWWCZDK3X02JYPBQJTEQEAD7)."},"filename":"/home/runner/work/xet-core/xet-core/xet_client/src/cas_client/retry_wrapper.rs","line_number":210}
{"timestamp":"2026-07-06T19:02:44.703954Z","level":"INFO","fields":{"message":"Received CAS response","request_id":"01KWWCZDKG6WTWTFG7JYAYJGKZ","status_code":206},"filename":"/home/runner/work/xet-core/xet-core/xet_client/src/common/http_client.rs","line_number":288}
{"timestamp":"2026-07-06T19:02:44.703972Z","level":"INFO","fields":{"message":"Request Success: s3::get_range api call succeeded (request id 01KWWCZDKG6WTWTFG7JYAYJGKZ)."},"filename":"/home/runner/work/xet-core/xet-core/xet_client/src/cas_client/retry_wrapper.rs","line_number":210}
{"timestamp":"2026-07-06T19:02:44.715286Z","level":"INFO","fields":{"message":"Retry strategy","max_attempts":5,"base_delay":"3s","no_retry_on_429":false},"filename":"/home/runner/work/xet-core/xet-core/xet_client/src/cas_client/retry_wrapper.rs","line_number":249}
{"timestamp":"2026-07-06T19:02:44.725851Z","level":"INFO","fields":{"message":"Retry strategy","max_attempts":5,"base_delay":"3s","no_retry_on_429":false},"filename":"/home/runner/work/xet-core/xet-core/xet_client/src/cas_client/retry_wrapper.rs","line_number":249}
{"timestamp":"2026-07-06T19:02:44.741126Z","level":"INFO","fields":{"message":"Received CAS response","request_id":"","status_code":206},"filename":"/home/runner/work/xet-core/xet-core/xet_client/src/common/http_client.rs","line_number":288}
{"timestamp":"2026-07-06T19:02:44.741143Z","level":"INFO","fields":{"message":"Request Success: s3::get_range api call succeeded (request id )."},"filename":"/home/runner/work/xet-core/xet-core/xet_client/src/cas_client/retry_wrapper.rs","line_number":210}
{"timestamp":"2026-07-06T19:02:44.760490Z","level":"INFO","fields":{"message":"Received CAS response","request_id":"01KWWCZDQFGSCSFZ39NHYHKWY7","status_code":206},"filename":"/home/runner/work/xet-core/xet-core/xet_client/src/common/http_client.rs","line_number":288}
{"timestamp":"2026-07-06T19:02:44.760507Z","level":"INFO","fields":{"message":"Request Success: s3::get_range api call succeeded (request id 01KWWCZDQFGSCSFZ39NHYHKWY7)."},"filename":"/home/runner/work/xet-core/xet-core/xet_client/src/cas_client/retry_wrapper.rs","line_number":210}
{"timestamp":"2026-07-06T19:02:44.771209Z","level":"INFO","fields":{"message":"Received CAS response","request_id":"","status_code":206},"filename":"/home/runner/work/xet-core/xet-core/xet_client/src/common/http_client.rs","line_number":288}
{"timestamp":"2026-07-06T19:02:44.771226Z","level":"INFO","fields":{"message":"Request Success: s3::get_range api call succeeded (request id )."},"filename":"/home/runner/work/xet-core/xet-core/xet_client/src/cas_client/retry_wrapper.rs","line_number":210}
{"timestamp":"2026-07-06T19:02:44.779300Z","level":"INFO","fields":{"message":"Concurrency control for download: Increased concurrency from 8 to 9; reason: success ratio 1.000 is above threshold 0.800 and predicted RTT for 61MB at new concurrency is 2.29s < target 60.0s"},"filename":"/home/runner/work/xet-core/xet-core/xet_client/src/cas_client/adaptive_concurrency/controller.rs","line_number":543}
{"timestamp":"2026-07-06T19:02:44.821676Z","level":"INFO","fields":{"message":"Concurrency control for download: Increased concurrency from 7 to 8; reason: success ratio 1.000 is above threshold 0.800 and predicted RTT for 61MB at new concurrency is 2.00s < target 60.0s"},"filename":"/home/runner/work/xet-core/xet-core/xet_client/src/cas_client/adaptive_concurrency/controller.rs","line_number":543}
{"timestamp":"2026-07-06T19:02:44.821732Z","level":"INFO","fields":{"message":"Retry strategy","max_attempts":5,"base_delay":"3s","no_retry_on_429":false},"filename":"/home/runner/work/xet-core/xet-core/xet_client/src/cas_client/retry_wrapper.rs","line_number":249}
{"timestamp":"2026-07-06T19:02:44.835195Z","level":"INFO","fields":{"message":"Received CAS response","request_id":"01KWWCZDM7YB9DY095SXSAC9DK","status_code":206},"filename":"/home/runner/work/xet-core/xet-core/xet_client/src/common/http_client.rs","line_number":288}
{"timestamp":"2026-07-06T19:02:44.835215Z","level":"INFO","fields":{"message":"Request Success: s3::get_range api call succeeded (request id 01KWWCZDM7YB9DY095SXSAC9DK)."},"filename":"/home/runner/work/xet-core/xet-core/xet_client/src/cas_client/retry_wrapper.rs","line_number":210}
{"timestamp":"2026-07-06T19:02:44.881921Z","level":"INFO","fields":{"message":"Retry strategy","max_attempts":5,"base_delay":"3s","no_retry_on_429":false},"filename":"/home/runner/work/xet-core/xet-core/xet_client/src/cas_client/retry_wrapper.rs","line_number":249}
{"timestamp":"2026-07-06T19:02:44.882937Z","level":"INFO","fields":{"message":"Retry strategy","max_attempts":5,"base_delay":"3s","no_retry_on_429":false},"filename":"/home/runner/work/xet-core/xet-core/xet_client/src/cas_client/retry_wrapper.rs","line_number":249}
{"timestamp":"2026-07-06T19:02:44.888034Z","level":"INFO","fields":{"message":"Received CAS response","request_id":"","status_code":206},"filename":"/home/runner/work/xet-core/xet-core/xet_client/src/common/http_client.rs","line_number":288}
{"timestamp":"2026-07-06T19:02:44.888051Z","level":"INFO","fields":{"message":"Request Success: s3::get_range api call succeeded (request id )."},"filename":"/home/runner/work/xet-core/xet-core/xet_client/src/cas_client/retry_wrapper.rs","line_number":210}
{"timestamp":"2026-07-06T19:02:45.036659Z","level":"INFO","fields":{"message":"Received CAS response","request_id":"","status_code":206},"filename":"/home/runner/work/xet-core/xet-core/xet_client/src/common/http_client.rs","line_number":288}
{"timestamp":"2026-07-06T19:02:45.036682Z","level":"INFO","fields":{"message":"Request Success: s3::get_range api call succeeded (request id )."},"filename":"/home/runner/work/xet-core/xet-core/xet_client/src/cas_client/retry_wrapper.rs","line_number":210}
{"timestamp":"2026-07-06T19:02:45.071031Z","level":"INFO","fields":{"message":"Received CAS response","request_id":"","status_code":206},"filename":"/home/runner/work/xet-core/xet-core/xet_client/src/common/http_client.rs","line_number":288}
{"timestamp":"2026-07-06T19:02:45.071071Z","level":"INFO","fields":{"message":"Request Success: s3::get_range api call succeeded (request id )."},"filename":"/home/runner/work/xet-core/xet-core/xet_client/src/cas_client/retry_wrapper.rs","line_number":210}
{"timestamp":"2026-07-06T19:02:45.125831Z","level":"INFO","fields":{"message":"Received CAS response","request_id":"01KWWCZDWMK6ZP3BK56Y1W9KC2","status_code":206},"filename":"/home/runner/work/xet-core/xet-core/xet_client/src/common/http_client.rs","line_number":288}
{"timestamp":"2026-07-06T19:02:45.125946Z","level":"INFO","fields":{"message":"Request Success: s3::get_range api call succeeded (request id 01KWWCZDWMK6ZP3BK56Y1W9KC2)."},"filename":"/home/runner/work/xet-core/xet-core/xet_client/src/cas_client/retry_wrapper.rs","line_number":210}
{"timestamp":"2026-07-06T19:02:45.135911Z","level":"INFO","fields":{"message":"Received CAS response","request_id":"01KWWCZDWNXQ2X0BB8PJP9F8G0","status_code":206},"filename":"/home/runner/work/xet-core/xet-core/xet_client/src/common/http_client.rs","line_number":288}
{"timestamp":"2026-07-06T19:02:45.135929Z","level":"INFO","fields":{"message":"Request Success: s3::get_range api call succeeded (request id 01KWWCZDWNXQ2X0BB8PJP9F8G0)."},"filename":"/home/runner/work/xet-core/xet-core/xet_client/src/cas_client/retry_wrapper.rs","line_number":210}
{"timestamp":"2026-07-06T19:02:45.282385Z","level":"INFO","fields":{"message":"Concurrency control for download: Increased concurrency from 9 to 10; reason: success ratio 1.000 is above threshold 0.800 and predicted RTT for 61MB at new concurrency is 2.67s < target 60.0s"},"filename":"/home/runner/work/xet-core/xet-core/xet_client/src/cas_client/adaptive_concurrency/controller.rs","line_number":543}
{"timestamp":"2026-07-06T19:02:45.331064Z","level":"INFO","fields":{"message":"Concurrency control for download: Increased concurrency from 8 to 9; reason: success ratio 1.000 is above threshold 0.800 and predicted RTT for 61MB at new concurrency is 2.00s < target 60.0s"},"filename":"/home/runner/work/xet-core/xet-core/xet_client/src/cas_client/adaptive_concurrency/controller.rs","line_number":543}
{"timestamp":"2026-07-06T19:02:45.836593Z","level":"INFO","fields":{"message":"Concurrency control for download: Increased concurrency from 9 to 10; reason: success ratio 1.000 is above threshold 0.800 and predicted RTT for 61MB at new concurrency is 1.99s < target 60.0s"},"filename":"/home/runner/work/xet-core/xet-core/xet_client/src/cas_client/adaptive_concurrency/controller.rs","line_number":543}
{"timestamp":"2026-07-06T19:02:46.454280Z","level":"INFO","fields":{"message":"Concurrency control for download: Increased concurrency from 10 to 11; reason: success ratio 1.000 is above threshold 0.800 and predicted RTT for 61MB at new concurrency is 2.07s < target 60.0s"},"filename":"/home/runner/work/xet-core/xet-core/xet_client/src/cas_client/adaptive_concurrency/controller.rs","line_number":543}
{"timestamp":"2026-07-06T19:02:48.593617Z","level":"INFO","fields":{"message":"File reconstruction completed successfully","file_hash":"7091dcee7b723f0a75133a29247586d7a193581511141888f52bd757c0af9518","block_count":2,"total_terms_processed":34,"total_bytes_scheduled":729888705},"filename":"/home/runner/work/xet-core/xet-core/xet_data/src/file_reconstruction/run_state.rs","line_number":150}
{"timestamp":"2026-07-06T19:02:48.675680Z","level":"INFO","fields":{"message":"CAS auth disabled","caller":"/home/runner/work/xet-core/xet-core/xet_client/src/common/http_client.rs:166"},"filename":"/home/runner/work/xet-core/xet-core/xet_runtime/src/error_printer/mod.rs","line_number":198}
{"timestamp":"2026-07-06T19:02:48.680964Z","level":"INFO","fields":{"message":"HTTP client configured","idle_timeout":"60s","max_idle_connections":16,"custom_headers":"Some({\"authorization\": \"[REDACTED]\", \"user-agent\": \"unknown/None; hf_hub/1.22.0; python/3.11.15; torch/2.12.1\"})"},"filename":"/home/runner/work/xet-core/xet-core/xet_client/src/common/http_client.rs","line_number":187}
{"timestamp":"2026-07-06T19:02:48.680985Z","level":"INFO","fields":{"message":"Retry strategy","max_attempts":5,"base_delay":"3s","no_retry_on_429":false},"filename":"/home/runner/work/xet-core/xet-core/xet_client/src/cas_client/retry_wrapper.rs","line_number":249}
{"timestamp":"2026-07-06T19:02:48.708776Z","level":"INFO","fields":{"message":"Received CAS response","request_id":"Root=1-6a4bfbd8-5b5b186c5b0c004951c324c2","status_code":200},"filename":"/home/runner/work/xet-core/xet-core/xet_client/src/common/http_client.rs","line_number":288}
{"timestamp":"2026-07-06T19:02:48.708790Z","level":"INFO","fields":{"message":"Request Success: xet-token api call succeeded (request id Root=1-6a4bfbd8-5b5b186c5b0c004951c324c2)."},"filename":"/home/runner/work/xet-core/xet-core/xet_client/src/cas_client/retry_wrapper.rs","line_number":210}
{"timestamp":"2026-07-06T19:02:48.708839Z","level":"INFO","fields":{"message":"TranslatorConfig initialized","endpoint":"https://cas-server.xethub.hf.co","session_id":"Some(\"019f38cf-c684-7ce1-abb1-b6dc36e82bfc\")","shard_cache":"/home/runner/work/FinAI/FinAI/.hf_cache/xet/https___cas_serv-tGqkUaZf_CBPHQ6h/shard-cache","shard_session":"/home/runner/work/FinAI/FinAI/.hf_cache/xet/https___cas_serv-tGqkUaZf_CBPHQ6h/staging/shard-session"},"filename":"/home/runner/work/xet-core/xet-core/xet_data/src/processing/configurations.rs","line_number":115}
{"timestamp":"2026-07-06T19:02:48.713920Z","level":"INFO","fields":{"message":"HTTP client configured","idle_timeout":"60s","max_idle_connections":16,"custom_headers":"Some({\"user-agent\": \"unknown/None; hf_hub/1.22.0; python/3.11.15; torch/2.12.1; hf_xet/1.5.1\"})"},"filename":"/home/runner/work/xet-core/xet-core/xet_client/src/common/http_client.rs","line_number":187}
{"timestamp":"2026-07-06T19:02:48.713932Z","level":"INFO","fields":{"message":"CAS auth disabled","caller":"/home/runner/work/xet-core/xet-core/xet_client/src/common/http_client.rs:166"},"filename":"/home/runner/work/xet-core/xet-core/xet_runtime/src/error_printer/mod.rs","line_number":198}
{"timestamp":"2026-07-06T19:02:48.713937Z","level":"INFO","fields":{"message":"HTTP client configured","idle_timeout":"60s","max_idle_connections":16,"custom_headers":"Some({\"user-agent\": \"unknown/None; hf_hub/1.22.0; python/3.11.15; torch/2.12.1; hf_xet/1.5.1\"})"},"filename":"/home/runner/work/xet-core/xet-core/xet_client/src/common/http_client.rs","line_number":187}
{"timestamp":"2026-07-06T19:02:48.718900Z","level":"INFO","fields":{"message":"No-read-timeout HTTP client configured (for shard uploads)","connect_timeout":"60s"},"filename":"/home/runner/work/xet-core/xet-core/xet_client/src/common/http_client.rs","line_number":136}
{"timestamp":"2026-07-06T19:02:48.718908Z","level":"INFO","fields":{"message":"Initializing Adaptive Concurrency Controller for upload with starting concurrency = 2; min = 1, max = 64, min_bytes_for_adjustment = 20000000, min_completed_transmissions_for_adjustment = 1"},"filename":"/home/runner/work/xet-core/xet-core/xet_client/src/cas_client/adaptive_concurrency/controller.rs","line_number":301}
{"timestamp":"2026-07-06T19:02:48.718912Z","level":"INFO","fields":{"message":"Initializing Adaptive Concurrency Controller for download with starting concurrency = 4; min = 1, max = 64, min_bytes_for_adjustment = 20000000, min_completed_transmissions_for_adjustment = 1"},"filename":"/home/runner/work/xet-core/xet-core/xet_client/src/cas_client/adaptive_concurrency/controller.rs","line_number":301}
{"timestamp":"2026-07-06T19:02:48.718948Z","level":"INFO","fields":{"message":"New file download group, session_id=019f38cf-a863-7bd1-a101-244af751ff2f, group_id=10"},"filename":"/home/runner/work/xet-core/xet-core/xet_pkg/src/xet_session/file_download_group.rs","line_number":61}
{"timestamp":"2026-07-06T19:02:48.719000Z","level":"INFO","fields":{"message":"Download file to path","group_id":"10","dest_path":"\"/home/runner/work/FinAI/FinAI/temp_download/.cache/huggingface/download/checkpoint/HgM_lKo9sdSCfRtVg7MMFS7EKqo=.716ec13e363ec927a345aa1d39bb8ed88a0ce7fadcdef14509b1f2afd64a8bee.9b4b44e9.incomplete\"","hash":"21b36a86e5f8663c44c00025062c78c18c64ae7c86c6d4819e35b034c363125f"},"filename":"/home/runner/work/xet-core/xet-core/xet_pkg/src/xet_session/file_download_group.rs","line_number":287}
{"timestamp":"2026-07-06T19:02:48.719056Z","level":"INFO","fields":{"message":"Reconstructing file to disk","file_hash":"21b36a86e5f8663c44c00025062c78c18c64ae7c86c6d4819e35b034c363125f","byte_range":"None","path":"/home/runner/work/FinAI/FinAI/temp_download/.cache/huggingface/download/checkpoint/HgM_lKo9sdSCfRtVg7MMFS7EKqo=.716ec13e363ec927a345aa1d39bb8ed88a0ce7fadcdef14509b1f2afd64a8bee.9b4b44e9.incomplete","write_offset":"None"},"filename":"/home/runner/work/xet-core/xet-core/xet_data/src/file_reconstruction/file_reconstructor.rs","line_number":121}
{"timestamp":"2026-07-06T19:02:48.719118Z","level":"INFO","fields":{"message":"Scheduling prefetch block","file_hash":"21b36a86e5f8663c44c00025062c78c18c64ae7c86c6d4819e35b034c363125f","prefetch_range":"(0, 256000000)","requested_block_size":256000000,"actual_block_size":256000000,"queue_depth":1},"filename":"/home/runner/work/xet-core/xet-core/xet_data/src/file_reconstruction/reconstruction_terms/manager.rs","line_number":272}
{"timestamp":"2026-07-06T19:02:48.719129Z","level":"INFO","fields":{"message":"Download group finish","group_id":"10"},"filename":"/home/runner/work/xet-core/xet-core/xet_pkg/src/xet_session/file_download_group.rs","line_number":306}
{"timestamp":"2026-07-06T19:02:48.719134Z","level":"INFO","fields":{"message":"Scheduling prefetch block","file_hash":"21b36a86e5f8663c44c00025062c78c18c64ae7c86c6d4819e35b034c363125f","prefetch_range":"(256000000, 768000000)","requested_block_size":512000000,"actual_block_size":512000000,"queue_depth":2},"filename":"/home/runner/work/xet-core/xet-core/xet_data/src/file_reconstruction/reconstruction_terms/manager.rs","line_number":272}
{"timestamp":"2026-07-06T19:02:48.719148Z","level":"INFO","fields":{"message":"Scheduling prefetch block","file_hash":"21b36a86e5f8663c44c00025062c78c18c64ae7c86c6d4819e35b034c363125f","prefetch_range":"(768000000, 1024000000)","requested_block_size":256000000,"actual_block_size":256000000,"queue_depth":3},"filename":"/home/runner/work/xet-core/xet-core/xet_data/src/file_reconstruction/reconstruction_terms/manager.rs","line_number":272}
{"timestamp":"2026-07-06T19:02:48.719163Z","level":"INFO","fields":{"message":"Starting get_reconstruction API call","call_id":8,"file_id":"21b36a86e5f8663c44c00025062c78c18c64ae7c86c6d4819e35b034c363125f","bytes_range":"Some(Range { start: 768000000, end: 1024000000 })","api_version":"v2"},"filename":"/home/runner/work/xet-core/xet-core/xet_client/src/cas_client/remote_client.rs","line_number":210}
{"timestamp":"2026-07-06T19:02:48.719178Z","level":"INFO","fields":{"message":"Retry strategy","max_attempts":5,"base_delay":"3s","no_retry_on_429":false},"filename":"/home/runner/work/xet-core/xet-core/xet_client/src/cas_client/retry_wrapper.rs","line_number":249}
{"timestamp":"2026-07-06T19:02:48.719190Z","level":"INFO","fields":{"message":"Starting get_reconstruction API call","call_id":9,"file_id":"21b36a86e5f8663c44c00025062c78c18c64ae7c86c6d4819e35b034c363125f","bytes_range":"Some(Range { start: 0, end: 256000000 })","api_version":"v2"},"filename":"/home/runner/work/xet-core/xet-core/xet_client/src/cas_client/remote_client.rs","line_number":210}
{"timestamp":"2026-07-06T19:02:48.719202Z","level":"INFO","fields":{"message":"Starting get_reconstruction API call","call_id":10,"file_id":"21b36a86e5f8663c44c00025062c78c18c64ae7c86c6d4819e35b034c363125f","bytes_range":"Some(Range { start: 256000000, end: 768000000 })","api_version":"v2"},"filename":"/home/runner/work/xet-core/xet-core/xet_client/src/cas_client/remote_client.rs","line_number":210}
{"timestamp":"2026-07-06T19:02:48.719204Z","level":"INFO","fields":{"message":"Retry strategy","max_attempts":5,"base_delay":"3s","no_retry_on_429":false},"filename":"/home/runner/work/xet-core/xet-core/xet_client/src/cas_client/retry_wrapper.rs","line_number":249}
{"timestamp":"2026-07-06T19:02:48.719209Z","level":"INFO","fields":{"message":"Retry strategy","max_attempts":5,"base_delay":"3s","no_retry_on_429":false},"filename":"/home/runner/work/xet-core/xet-core/xet_client/src/cas_client/retry_wrapper.rs","line_number":249}
{"timestamp":"2026-07-06T19:02:48.744357Z","level":"INFO","fields":{"message":"Received CAS response","request_id":"01KWWCZHN4K716Y2HS2AN986XJ","status_code":416},"filename":"/home/runner/work/xet-core/xet-core/xet_client/src/common/http_client.rs","line_number":288}
{"timestamp":"2026-07-06T19:02:48.744378Z","level":"INFO","fields":{"message":"Reached end of reconstruction 416 (Range Not Satisfiable): \"cas::get_reconstruction_v2\" api call failed (request id 01KWWCZHN4K716Y2HS2AN986XJ): HTTP status client error (416 Range Not Satisfiable) for url (https://cas-server.xethub.hf.co/v2/reconstructions/21b36a86e5f8663c44c00025062c78c18c64ae7c86c6d4819e35b034c363125f)"},"filename":"/home/runner/work/xet-core/xet-core/xet_client/src/cas_client/retry_wrapper.rs","line_number":162}
{"timestamp":"2026-07-06T19:02:48.758540Z","level":"INFO","fields":{"message":"Received CAS response","request_id":"01KWWCZHN33ZG8Z4G1MH6FAKYJ","status_code":416},"filename":"/home/runner/work/xet-core/xet-core/xet_client/src/common/http_client.rs","line_number":288}
{"timestamp":"2026-07-06T19:02:48.758553Z","level":"INFO","fields":{"message":"Reached end of reconstruction 416 (Range Not Satisfiable): \"cas::get_reconstruction_v2\" api call failed (request id 01KWWCZHN33ZG8Z4G1MH6FAKYJ): HTTP status client error (416 Range Not Satisfiable) for url (https://cas-server.xethub.hf.co/v2/reconstructions/21b36a86e5f8663c44c00025062c78c18c64ae7c86c6d4819e35b034c363125f)"},"filename":"/home/runner/work/xet-core/xet-core/xet_client/src/cas_client/retry_wrapper.rs","line_number":162}
{"timestamp":"2026-07-06T19:02:49.649093Z","level":"INFO","fields":{"message":"Received CAS response","request_id":"01KWWCZHN3JP18ACAA4WZP40D8","status_code":200},"filename":"/home/runner/work/xet-core/xet-core/xet_client/src/common/http_client.rs","line_number":288}
{"timestamp":"2026-07-06T19:02:49.649117Z","level":"INFO","fields":{"message":"Request Success: cas::get_reconstruction_v2 api call succeeded (request id 01KWWCZHN3JP18ACAA4WZP40D8)."},"filename":"/home/runner/work/xet-core/xet-core/xet_client/src/cas_client/retry_wrapper.rs","line_number":210}
{"timestamp":"2026-07-06T19:02:49.649140Z","level":"INFO","fields":{"message":"Completed get_reconstruction API call","call_id":9,"file_id":"21b36a86e5f8663c44c00025062c78c18c64ae7c86c6d4819e35b034c363125f","bytes_range":"Some(Range { start: 0, end: 256000000 })","api_version":"v2"},"filename":"/home/runner/work/xet-core/xet-core/xet_client/src/cas_client/remote_client.rs","line_number":234}
{"timestamp":"2026-07-06T19:02:49.649170Z","level":"INFO","fields":{"message":"Received block of file terms from prefetch queue","file_hash":"21b36a86e5f8663c44c00025062c78c18c64ae7c86c6d4819e35b034c363125f","domain":"transfer.xethub.hf.co","block_start":0,"block_end":11421990,"block_size":1},"filename":"/home/runner/work/xet-core/xet-core/xet_data/src/file_reconstruction/reconstruction_terms/manager.rs","line_number":151}
{"timestamp":"2026-07-06T19:02:49.649199Z","level":"INFO","fields":{"message":"Updated completion rate estimate based on previous block completion time (seconds).","file_hash":"21b36a86e5f8663c44c00025062c78c18c64ae7c86c6d4819e35b034c363125f","block_start":0,"block_end":11421990,"block_size":11421990,"completion_time":0.000028042},"filename":"/home/runner/work/xet-core/xet-core/xet_data/src/file_reconstruction/reconstruction_terms/manager.rs","line_number":104}
{"timestamp":"2026-07-06T19:02:49.649210Z","level":"INFO","fields":{"message":"Completed prefetch queue; end of file reached.","file_hash":"21b36a86e5f8663c44c00025062c78c18c64ae7c86c6d4819e35b034c363125f","prefetched_byte_position":1024000000},"filename":"/home/runner/work/xet-core/xet-core/xet_data/src/file_reconstruction/reconstruction_terms/manager.rs","line_number":178}
{"timestamp":"2026-07-06T19:02:49.649212Z","level":"INFO","fields":{"message":"Retry strategy","max_attempts":5,"base_delay":"3s","no_retry_on_429":false},"filename":"/home/runner/work/xet-core/xet-core/xet_client/src/cas_client/retry_wrapper.rs","line_number":249}
{"timestamp":"2026-07-06T19:02:49.649218Z","level":"INFO","fields":{"message":"All term blocks received and scheduled for writing","file_hash":"21b36a86e5f8663c44c00025062c78c18c64ae7c86c6d4819e35b034c363125f","block_count":1,"total_terms_processed":1,"total_bytes_scheduled":11421990},"filename":"/home/runner/work/xet-core/xet-core/xet_data/src/file_reconstruction/run_state.rs","line_number":150}
{"timestamp":"2026-07-06T19:02:49.696210Z","level":"INFO","fields":{"message":"File reconstruction completed successfully","file_hash":"fb4a6ec36c545df49e4c7366d528b435dd591008f538a45b5c758aa26a3a72d7","block_count":3,"total_terms_processed":17,"total_bytes_scheduled":988097824},"filename":"/home/runner/work/xet-core/xet-core/xet_data/src/file_reconstruction/run_state.rs","line_number":150}
{"timestamp":"2026-07-06T19:02:49.785724Z","level":"INFO","fields":{"message":"Received CAS response","request_id":"","status_code":206},"filename":"/home/runner/work/xet-core/xet-core/xet_client/src/common/http_client.rs","line_number":288}
{"timestamp":"2026-07-06T19:02:49.785745Z","level":"INFO","fields":{"message":"Request Success: s3::get_range api call succeeded (request id )."},"filename":"/home/runner/work/xet-core/xet-core/xet_client/src/cas_client/retry_wrapper.rs","line_number":210}
{"timestamp":"2026-07-06T19:02:49.801073Z","level":"INFO","fields":{"message":"CAS auth disabled","caller":"/home/runner/work/xet-core/xet-core/xet_client/src/common/http_client.rs:166"},"filename":"/home/runner/work/xet-core/xet-core/xet_runtime/src/error_printer/mod.rs","line_number":198}
{"timestamp":"2026-07-06T19:02:49.811798Z","level":"INFO","fields":{"message":"HTTP client configured","idle_timeout":"60s","max_idle_connections":16,"custom_headers":"Some({\"authorization\": \"[REDACTED]\", \"user-agent\": \"unknown/None; hf_hub/1.22.0; python/3.11.15; torch/2.12.1\"})"},"filename":"/home/runner/work/xet-core/xet-core/xet_client/src/common/http_client.rs","line_number":187}
{"timestamp":"2026-07-06T19:02:49.811829Z","level":"INFO","fields":{"message":"Retry strategy","max_attempts":5,"base_delay":"3s","no_retry_on_429":false},"filename":"/home/runner/work/xet-core/xet-core/xet_client/src/cas_client/retry_wrapper.rs","line_number":249}
{"timestamp":"2026-07-06T19:02:49.819312Z","level":"INFO","fields":{"message":"File reconstruction completed successfully","file_hash":"21b36a86e5f8663c44c00025062c78c18c64ae7c86c6d4819e35b034c363125f","block_count":1,"total_terms_processed":1,"total_bytes_scheduled":11421990},"filename":"/home/runner/work/xet-core/xet-core/xet_data/src/file_reconstruction/run_state.rs","line_number":150}
{"timestamp":"2026-07-06T19:02:49.844930Z","level":"INFO","fields":{"message":"Received CAS response","request_id":"Root=1-6a4bfbd9-278994ef0d0975e97c2ef54f","status_code":200},"filename":"/home/runner/work/xet-core/xet-core/xet_client/src/common/http_client.rs","line_number":288}
{"timestamp":"2026-07-06T19:02:49.844951Z","level":"INFO","fields":{"message":"Request Success: xet-token api call succeeded (request id Root=1-6a4bfbd9-278994ef0d0975e97c2ef54f)."},"filename":"/home/runner/work/xet-core/xet-core/xet_client/src/cas_client/retry_wrapper.rs","line_number":210}
{"timestamp":"2026-07-06T19:02:49.845045Z","level":"INFO","fields":{"message":"TranslatorConfig initialized","endpoint":"https://cas-server.xethub.hf.co","session_id":"Some(\"019f38cf-caf5-7eb1-8a81-fe64524486b2\")","shard_cache":"/home/runner/work/FinAI/FinAI/.hf_cache/xet/https___cas_serv-tGqkUaZf_CBPHQ6h/shard-cache","shard_session":"/home/runner/work/FinAI/FinAI/.hf_cache/xet/https___cas_serv-tGqkUaZf_CBPHQ6h/staging/shard-session"},"filename":"/home/runner/work/xet-core/xet-core/xet_data/src/processing/configurations.rs","line_number":115}
{"timestamp":"2026-07-06T19:02:49.850277Z","level":"INFO","fields":{"message":"HTTP client configured","idle_timeout":"60s","max_idle_connections":16,"custom_headers":"Some({\"user-agent\": \"unknown/None; hf_hub/1.22.0; python/3.11.15; torch/2.12.1; hf_xet/1.5.1\"})"},"filename":"/home/runner/work/xet-core/xet-core/xet_client/src/common/http_client.rs","line_number":187}
{"timestamp":"2026-07-06T19:02:49.850292Z","level":"INFO","fields":{"message":"CAS auth disabled","caller":"/home/runner/work/xet-core/xet-core/xet_client/src/common/http_client.rs:166"},"filename":"/home/runner/work/xet-core/xet-core/xet_runtime/src/error_printer/mod.rs","line_number":198}
{"timestamp":"2026-07-06T19:02:49.850296Z","level":"INFO","fields":{"message":"HTTP client configured","idle_timeout":"60s","max_idle_connections":16,"custom_headers":"Some({\"user-agent\": \"unknown/None; hf_hub/1.22.0; python/3.11.15; torch/2.12.1; hf_xet/1.5.1\"})"},"filename":"/home/runner/work/xet-core/xet-core/xet_client/src/common/http_client.rs","line_number":187}
{"timestamp":"2026-07-06T19:02:49.855227Z","level":"INFO","fields":{"message":"No-read-timeout HTTP client configured (for shard uploads)","connect_timeout":"60s"},"filename":"/home/runner/work/xet-core/xet-core/xet_client/src/common/http_client.rs","line_number":136}
{"timestamp":"2026-07-06T19:02:49.855236Z","level":"INFO","fields":{"message":"Initializing Adaptive Concurrency Controller for upload with starting concurrency = 2; min = 1, max = 64, min_bytes_for_adjustment = 20000000, min_completed_transmissions_for_adjustment = 1"},"filename":"/home/runner/work/xet-core/xet-core/xet_client/src/cas_client/adaptive_concurrency/controller.rs","line_number":301}
{"timestamp":"2026-07-06T19:02:49.855240Z","level":"INFO","fields":{"message":"Initializing Adaptive Concurrency Controller for download with starting concurrency = 4; min = 1, max = 64, min_bytes_for_adjustment = 20000000, min_completed_transmissions_for_adjustment = 1"},"filename":"/home/runner/work/xet-core/xet-core/xet_client/src/cas_client/adaptive_concurrency/controller.rs","line_number":301}
{"timestamp":"2026-07-06T19:02:49.855280Z","level":"INFO","fields":{"message":"New file download group, session_id=019f38cf-a863-7bd1-a101-244af751ff2f, group_id=13"},"filename":"/home/runner/work/xet-core/xet-core/xet_pkg/src/xet_session/file_download_group.rs","line_number":61}
{"timestamp":"2026-07-06T19:02:49.855341Z","level":"INFO","fields":{"message":"Download file to path","group_id":"13","dest_path":"\"/home/runner/work/FinAI/FinAI/temp_download/.cache/huggingface/download/checkpoint/BbZQhXbpaYPFp6jbudOhcbSuIqA=.12e77be524437ec579d3fdd6a09cb8232e949f3a465b195f3bf6f6a5e4f8e529.838c6aaf.incomplete\"","hash":"7bf434acf242519f361cc35a8871a2b94093e278a65ecfca5405a039057db69b"},"filename":"/home/runner/work/xet-core/xet-core/xet_pkg/src/xet_session/file_download_group.rs","line_number":287}
{"timestamp":"2026-07-06T19:02:49.855401Z","level":"INFO","fields":{"message":"Reconstructing file to disk","file_hash":"7bf434acf242519f361cc35a8871a2b94093e278a65ecfca5405a039057db69b","byte_range":"None","path":"/home/runner/work/FinAI/FinAI/temp_download/.cache/huggingface/download/checkpoint/BbZQhXbpaYPFp6jbudOhcbSuIqA=.12e77be524437ec579d3fdd6a09cb8232e949f3a465b195f3bf6f6a5e4f8e529.838c6aaf.incomplete","write_offset":"None"},"filename":"/home/runner/work/xet-core/xet-core/xet_data/src/file_reconstruction/file_reconstructor.rs","line_number":121}
{"timestamp":"2026-07-06T19:02:49.855463Z","level":"INFO","fields":{"message":"Scheduling prefetch block","file_hash":"7bf434acf242519f361cc35a8871a2b94093e278a65ecfca5405a039057db69b","prefetch_range":"(0, 256000000)","requested_block_size":256000000,"actual_block_size":256000000,"queue_depth":1},"filename":"/home/runner/work/xet-core/xet-core/xet_data/src/file_reconstruction/reconstruction_terms/manager.rs","line_number":272}
{"timestamp":"2026-07-06T19:02:49.855460Z","level":"INFO","fields":{"message":"Download group finish","group_id":"13"},"filename":"/home/runner/work/xet-core/xet-core/xet_pkg/src/xet_session/file_download_group.rs","line_number":306}
{"timestamp":"2026-07-06T19:02:49.855478Z","level":"INFO","fields":{"message":"Scheduling prefetch block","file_hash":"7bf434acf242519f361cc35a8871a2b94093e278a65ecfca5405a039057db69b","prefetch_range":"(256000000, 768000000)","requested_block_size":512000000,"actual_block_size":512000000,"queue_depth":2},"filename":"/home/runner/work/xet-core/xet-core/xet_data/src/file_reconstruction/reconstruction_terms/manager.rs","line_number":272}
{"timestamp":"2026-07-06T19:02:49.855487Z","level":"INFO","fields":{"message":"Scheduling prefetch block","file_hash":"7bf434acf242519f361cc35a8871a2b94093e278a65ecfca5405a039057db69b","prefetch_range":"(768000000, 1024000000)","requested_block_size":256000000,"actual_block_size":256000000,"queue_depth":3},"filename":"/home/runner/work/xet-core/xet-core/xet_data/src/file_reconstruction/reconstruction_terms/manager.rs","line_number":272}
{"timestamp":"2026-07-06T19:02:49.855502Z","level":"INFO","fields":{"message":"Starting get_reconstruction API call","call_id":11,"file_id":"7bf434acf242519f361cc35a8871a2b94093e278a65ecfca5405a039057db69b","bytes_range":"Some(Range { start: 768000000, end: 1024000000 })","api_version":"v2"},"filename":"/home/runner/work/xet-core/xet-core/xet_client/src/cas_client/remote_client.rs","line_number":210}
{"timestamp":"2026-07-06T19:02:49.855510Z","level":"INFO","fields":{"message":"Retry strategy","max_attempts":5,"base_delay":"3s","no_retry_on_429":false},"filename":"/home/runner/work/xet-core/xet-core/xet_client/src/cas_client/retry_wrapper.rs","line_number":249}
{"timestamp":"2026-07-06T19:02:49.855521Z","level":"INFO","fields":{"message":"Starting get_reconstruction API call","call_id":12,"file_id":"7bf434acf242519f361cc35a8871a2b94093e278a65ecfca5405a039057db69b","bytes_range":"Some(Range { start: 0, end: 256000000 })","api_version":"v2"},"filename":"/home/runner/work/xet-core/xet-core/xet_client/src/cas_client/remote_client.rs","line_number":210}
{"timestamp":"2026-07-06T19:02:49.855531Z","level":"INFO","fields":{"message":"Retry strategy","max_attempts":5,"base_delay":"3s","no_retry_on_429":false},"filename":"/home/runner/work/xet-core/xet-core/xet_client/src/cas_client/retry_wrapper.rs","line_number":249}
{"timestamp":"2026-07-06T19:02:49.855531Z","level":"INFO","fields":{"message":"Starting get_reconstruction API call","call_id":13,"file_id":"7bf434acf242519f361cc35a8871a2b94093e278a65ecfca5405a039057db69b","bytes_range":"Some(Range { start: 256000000, end: 768000000 })","api_version":"v2"},"filename":"/home/runner/work/xet-core/xet-core/xet_client/src/cas_client/remote_client.rs","line_number":210}
{"timestamp":"2026-07-06T19:02:49.855537Z","level":"INFO","fields":{"message":"Retry strategy","max_attempts":5,"base_delay":"3s","no_retry_on_429":false},"filename":"/home/runner/work/xet-core/xet-core/xet_client/src/cas_client/retry_wrapper.rs","line_number":249}
{"timestamp":"2026-07-06T19:02:49.874486Z","level":"INFO","fields":{"message":"Received CAS response","request_id":"01KWWCZJRDHZKFRZR19BTC4N5M","status_code":416},"filename":"/home/runner/work/xet-core/xet-core/xet_client/src/common/http_client.rs","line_number":288}
{"timestamp":"2026-07-06T19:02:49.874517Z","level":"INFO","fields":{"message":"Reached end of reconstruction 416 (Range Not Satisfiable): \"cas::get_reconstruction_v2\" api call failed (request id 01KWWCZJRDHZKFRZR19BTC4N5M): HTTP status client error (416 Range Not Satisfiable) for url (https://cas-server.xethub.hf.co/v2/reconstructions/7bf434acf242519f361cc35a8871a2b94093e278a65ecfca5405a039057db69b)"},"filename":"/home/runner/work/xet-core/xet-core/xet_client/src/cas_client/retry_wrapper.rs","line_number":162}
{"timestamp":"2026-07-06T19:02:49.889699Z","level":"INFO","fields":{"message":"Received CAS response","request_id":"01KWWCZJREKMZYVN29EGPQD31Y","status_code":416},"filename":"/home/runner/work/xet-core/xet-core/xet_client/src/common/http_client.rs","line_number":288}
{"timestamp":"2026-07-06T19:02:49.889722Z","level":"INFO","fields":{"message":"Reached end of reconstruction 416 (Range Not Satisfiable): \"cas::get_reconstruction_v2\" api call failed (request id 01KWWCZJREKMZYVN29EGPQD31Y): HTTP status client error (416 Range Not Satisfiable) for url (https://cas-server.xethub.hf.co/v2/reconstructions/7bf434acf242519f361cc35a8871a2b94093e278a65ecfca5405a039057db69b)"},"filename":"/home/runner/work/xet-core/xet-core/xet_client/src/cas_client/retry_wrapper.rs","line_number":162}
{"timestamp":"2026-07-06T19:02:50.064785Z","level":"INFO","fields":{"message":"Received CAS response","request_id":"01KWWCZJRECF2P993C88CC82AB","status_code":200},"filename":"/home/runner/work/xet-core/xet-core/xet_client/src/common/http_client.rs","line_number":288}
{"timestamp":"2026-07-06T19:02:50.064810Z","level":"INFO","fields":{"message":"Request Success: cas::get_reconstruction_v2 api call succeeded (request id 01KWWCZJRECF2P993C88CC82AB)."},"filename":"/home/runner/work/xet-core/xet-core/xet_client/src/cas_client/retry_wrapper.rs","line_number":210}
{"timestamp":"2026-07-06T19:02:50.064835Z","level":"INFO","fields":{"message":"Completed get_reconstruction API call","call_id":12,"file_id":"7bf434acf242519f361cc35a8871a2b94093e278a65ecfca5405a039057db69b","bytes_range":"Some(Range { start: 0, end: 256000000 })","api_version":"v2"},"filename":"/home/runner/work/xet-core/xet-core/xet_client/src/cas_client/remote_client.rs","line_number":234}
{"timestamp":"2026-07-06T19:02:50.064869Z","level":"INFO","fields":{"message":"Received block of file terms from prefetch queue","file_hash":"7bf434acf242519f361cc35a8871a2b94093e278a65ecfca5405a039057db69b","domain":"us.aws.cdn.hf.co","block_start":0,"block_end":1361,"block_size":1},"filename":"/home/runner/work/xet-core/xet-core/xet_data/src/file_reconstruction/reconstruction_terms/manager.rs","line_number":151}
{"timestamp":"2026-07-06T19:02:50.064912Z","level":"INFO","fields":{"message":"Updated completion rate estimate based on previous block completion time (seconds).","file_hash":"7bf434acf242519f361cc35a8871a2b94093e278a65ecfca5405a039057db69b","block_start":0,"block_end":1361,"block_size":1361,"completion_time":0.000042329},"filename":"/home/runner/work/xet-core/xet-core/xet_data/src/file_reconstruction/reconstruction_terms/manager.rs","line_number":104}
{"timestamp":"2026-07-06T19:02:50.064921Z","level":"INFO","fields":{"message":"Completed prefetch queue; end of file reached.","file_hash":"7bf434acf242519f361cc35a8871a2b94093e278a65ecfca5405a039057db69b","prefetched_byte_position":1024000000},"filename":"/home/runner/work/xet-core/xet-core/xet_data/src/file_reconstruction/reconstruction_terms/manager.rs","line_number":178}
{"timestamp":"2026-07-06T19:02:50.064937Z","level":"INFO","fields":{"message":"Retry strategy","max_attempts":5,"base_delay":"3s","no_retry_on_429":false},"filename":"/home/runner/work/xet-core/xet-core/xet_client/src/cas_client/retry_wrapper.rs","line_number":249}
{"timestamp":"2026-07-06T19:02:50.064925Z","level":"INFO","fields":{"message":"All term blocks received and scheduled for writing","file_hash":"7bf434acf242519f361cc35a8871a2b94093e278a65ecfca5405a039057db69b","block_count":1,"total_terms_processed":1,"total_bytes_scheduled":1361},"filename":"/home/runner/work/xet-core/xet-core/xet_data/src/file_reconstruction/run_state.rs","line_number":150}
{"timestamp":"2026-07-06T19:02:50.227463Z","level":"INFO","fields":{"message":"Received CAS response","request_id":"01KWWCZJYXYHF1N8G7EFFC3SEV","status_code":206},"filename":"/home/runner/work/xet-core/xet-core/xet_client/src/common/http_client.rs","line_number":288}
{"timestamp":"2026-07-06T19:02:50.227478Z","level":"INFO","fields":{"message":"Request Success: s3::get_range api call succeeded (request id 01KWWCZJYXYHF1N8G7EFFC3SEV)."},"filename":"/home/runner/work/xet-core/xet-core/xet_client/src/cas_client/retry_wrapper.rs","line_number":210}
{"timestamp":"2026-07-06T19:02:50.227697Z","level":"INFO","fields":{"message":"File reconstruction completed successfully","file_hash":"7bf434acf242519f361cc35a8871a2b94093e278a65ecfca5405a039057db69b","block_count":1,"total_terms_processed":1,"total_bytes_scheduled":1361},"filename":"/home/runner/work/xet-core/xet-core/xet_data/src/file_reconstruction/run_state.rs","line_number":150}
