{"timestamp":"2026-06-12T23:27:21.087131Z","level":"INFO","fields":{"message":"python/3.11.15; huggingface_hub/1.19.0; hf_xet/1.5.1; , xet-core revision 9dc8c18"},"filename":"/home/runner/work/xet-core/xet-core/xet_runtime/src/logging/init.rs","line_number":65}
{"timestamp":"2026-06-12T23:27:21.087203Z","level":"INFO","fields":{"message":"hf_xet logging configured."},"filename":"src/logging.rs","line_number":36}
{"timestamp":"2026-06-12T23:27:21.087262Z","level":"INFO","fields":{"message":"starting log cleanup in \"/home/runner/work/FinAI/FinAI/.hf_cache/xet/logs\" (min_age=86400s, max_retention=1209600s, max_size=250MB bytes)"},"filename":"/home/runner/work/xet-core/xet-core/xet_runtime/src/logging/init.rs","line_number":241}
{"timestamp":"2026-06-12T23:27:21.087316Z","level":"INFO","fields":{"message":"Config: min_spacing_between_global_dedup_queries = 256 (default)"},"filename":"/home/runner/work/xet-core/xet-core/xet_runtime/src/utils/configuration_utils.rs","line_number":53}
{"timestamp":"2026-06-12T23:27:21.087320Z","level":"INFO","fields":{"message":"Config: local_cas_scheme = \"local://\" (default)"},"filename":"/home/runner/work/xet-core/xet-core/xet_runtime/src/utils/configuration_utils.rs","line_number":53}
{"timestamp":"2026-06-12T23:27:21.087325Z","level":"INFO","fields":{"message":"Config: max_concurrent_file_ingestion = 8 (default)"},"filename":"/home/runner/work/xet-core/xet-core/xet_runtime/src/utils/configuration_utils.rs","line_number":53}
{"timestamp":"2026-06-12T23:27:21.087328Z","level":"INFO","fields":{"message":"Config: max_concurrent_file_downloads = 8 (default)"},"filename":"/home/runner/work/xet-core/xet-core/xet_runtime/src/utils/configuration_utils.rs","line_number":53}
{"timestamp":"2026-06-12T23:27:21.087331Z","level":"INFO","fields":{"message":"Config: ingestion_block_size = 8MB (default)"},"filename":"/home/runner/work/xet-core/xet-core/xet_runtime/src/utils/configuration_utils.rs","line_number":53}
{"timestamp":"2026-06-12T23:27:21.087334Z","level":"INFO","fields":{"message":"Config: progress_update_interval = 200ms (default)"},"filename":"/home/runner/work/xet-core/xet-core/xet_runtime/src/utils/configuration_utils.rs","line_number":53}
{"timestamp":"2026-06-12T23:27:21.087338Z","level":"INFO","fields":{"message":"Config: progress_update_speed_sampling_window = 10s (default)"},"filename":"/home/runner/work/xet-core/xet-core/xet_runtime/src/utils/configuration_utils.rs","line_number":53}
{"timestamp":"2026-06-12T23:27:21.087341Z","level":"INFO","fields":{"message":"Config: progress_update_speed_min_observations = 4 (default)"},"filename":"/home/runner/work/xet-core/xet-core/xet_runtime/src/utils/configuration_utils.rs","line_number":53}
{"timestamp":"2026-06-12T23:27:21.087344Z","level":"INFO","fields":{"message":"Config: session_xorb_metadata_flush_interval = 20s (default)"},"filename":"/home/runner/work/xet-core/xet-core/xet_runtime/src/utils/configuration_utils.rs","line_number":53}
{"timestamp":"2026-06-12T23:27:21.087348Z","level":"INFO","fields":{"message":"Config: session_xorb_metadata_flush_max_count = 64 (default)"},"filename":"/home/runner/work/xet-core/xet-core/xet_runtime/src/utils/configuration_utils.rs","line_number":53}
{"timestamp":"2026-06-12T23:27:21.087350Z","level":"INFO","fields":{"message":"Config: default_cas_endpoint = \"http://localhost:8080\" (default)"},"filename":"/home/runner/work/xet-core/xet-core/xet_runtime/src/utils/configuration_utils.rs","line_number":53}
{"timestamp":"2026-06-12T23:27:21.087354Z","level":"INFO","fields":{"message":"Config: aggregate_progress = true (default)"},"filename":"/home/runner/work/xet-core/xet-core/xet_runtime/src/utils/configuration_utils.rs","line_number":53}
{"timestamp":"2026-06-12T23:27:21.087357Z","level":"INFO","fields":{"message":"Config: default_prefix = \"default\" (default)"},"filename":"/home/runner/work/xet-core/xet-core/xet_runtime/src/utils/configuration_utils.rs","line_number":53}
{"timestamp":"2026-06-12T23:27:21.087360Z","level":"INFO","fields":{"message":"Config: staging_subdir = \"staging\" (default)"},"filename":"/home/runner/work/xet-core/xet-core/xet_runtime/src/utils/configuration_utils.rs","line_number":53}
{"timestamp":"2026-06-12T23:27:21.087364Z","level":"INFO","fields":{"message":"Config: target_size = 67108864 (default)"},"filename":"/home/runner/work/xet-core/xet-core/xet_runtime/src/utils/configuration_utils.rs","line_number":53}
{"timestamp":"2026-06-12T23:27:21.087367Z","level":"INFO","fields":{"message":"Config: max_target_size = 67108864 (default)"},"filename":"/home/runner/work/xet-core/xet-core/xet_runtime/src/utils/configuration_utils.rs","line_number":53}
{"timestamp":"2026-06-12T23:27:21.087371Z","level":"INFO","fields":{"message":"Config: cache_size_limit = 16GB (default)"},"filename":"/home/runner/work/xet-core/xet-core/xet_runtime/src/utils/configuration_utils.rs","line_number":53}
{"timestamp":"2026-06-12T23:27:21.087374Z","level":"INFO","fields":{"message":"Config: chunk_index_table_max_size = 67108864 (default)"},"filename":"/home/runner/work/xet-core/xet-core/xet_runtime/src/utils/configuration_utils.rs","line_number":53}
{"timestamp":"2026-06-12T23:27:21.087379Z","level":"INFO","fields":{"message":"Config: cache_subdir = \"shard-cache\" (default)"},"filename":"/home/runner/work/xet-core/xet-core/xet_runtime/src/utils/configuration_utils.rs","line_number":53}
{"timestamp":"2026-06-12T23:27:21.087382Z","level":"INFO","fields":{"message":"Config: nranges_in_streaming_fragmentation_estimator = 128 (default)"},"filename":"/home/runner/work/xet-core/xet-core/xet_runtime/src/utils/configuration_utils.rs","line_number":53}
{"timestamp":"2026-06-12T23:27:21.087385Z","level":"INFO","fields":{"message":"Config: min_n_chunks_per_range_hysteresis_factor = 0.5 (default)"},"filename":"/home/runner/work/xet-core/xet-core/xet_runtime/src/utils/configuration_utils.rs","line_number":53}
{"timestamp":"2026-06-12T23:27:21.087389Z","level":"INFO","fields":{"message":"Config: min_n_chunks_per_range = 8.0 (default)"},"filename":"/home/runner/work/xet-core/xet-core/xet_runtime/src/utils/configuration_utils.rs","line_number":53}
{"timestamp":"2026-06-12T23:27:21.087392Z","level":"INFO","fields":{"message":"Config: global_dedup_query_enabled = true (default)"},"filename":"/home/runner/work/xet-core/xet-core/xet_runtime/src/utils/configuration_utils.rs","line_number":53}
{"timestamp":"2026-06-12T23:27:21.087395Z","level":"INFO","fields":{"message":"Config: size_bytes = 0 (default)"},"filename":"/home/runner/work/xet-core/xet-core/xet_runtime/src/utils/configuration_utils.rs","line_number":53}
{"timestamp":"2026-06-12T23:27:21.087398Z","level":"INFO","fields":{"message":"Config: retry_max_attempts = 5 (default)"},"filename":"/home/runner/work/xet-core/xet-core/xet_runtime/src/utils/configuration_utils.rs","line_number":53}
{"timestamp":"2026-06-12T23:27:21.087400Z","level":"INFO","fields":{"message":"Config: retry_base_delay = 3s (default)"},"filename":"/home/runner/work/xet-core/xet-core/xet_runtime/src/utils/configuration_utils.rs","line_number":53}
{"timestamp":"2026-06-12T23:27:21.087403Z","level":"INFO","fields":{"message":"Config: retry_max_duration = 360s (default)"},"filename":"/home/runner/work/xet-core/xet-core/xet_runtime/src/utils/configuration_utils.rs","line_number":53}
{"timestamp":"2026-06-12T23:27:21.087406Z","level":"INFO","fields":{"message":"Config: idle_connection_timeout = 60s (default)"},"filename":"/home/runner/work/xet-core/xet-core/xet_runtime/src/utils/configuration_utils.rs","line_number":53}
{"timestamp":"2026-06-12T23:27:21.087409Z","level":"INFO","fields":{"message":"Config: max_idle_connections = 16 (default)"},"filename":"/home/runner/work/xet-core/xet-core/xet_runtime/src/utils/configuration_utils.rs","line_number":53}
{"timestamp":"2026-06-12T23:27:21.087412Z","level":"INFO","fields":{"message":"Config: connect_timeout = 60s (default)"},"filename":"/home/runner/work/xet-core/xet-core/xet_runtime/src/utils/configuration_utils.rs","line_number":53}
{"timestamp":"2026-06-12T23:27:21.087414Z","level":"INFO","fields":{"message":"Config: read_timeout = 300s (default)"},"filename":"/home/runner/work/xet-core/xet-core/xet_runtime/src/utils/configuration_utils.rs","line_number":53}
{"timestamp":"2026-06-12T23:27:21.087417Z","level":"INFO","fields":{"message":"Config: upload_reporting_block_size = 524288 (default)"},"filename":"/home/runner/work/xet-core/xet-core/xet_runtime/src/utils/configuration_utils.rs","line_number":53}
{"timestamp":"2026-06-12T23:27:21.087420Z","level":"INFO","fields":{"message":"Config: enable_adaptive_concurrency = true (default)"},"filename":"/home/runner/work/xet-core/xet-core/xet_runtime/src/utils/configuration_utils.rs","line_number":53}
{"timestamp":"2026-06-12T23:27:21.087423Z","level":"INFO","fields":{"message":"Config: ac_min_adjustment_window_ms = 500 (default)"},"filename":"/home/runner/work/xet-core/xet-core/xet_runtime/src/utils/configuration_utils.rs","line_number":53}
{"timestamp":"2026-06-12T23:27:21.087426Z","level":"INFO","fields":{"message":"Config: ac_min_bytes_required_for_adjustment = 20MB (default)"},"filename":"/home/runner/work/xet-core/xet-core/xet_runtime/src/utils/configuration_utils.rs","line_number":53}
{"timestamp":"2026-06-12T23:27:21.087429Z","level":"INFO","fields":{"message":"Config: ac_num_transmissions_required_for_adjustment = 1 (default)"},"filename":"/home/runner/work/xet-core/xet-core/xet_runtime/src/utils/configuration_utils.rs","line_number":53}
{"timestamp":"2026-06-12T23:27:21.087431Z","level":"INFO","fields":{"message":"Config: ac_latency_rtt_half_life = 64.0 (default)"},"filename":"/home/runner/work/xet-core/xet-core/xet_runtime/src/utils/configuration_utils.rs","line_number":53}
{"timestamp":"2026-06-12T23:27:21.087435Z","level":"INFO","fields":{"message":"Config: ac_success_tracking_half_life = 8.0 (default)"},"filename":"/home/runner/work/xet-core/xet-core/xet_runtime/src/utils/configuration_utils.rs","line_number":53}
{"timestamp":"2026-06-12T23:27:21.087438Z","level":"INFO","fields":{"message":"Config: ac_target_rtt = 60s (default)"},"filename":"/home/runner/work/xet-core/xet-core/xet_runtime/src/utils/configuration_utils.rs","line_number":53}
{"timestamp":"2026-06-12T23:27:21.087441Z","level":"INFO","fields":{"message":"Config: ac_max_healthy_rtt = 90s (default)"},"filename":"/home/runner/work/xet-core/xet-core/xet_runtime/src/utils/configuration_utils.rs","line_number":53}
{"timestamp":"2026-06-12T23:27:21.087444Z","level":"INFO","fields":{"message":"Config: ac_rtt_success_max_quantile = 0.95 (default)"},"filename":"/home/runner/work/xet-core/xet-core/xet_runtime/src/utils/configuration_utils.rs","line_number":53}
{"timestamp":"2026-06-12T23:27:21.087447Z","level":"INFO","fields":{"message":"Config: ac_healthy_success_ratio_threshold = 0.8 (default)"},"filename":"/home/runner/work/xet-core/xet-core/xet_runtime/src/utils/configuration_utils.rs","line_number":53}
{"timestamp":"2026-06-12T23:27:21.087449Z","level":"INFO","fields":{"message":"Config: ac_unhealthy_success_ratio_threshold = 0.5 (default)"},"filename":"/home/runner/work/xet-core/xet-core/xet_runtime/src/utils/configuration_utils.rs","line_number":53}
{"timestamp":"2026-06-12T23:27:21.087452Z","level":"INFO","fields":{"message":"Config: ac_max_reference_transmission_size = 64MB (default)"},"filename":"/home/runner/work/xet-core/xet-core/xet_runtime/src/utils/configuration_utils.rs","line_number":53}
{"timestamp":"2026-06-12T23:27:21.087455Z","level":"INFO","fields":{"message":"Config: ac_min_reference_transmission_size = 1MB (default)"},"filename":"/home/runner/work/xet-core/xet-core/xet_runtime/src/utils/configuration_utils.rs","line_number":53}
{"timestamp":"2026-06-12T23:27:21.087458Z","level":"INFO","fields":{"message":"Config: ac_logging_interval_ms = 10000 (default)"},"filename":"/home/runner/work/xet-core/xet-core/xet_runtime/src/utils/configuration_utils.rs","line_number":53}
{"timestamp":"2026-06-12T23:27:21.087461Z","level":"INFO","fields":{"message":"Config: ac_max_upload_concurrency = 64 (default)"},"filename":"/home/runner/work/xet-core/xet-core/xet_runtime/src/utils/configuration_utils.rs","line_number":53}
{"timestamp":"2026-06-12T23:27:21.087464Z","level":"INFO","fields":{"message":"Config: ac_min_upload_concurrency = 1 (default)"},"filename":"/home/runner/work/xet-core/xet-core/xet_runtime/src/utils/configuration_utils.rs","line_number":53}
{"timestamp":"2026-06-12T23:27:21.087467Z","level":"INFO","fields":{"message":"Config: ac_initial_upload_concurrency = 2 (default)"},"filename":"/home/runner/work/xet-core/xet-core/xet_runtime/src/utils/configuration_utils.rs","line_number":53}
{"timestamp":"2026-06-12T23:27:21.087470Z","level":"INFO","fields":{"message":"Config: ac_max_download_concurrency = 64 (default)"},"filename":"/home/runner/work/xet-core/xet-core/xet_runtime/src/utils/configuration_utils.rs","line_number":53}
{"timestamp":"2026-06-12T23:27:21.087473Z","level":"INFO","fields":{"message":"Config: ac_min_download_concurrency = 1 (default)"},"filename":"/home/runner/work/xet-core/xet-core/xet_runtime/src/utils/configuration_utils.rs","line_number":53}
{"timestamp":"2026-06-12T23:27:21.087476Z","level":"INFO","fields":{"message":"Config: ac_initial_download_concurrency = 4 (default)"},"filename":"/home/runner/work/xet-core/xet-core/xet_runtime/src/utils/configuration_utils.rs","line_number":53}
{"timestamp":"2026-06-12T23:27:21.087479Z","level":"INFO","fields":{"message":"Config: unix_socket_path = None (default)"},"filename":"/home/runner/work/xet-core/xet-core/xet_runtime/src/utils/configuration_utils.rs","line_number":53}
{"timestamp":"2026-06-12T23:27:21.087481Z","level":"INFO","fields":{"message":"Config: reconstruction_api_version = None (default)"},"filename":"/home/runner/work/xet-core/xet-core/xet_runtime/src/utils/configuration_utils.rs","line_number":53}
{"timestamp":"2026-06-12T23:27:21.087484Z","level":"INFO","fields":{"message":"Config: enable_multirange_fetching = false (default)"},"filename":"/home/runner/work/xet-core/xet-core/xet_runtime/src/utils/configuration_utils.rs","line_number":53}
{"timestamp":"2026-06-12T23:27:21.087486Z","level":"INFO","fields":{"message":"Config: dest = None (default)"},"filename":"/home/runner/work/xet-core/xet-core/xet_runtime/src/utils/configuration_utils.rs","line_number":53}
{"timestamp":"2026-06-12T23:27:21.087489Z","level":"INFO","fields":{"message":"Config: format = None (default)"},"filename":"/home/runner/work/xet-core/xet-core/xet_runtime/src/utils/configuration_utils.rs","line_number":53}
{"timestamp":"2026-06-12T23:27:21.087491Z","level":"INFO","fields":{"message":"Config: prefix = \"xet\" (default)"},"filename":"/home/runner/work/xet-core/xet-core/xet_runtime/src/utils/configuration_utils.rs","line_number":53}
{"timestamp":"2026-06-12T23:27:21.087494Z","level":"INFO","fields":{"message":"Config: dir_disable_cleanup = false (default)"},"filename":"/home/runner/work/xet-core/xet-core/xet_runtime/src/utils/configuration_utils.rs","line_number":53}
{"timestamp":"2026-06-12T23:27:21.087497Z","level":"INFO","fields":{"message":"Config: dir_max_size = 250MB (default)"},"filename":"/home/runner/work/xet-core/xet-core/xet_runtime/src/utils/configuration_utils.rs","line_number":53}
{"timestamp":"2026-06-12T23:27:21.087499Z","level":"INFO","fields":{"message":"Config: dir_min_deletion_age = 86400s (default)"},"filename":"/home/runner/work/xet-core/xet-core/xet_runtime/src/utils/configuration_utils.rs","line_number":53}
{"timestamp":"2026-06-12T23:27:21.087502Z","level":"INFO","fields":{"message":"Config: dir_max_retention_age = 1209600s (default)"},"filename":"/home/runner/work/xet-core/xet-core/xet_runtime/src/utils/configuration_utils.rs","line_number":53}
{"timestamp":"2026-06-12T23:27:21.087505Z","level":"INFO","fields":{"message":"Config: min_reconstruction_fetch_size = 256MB (default)"},"filename":"/home/runner/work/xet-core/xet-core/xet_runtime/src/utils/configuration_utils.rs","line_number":53}
{"timestamp":"2026-06-12T23:27:21.087508Z","level":"INFO","fields":{"message":"Config: max_reconstruction_fetch_size = 8GB (default)"},"filename":"/home/runner/work/xet-core/xet-core/xet_runtime/src/utils/configuration_utils.rs","line_number":53}
{"timestamp":"2026-06-12T23:27:21.087511Z","level":"INFO","fields":{"message":"Config: download_buffer_size = 2GB (default)"},"filename":"/home/runner/work/xet-core/xet-core/xet_runtime/src/utils/configuration_utils.rs","line_number":53}
{"timestamp":"2026-06-12T23:27:21.087514Z","level":"INFO","fields":{"message":"Config: download_buffer_perfile_size = 512MB (default)"},"filename":"/home/runner/work/xet-core/xet-core/xet_runtime/src/utils/configuration_utils.rs","line_number":53}
{"timestamp":"2026-06-12T23:27:21.087517Z","level":"INFO","fields":{"message":"Config: download_buffer_limit = 8GB (default)"},"filename":"/home/runner/work/xet-core/xet-core/xet_runtime/src/utils/configuration_utils.rs","line_number":53}
{"timestamp":"2026-06-12T23:27:21.087520Z","level":"INFO","fields":{"message":"Config: completion_rate_estimator_half_life = 4.0 (default)"},"filename":"/home/runner/work/xet-core/xet-core/xet_runtime/src/utils/configuration_utils.rs","line_number":53}
{"timestamp":"2026-06-12T23:27:21.087524Z","level":"INFO","fields":{"message":"Config: target_block_completion_time = 900s (default)"},"filename":"/home/runner/work/xet-core/xet-core/xet_runtime/src/utils/configuration_utils.rs","line_number":53}
{"timestamp":"2026-06-12T23:27:21.087527Z","level":"INFO","fields":{"message":"Config: min_prefetch_buffer = 1GB (default)"},"filename":"/home/runner/work/xet-core/xet-core/xet_runtime/src/utils/configuration_utils.rs","line_number":53}
{"timestamp":"2026-06-12T23:27:21.087529Z","level":"INFO","fields":{"message":"Config: use_vectored_write = true (default)"},"filename":"/home/runner/work/xet-core/xet-core/xet_runtime/src/utils/configuration_utils.rs","line_number":53}
{"timestamp":"2026-06-12T23:27:21.087532Z","level":"INFO","fields":{"message":"Config: compression_scheme_retest_interval = 32 (default)"},"filename":"/home/runner/work/xet-core/xet-core/xet_runtime/src/utils/configuration_utils.rs","line_number":53}
{"timestamp":"2026-06-12T23:27:21.087537Z","level":"INFO","fields":{"message":"Config: compression_policy = \"auto\" (default)"},"filename":"/home/runner/work/xet-core/xet-core/xet_runtime/src/utils/config_enum.rs","line_number":174}
{"timestamp":"2026-06-12T23:27:21.087540Z","level":"INFO","fields":{"message":"Config: simulation_max_bytes = None (default)"},"filename":"/home/runner/work/xet-core/xet-core/xet_runtime/src/utils/configuration_utils.rs","line_number":53}
{"timestamp":"2026-06-12T23:27:21.087543Z","level":"INFO","fields":{"message":"Config: simulation_max_chunks = None (default)"},"filename":"/home/runner/work/xet-core/xet-core/xet_runtime/src/utils/configuration_utils.rs","line_number":53}
{"timestamp":"2026-06-12T23:27:21.087549Z","level":"INFO","fields":{"message":"Config: dir_name = \"shard-session\" (default)"},"filename":"/home/runner/work/xet-core/xet-core/xet_runtime/src/utils/configuration_utils.rs","line_number":53}
{"timestamp":"2026-06-12T23:27:21.087552Z","level":"INFO","fields":{"message":"Config: enabled = false (default)"},"filename":"/home/runner/work/xet-core/xet-core/xet_runtime/src/utils/configuration_utils.rs","line_number":53}
{"timestamp":"2026-06-12T23:27:21.087555Z","level":"INFO","fields":{"message":"Config: sample_interval = 5s (default)"},"filename":"/home/runner/work/xet-core/xet-core/xet_runtime/src/utils/configuration_utils.rs","line_number":53}
{"timestamp":"2026-06-12T23:27:21.087558Z","level":"INFO","fields":{"message":"Config: log_path = None (default)"},"filename":"/home/runner/work/xet-core/xet-core/xet_runtime/src/utils/configuration_utils.rs","line_number":53}
{"timestamp":"2026-06-12T23:27:21.087651Z","level":"INFO","fields":{"message":"Using 4 async threads for tokio runtime"},"filename":"/home/runner/work/xet-core/xet-core/xet_runtime/src/core/runtime.rs","line_number":70}
{"timestamp":"2026-06-12T23:27:21.087894Z","level":"INFO","fields":{"message":"Session created, session_id=019ebe29-57ff-7742-b299-d4c0807b3222"},"filename":"/home/runner/work/xet-core/xet-core/xet_pkg/src/xet_session/session.rs","line_number":183}
{"timestamp":"2026-06-12T23:27:21.088010Z","level":"INFO","fields":{"message":"CAS auth disabled","caller":"/home/runner/work/xet-core/xet-core/xet_client/src/common/http_client.rs:166"},"filename":"/home/runner/work/xet-core/xet-core/xet_runtime/src/error_printer/mod.rs","line_number":198}
{"timestamp":"2026-06-12T23:27:21.121910Z","level":"INFO","fields":{"message":"Log Directory Cleanup: found 14.461MB of logs in 109 log files, with 12.607MB in 94 files eligible for deletion."},"filename":"/home/runner/work/xet-core/xet-core/xet_runtime/src/logging/init.rs","line_number":319}
{"timestamp":"2026-06-12T23:27:21.121927Z","level":"INFO","fields":{"message":"Log Directory Cleanup: deleted 0B in 94 files"},"filename":"/home/runner/work/xet-core/xet-core/xet_runtime/src/logging/init.rs","line_number":383}
{"timestamp":"2026-06-12T23:27:21.146271Z","level":"INFO","fields":{"message":"HTTP client configured","idle_timeout":"60s","max_idle_connections":16,"custom_headers":"Some({\"authorization\": \"[REDACTED]\", \"user-agent\": \"unknown/None; hf_hub/1.19.0; python/3.11.15; torch/2.12.0\"})"},"filename":"/home/runner/work/xet-core/xet-core/xet_client/src/common/http_client.rs","line_number":187}
{"timestamp":"2026-06-12T23:27:21.146297Z","level":"INFO","fields":{"message":"Retry strategy","max_attempts":5,"base_delay":"3s","no_retry_on_429":false},"filename":"/home/runner/work/xet-core/xet-core/xet_client/src/cas_client/retry_wrapper.rs","line_number":249}
{"timestamp":"2026-06-12T23:27:21.229723Z","level":"INFO","fields":{"message":"Received CAS response","request_id":"Root=1-6a2c95d9-4a0aed705f1f6e451b43719e","status_code":200},"filename":"/home/runner/work/xet-core/xet-core/xet_client/src/common/http_client.rs","line_number":288}
{"timestamp":"2026-06-12T23:27:21.229747Z","level":"INFO","fields":{"message":"Request Success: xet-token api call succeeded (request id Root=1-6a2c95d9-4a0aed705f1f6e451b43719e)."},"filename":"/home/runner/work/xet-core/xet-core/xet_client/src/cas_client/retry_wrapper.rs","line_number":210}
{"timestamp":"2026-06-12T23:27:21.229818Z","level":"INFO","fields":{"message":"TranslatorConfig initialized","endpoint":"https://cas-server.xethub.hf.co","session_id":"Some(\"019ebe29-588d-74f3-96e3-02a7f5c1c971\")","shard_cache":"/home/runner/work/FinAI/FinAI/.hf_cache/xet/https___cas_serv-tGqkUaZf_CBPHQ6h/shard-cache","shard_session":"/home/runner/work/FinAI/FinAI/.hf_cache/xet/https___cas_serv-tGqkUaZf_CBPHQ6h/staging/shard-session"},"filename":"/home/runner/work/xet-core/xet-core/xet_data/src/processing/configurations.rs","line_number":115}
{"timestamp":"2026-06-12T23:27:21.236894Z","level":"INFO","fields":{"message":"HTTP client configured","idle_timeout":"60s","max_idle_connections":16,"custom_headers":"Some({\"user-agent\": \"unknown/None; hf_hub/1.19.0; python/3.11.15; torch/2.12.0; hf_xet/1.5.1\"})"},"filename":"/home/runner/work/xet-core/xet-core/xet_client/src/common/http_client.rs","line_number":187}
{"timestamp":"2026-06-12T23:27:21.236911Z","level":"INFO","fields":{"message":"CAS auth disabled","caller":"/home/runner/work/xet-core/xet-core/xet_client/src/common/http_client.rs:166"},"filename":"/home/runner/work/xet-core/xet-core/xet_runtime/src/error_printer/mod.rs","line_number":198}
{"timestamp":"2026-06-12T23:27:21.236916Z","level":"INFO","fields":{"message":"HTTP client configured","idle_timeout":"60s","max_idle_connections":16,"custom_headers":"Some({\"user-agent\": \"unknown/None; hf_hub/1.19.0; python/3.11.15; torch/2.12.0; hf_xet/1.5.1\"})"},"filename":"/home/runner/work/xet-core/xet-core/xet_client/src/common/http_client.rs","line_number":187}
{"timestamp":"2026-06-12T23:27:21.243224Z","level":"INFO","fields":{"message":"No-read-timeout HTTP client configured (for shard uploads)","connect_timeout":"60s"},"filename":"/home/runner/work/xet-core/xet-core/xet_client/src/common/http_client.rs","line_number":136}
{"timestamp":"2026-06-12T23:27:21.243234Z","level":"INFO","fields":{"message":"Initializing Adaptive Concurrency Controller for upload with starting concurrency = 2; min = 1, max = 64, min_bytes_for_adjustment = 20000000, min_completed_transmissions_for_adjustment = 1"},"filename":"/home/runner/work/xet-core/xet-core/xet_client/src/cas_client/adaptive_concurrency/controller.rs","line_number":301}
{"timestamp":"2026-06-12T23:27:21.243239Z","level":"INFO","fields":{"message":"Initializing Adaptive Concurrency Controller for download with starting concurrency = 4; min = 1, max = 64, min_bytes_for_adjustment = 20000000, min_completed_transmissions_for_adjustment = 1"},"filename":"/home/runner/work/xet-core/xet-core/xet_client/src/cas_client/adaptive_concurrency/controller.rs","line_number":301}
{"timestamp":"2026-06-12T23:27:21.243282Z","level":"INFO","fields":{"message":"New file download group, session_id=019ebe29-57ff-7742-b299-d4c0807b3222, group_id=1"},"filename":"/home/runner/work/xet-core/xet-core/xet_pkg/src/xet_session/file_download_group.rs","line_number":61}
{"timestamp":"2026-06-12T23:27:21.243402Z","level":"INFO","fields":{"message":"Download file to path","group_id":"1","dest_path":"\"/home/runner/work/FinAI/FinAI/temp_download/.cache/huggingface/download/checkpoint/rNddXgFQCB-xZSeXgBkzweEA8Qg=.b9297ffc96fd7728b1b703f8fc86709bc72bff48adb015b96fed75714ce32bf6.de22603b.incomplete\"","hash":"e1a275e609cbe29ade2d09d54fbc6171b32f07278c487e04a180ef89ba600c65"},"filename":"/home/runner/work/xet-core/xet-core/xet_pkg/src/xet_session/file_download_group.rs","line_number":287}
{"timestamp":"2026-06-12T23:27:21.243484Z","level":"INFO","fields":{"message":"Reconstructing file to disk","file_hash":"e1a275e609cbe29ade2d09d54fbc6171b32f07278c487e04a180ef89ba600c65","byte_range":"None","path":"/home/runner/work/FinAI/FinAI/temp_download/.cache/huggingface/download/checkpoint/rNddXgFQCB-xZSeXgBkzweEA8Qg=.b9297ffc96fd7728b1b703f8fc86709bc72bff48adb015b96fed75714ce32bf6.de22603b.incomplete","write_offset":"None"},"filename":"/home/runner/work/xet-core/xet-core/xet_data/src/file_reconstruction/file_reconstructor.rs","line_number":121}
{"timestamp":"2026-06-12T23:27:21.243550Z","level":"INFO","fields":{"message":"Scheduling prefetch block","file_hash":"e1a275e609cbe29ade2d09d54fbc6171b32f07278c487e04a180ef89ba600c65","prefetch_range":"(0, 256000000)","requested_block_size":256000000,"actual_block_size":256000000,"queue_depth":1},"filename":"/home/runner/work/xet-core/xet-core/xet_data/src/file_reconstruction/reconstruction_terms/manager.rs","line_number":272}
{"timestamp":"2026-06-12T23:27:21.243566Z","level":"INFO","fields":{"message":"Scheduling prefetch block","file_hash":"e1a275e609cbe29ade2d09d54fbc6171b32f07278c487e04a180ef89ba600c65","prefetch_range":"(256000000, 768000000)","requested_block_size":512000000,"actual_block_size":512000000,"queue_depth":2},"filename":"/home/runner/work/xet-core/xet-core/xet_data/src/file_reconstruction/reconstruction_terms/manager.rs","line_number":272}
{"timestamp":"2026-06-12T23:27:21.243582Z","level":"INFO","fields":{"message":"Scheduling prefetch block","file_hash":"e1a275e609cbe29ade2d09d54fbc6171b32f07278c487e04a180ef89ba600c65","prefetch_range":"(768000000, 1024000000)","requested_block_size":256000000,"actual_block_size":256000000,"queue_depth":3},"filename":"/home/runner/work/xet-core/xet-core/xet_data/src/file_reconstruction/reconstruction_terms/manager.rs","line_number":272}
{"timestamp":"2026-06-12T23:27:21.243592Z","level":"INFO","fields":{"message":"Download group finish","group_id":"1"},"filename":"/home/runner/work/xet-core/xet-core/xet_pkg/src/xet_session/file_download_group.rs","line_number":306}
{"timestamp":"2026-06-12T23:27:21.243601Z","level":"INFO","fields":{"message":"Starting get_reconstruction API call","call_id":1,"file_id":"e1a275e609cbe29ade2d09d54fbc6171b32f07278c487e04a180ef89ba600c65","bytes_range":"Some(Range { start: 768000000, end: 1024000000 })","api_version":"v2"},"filename":"/home/runner/work/xet-core/xet-core/xet_client/src/cas_client/remote_client.rs","line_number":210}
{"timestamp":"2026-06-12T23:27:21.243608Z","level":"INFO","fields":{"message":"Retry strategy","max_attempts":5,"base_delay":"3s","no_retry_on_429":false},"filename":"/home/runner/work/xet-core/xet-core/xet_client/src/cas_client/retry_wrapper.rs","line_number":249}
{"timestamp":"2026-06-12T23:27:21.243609Z","level":"INFO","fields":{"message":"Starting get_reconstruction API call","call_id":2,"file_id":"e1a275e609cbe29ade2d09d54fbc6171b32f07278c487e04a180ef89ba600c65","bytes_range":"Some(Range { start: 0, end: 256000000 })","api_version":"v2"},"filename":"/home/runner/work/xet-core/xet-core/xet_client/src/cas_client/remote_client.rs","line_number":210}
{"timestamp":"2026-06-12T23:27:21.243616Z","level":"INFO","fields":{"message":"Retry strategy","max_attempts":5,"base_delay":"3s","no_retry_on_429":false},"filename":"/home/runner/work/xet-core/xet-core/xet_client/src/cas_client/retry_wrapper.rs","line_number":249}
{"timestamp":"2026-06-12T23:27:21.243764Z","level":"INFO","fields":{"message":"Starting get_reconstruction API call","call_id":3,"file_id":"e1a275e609cbe29ade2d09d54fbc6171b32f07278c487e04a180ef89ba600c65","bytes_range":"Some(Range { start: 256000000, end: 768000000 })","api_version":"v2"},"filename":"/home/runner/work/xet-core/xet-core/xet_client/src/cas_client/remote_client.rs","line_number":210}
{"timestamp":"2026-06-12T23:27:21.243776Z","level":"INFO","fields":{"message":"Retry strategy","max_attempts":5,"base_delay":"3s","no_retry_on_429":false},"filename":"/home/runner/work/xet-core/xet-core/xet_client/src/cas_client/retry_wrapper.rs","line_number":249}
{"timestamp":"2026-06-12T23:27:21.327556Z","level":"INFO","fields":{"message":"Received CAS response","request_id":"01KTZ2JP79BWEPJTQNTH4FSAVH","status_code":416},"filename":"/home/runner/work/xet-core/xet-core/xet_client/src/common/http_client.rs","line_number":288}
{"timestamp":"2026-06-12T23:27:21.327586Z","level":"INFO","fields":{"message":"Reached end of reconstruction 416 (Range Not Satisfiable): \"cas::get_reconstruction_v2\" api call failed (request id 01KTZ2JP79BWEPJTQNTH4FSAVH): HTTP status client error (416 Range Not Satisfiable) for url (https://cas-server.xethub.hf.co/v2/reconstructions/e1a275e609cbe29ade2d09d54fbc6171b32f07278c487e04a180ef89ba600c65)"},"filename":"/home/runner/work/xet-core/xet-core/xet_client/src/cas_client/retry_wrapper.rs","line_number":162}
{"timestamp":"2026-06-12T23:27:21.412302Z","level":"INFO","fields":{"message":"CAS auth disabled","caller":"/home/runner/work/xet-core/xet-core/xet_client/src/common/http_client.rs:166"},"filename":"/home/runner/work/xet-core/xet-core/xet_runtime/src/error_printer/mod.rs","line_number":198}
{"timestamp":"2026-06-12T23:27:21.419160Z","level":"INFO","fields":{"message":"HTTP client configured","idle_timeout":"60s","max_idle_connections":16,"custom_headers":"Some({\"user-agent\": \"unknown/None; hf_hub/1.19.0; python/3.11.15; torch/2.12.0\", \"authorization\": \"[REDACTED]\"})"},"filename":"/home/runner/work/xet-core/xet-core/xet_client/src/common/http_client.rs","line_number":187}
{"timestamp":"2026-06-12T23:27:21.419183Z","level":"INFO","fields":{"message":"Retry strategy","max_attempts":5,"base_delay":"3s","no_retry_on_429":false},"filename":"/home/runner/work/xet-core/xet-core/xet_client/src/cas_client/retry_wrapper.rs","line_number":249}
{"timestamp":"2026-06-12T23:27:21.466869Z","level":"INFO","fields":{"message":"Received CAS response","request_id":"Root=1-6a2c95d9-11749d783df646ed28ecaf03","status_code":200},"filename":"/home/runner/work/xet-core/xet-core/xet_client/src/common/http_client.rs","line_number":288}
{"timestamp":"2026-06-12T23:27:21.466891Z","level":"INFO","fields":{"message":"Request Success: xet-token api call succeeded (request id Root=1-6a2c95d9-11749d783df646ed28ecaf03)."},"filename":"/home/runner/work/xet-core/xet-core/xet_client/src/cas_client/retry_wrapper.rs","line_number":210}
{"timestamp":"2026-06-12T23:27:21.466964Z","level":"INFO","fields":{"message":"TranslatorConfig initialized","endpoint":"https://cas-server.xethub.hf.co","session_id":"Some(\"019ebe29-597a-70e3-a4c3-d52d3682e078\")","shard_cache":"/home/runner/work/FinAI/FinAI/.hf_cache/xet/https___cas_serv-tGqkUaZf_CBPHQ6h/shard-cache","shard_session":"/home/runner/work/FinAI/FinAI/.hf_cache/xet/https___cas_serv-tGqkUaZf_CBPHQ6h/staging/shard-session"},"filename":"/home/runner/work/xet-core/xet-core/xet_data/src/processing/configurations.rs","line_number":115}
{"timestamp":"2026-06-12T23:27:21.473629Z","level":"INFO","fields":{"message":"HTTP client configured","idle_timeout":"60s","max_idle_connections":16,"custom_headers":"Some({\"user-agent\": \"unknown/None; hf_hub/1.19.0; python/3.11.15; torch/2.12.0; hf_xet/1.5.1\"})"},"filename":"/home/runner/work/xet-core/xet-core/xet_client/src/common/http_client.rs","line_number":187}
{"timestamp":"2026-06-12T23:27:21.473651Z","level":"INFO","fields":{"message":"CAS auth disabled","caller":"/home/runner/work/xet-core/xet-core/xet_client/src/common/http_client.rs:166"},"filename":"/home/runner/work/xet-core/xet-core/xet_runtime/src/error_printer/mod.rs","line_number":198}
{"timestamp":"2026-06-12T23:27:21.473658Z","level":"INFO","fields":{"message":"HTTP client configured","idle_timeout":"60s","max_idle_connections":16,"custom_headers":"Some({\"user-agent\": \"unknown/None; hf_hub/1.19.0; python/3.11.15; torch/2.12.0; hf_xet/1.5.1\"})"},"filename":"/home/runner/work/xet-core/xet-core/xet_client/src/common/http_client.rs","line_number":187}
{"timestamp":"2026-06-12T23:27:21.479923Z","level":"INFO","fields":{"message":"No-read-timeout HTTP client configured (for shard uploads)","connect_timeout":"60s"},"filename":"/home/runner/work/xet-core/xet-core/xet_client/src/common/http_client.rs","line_number":136}
{"timestamp":"2026-06-12T23:27:21.479938Z","level":"INFO","fields":{"message":"Initializing Adaptive Concurrency Controller for upload with starting concurrency = 2; min = 1, max = 64, min_bytes_for_adjustment = 20000000, min_completed_transmissions_for_adjustment = 1"},"filename":"/home/runner/work/xet-core/xet-core/xet_client/src/cas_client/adaptive_concurrency/controller.rs","line_number":301}
{"timestamp":"2026-06-12T23:27:21.479944Z","level":"INFO","fields":{"message":"Initializing Adaptive Concurrency Controller for download with starting concurrency = 4; min = 1, max = 64, min_bytes_for_adjustment = 20000000, min_completed_transmissions_for_adjustment = 1"},"filename":"/home/runner/work/xet-core/xet-core/xet_client/src/cas_client/adaptive_concurrency/controller.rs","line_number":301}
{"timestamp":"2026-06-12T23:27:21.480012Z","level":"INFO","fields":{"message":"New file download group, session_id=019ebe29-57ff-7742-b299-d4c0807b3222, group_id=3"},"filename":"/home/runner/work/xet-core/xet-core/xet_pkg/src/xet_session/file_download_group.rs","line_number":61}
{"timestamp":"2026-06-12T23:27:21.480142Z","level":"INFO","fields":{"message":"Download file to path","group_id":"3","dest_path":"\"/home/runner/work/FinAI/FinAI/temp_download/.cache/huggingface/download/checkpoint/xGOKKLRSlIhH692hSVvI1-gpoa8=.afbb6f970b019a4a4e3cee5ebec5ae2aca757fd5146878438f9cb8a6a34ce521.b2d14a6f.incomplete\"","hash":"efe4ac5fec7d582e00ceaa33c6575349d9936af65a298b64e477fa0f0e80756e"},"filename":"/home/runner/work/xet-core/xet-core/xet_pkg/src/xet_session/file_download_group.rs","line_number":287}
{"timestamp":"2026-06-12T23:27:21.480205Z","level":"INFO","fields":{"message":"Reconstructing file to disk","file_hash":"efe4ac5fec7d582e00ceaa33c6575349d9936af65a298b64e477fa0f0e80756e","byte_range":"None","path":"/home/runner/work/FinAI/FinAI/temp_download/.cache/huggingface/download/checkpoint/xGOKKLRSlIhH692hSVvI1-gpoa8=.afbb6f970b019a4a4e3cee5ebec5ae2aca757fd5146878438f9cb8a6a34ce521.b2d14a6f.incomplete","write_offset":"None"},"filename":"/home/runner/work/xet-core/xet-core/xet_data/src/file_reconstruction/file_reconstructor.rs","line_number":121}
{"timestamp":"2026-06-12T23:27:21.480271Z","level":"INFO","fields":{"message":"Scheduling prefetch block","file_hash":"efe4ac5fec7d582e00ceaa33c6575349d9936af65a298b64e477fa0f0e80756e","prefetch_range":"(0, 256000000)","requested_block_size":256000000,"actual_block_size":256000000,"queue_depth":1},"filename":"/home/runner/work/xet-core/xet-core/xet_data/src/file_reconstruction/reconstruction_terms/manager.rs","line_number":272}
{"timestamp":"2026-06-12T23:27:21.480286Z","level":"INFO","fields":{"message":"Scheduling prefetch block","file_hash":"efe4ac5fec7d582e00ceaa33c6575349d9936af65a298b64e477fa0f0e80756e","prefetch_range":"(256000000, 768000000)","requested_block_size":512000000,"actual_block_size":512000000,"queue_depth":2},"filename":"/home/runner/work/xet-core/xet-core/xet_data/src/file_reconstruction/reconstruction_terms/manager.rs","line_number":272}
{"timestamp":"2026-06-12T23:27:21.480299Z","level":"INFO","fields":{"message":"Scheduling prefetch block","file_hash":"efe4ac5fec7d582e00ceaa33c6575349d9936af65a298b64e477fa0f0e80756e","prefetch_range":"(768000000, 1024000000)","requested_block_size":256000000,"actual_block_size":256000000,"queue_depth":3},"filename":"/home/runner/work/xet-core/xet-core/xet_data/src/file_reconstruction/reconstruction_terms/manager.rs","line_number":272}
{"timestamp":"2026-06-12T23:27:21.480307Z","level":"INFO","fields":{"message":"Download group finish","group_id":"3"},"filename":"/home/runner/work/xet-core/xet-core/xet_pkg/src/xet_session/file_download_group.rs","line_number":306}
{"timestamp":"2026-06-12T23:27:21.480318Z","level":"INFO","fields":{"message":"Starting get_reconstruction API call","call_id":4,"file_id":"efe4ac5fec7d582e00ceaa33c6575349d9936af65a298b64e477fa0f0e80756e","bytes_range":"Some(Range { start: 768000000, end: 1024000000 })","api_version":"v2"},"filename":"/home/runner/work/xet-core/xet-core/xet_client/src/cas_client/remote_client.rs","line_number":210}
{"timestamp":"2026-06-12T23:27:21.480325Z","level":"INFO","fields":{"message":"Retry strategy","max_attempts":5,"base_delay":"3s","no_retry_on_429":false},"filename":"/home/runner/work/xet-core/xet-core/xet_client/src/cas_client/retry_wrapper.rs","line_number":249}
{"timestamp":"2026-06-12T23:27:21.480323Z","level":"INFO","fields":{"message":"Starting get_reconstruction API call","call_id":5,"file_id":"efe4ac5fec7d582e00ceaa33c6575349d9936af65a298b64e477fa0f0e80756e","bytes_range":"Some(Range { start: 0, end: 256000000 })","api_version":"v2"},"filename":"/home/runner/work/xet-core/xet-core/xet_client/src/cas_client/remote_client.rs","line_number":210}
{"timestamp":"2026-06-12T23:27:21.480331Z","level":"INFO","fields":{"message":"Retry strategy","max_attempts":5,"base_delay":"3s","no_retry_on_429":false},"filename":"/home/runner/work/xet-core/xet-core/xet_client/src/cas_client/retry_wrapper.rs","line_number":249}
{"timestamp":"2026-06-12T23:27:21.480357Z","level":"INFO","fields":{"message":"Starting get_reconstruction API call","call_id":6,"file_id":"efe4ac5fec7d582e00ceaa33c6575349d9936af65a298b64e477fa0f0e80756e","bytes_range":"Some(Range { start: 256000000, end: 768000000 })","api_version":"v2"},"filename":"/home/runner/work/xet-core/xet-core/xet_client/src/cas_client/remote_client.rs","line_number":210}
{"timestamp":"2026-06-12T23:27:21.480369Z","level":"INFO","fields":{"message":"Retry strategy","max_attempts":5,"base_delay":"3s","no_retry_on_429":false},"filename":"/home/runner/work/xet-core/xet-core/xet_client/src/cas_client/retry_wrapper.rs","line_number":249}
{"timestamp":"2026-06-12T23:27:21.810289Z","level":"INFO","fields":{"message":"Received CAS response","request_id":"01KTZ2JP7BX0GZP7AQXFSPC5CZ","status_code":200},"filename":"/home/runner/work/xet-core/xet-core/xet_client/src/common/http_client.rs","line_number":288}
{"timestamp":"2026-06-12T23:27:21.810315Z","level":"INFO","fields":{"message":"Request Success: cas::get_reconstruction_v2 api call succeeded (request id 01KTZ2JP7BX0GZP7AQXFSPC5CZ)."},"filename":"/home/runner/work/xet-core/xet-core/xet_client/src/cas_client/retry_wrapper.rs","line_number":210}
{"timestamp":"2026-06-12T23:27:21.810348Z","level":"INFO","fields":{"message":"Completed get_reconstruction API call","call_id":2,"file_id":"e1a275e609cbe29ade2d09d54fbc6171b32f07278c487e04a180ef89ba600c65","bytes_range":"Some(Range { start: 0, end: 256000000 })","api_version":"v2"},"filename":"/home/runner/work/xet-core/xet-core/xet_client/src/cas_client/remote_client.rs","line_number":234}
{"timestamp":"2026-06-12T23:27:21.810394Z","level":"INFO","fields":{"message":"Received block of file terms from prefetch queue","file_hash":"e1a275e609cbe29ade2d09d54fbc6171b32f07278c487e04a180ef89ba600c65","domain":"transfer.xethub.hf.co","block_start":0,"block_end":256000000,"block_size":4},"filename":"/home/runner/work/xet-core/xet-core/xet_data/src/file_reconstruction/reconstruction_terms/manager.rs","line_number":151}
{"timestamp":"2026-06-12T23:27:21.810427Z","level":"INFO","fields":{"message":"Updated completion rate estimate based on previous block completion time (seconds).","file_hash":"e1a275e609cbe29ade2d09d54fbc6171b32f07278c487e04a180ef89ba600c65","block_start":0,"block_end":256000000,"block_size":256000000,"completion_time":0.000032619},"filename":"/home/runner/work/xet-core/xet-core/xet_data/src/file_reconstruction/reconstruction_terms/manager.rs","line_number":104}
{"timestamp":"2026-06-12T23:27:21.810437Z","level":"INFO","fields":{"message":"Retry strategy","max_attempts":5,"base_delay":"3s","no_retry_on_429":false},"filename":"/home/runner/work/xet-core/xet-core/xet_client/src/cas_client/retry_wrapper.rs","line_number":249}
{"timestamp":"2026-06-12T23:27:21.810435Z","level":"INFO","fields":{"message":"Retry strategy","max_attempts":5,"base_delay":"3s","no_retry_on_429":false},"filename":"/home/runner/work/xet-core/xet-core/xet_client/src/cas_client/retry_wrapper.rs","line_number":249}
{"timestamp":"2026-06-12T23:27:21.810466Z","level":"INFO","fields":{"message":"Retry strategy","max_attempts":5,"base_delay":"3s","no_retry_on_429":false},"filename":"/home/runner/work/xet-core/xet-core/xet_client/src/cas_client/retry_wrapper.rs","line_number":249}
{"timestamp":"2026-06-12T23:27:21.810463Z","level":"INFO","fields":{"message":"Retry strategy","max_attempts":5,"base_delay":"3s","no_retry_on_429":false},"filename":"/home/runner/work/xet-core/xet-core/xet_client/src/cas_client/retry_wrapper.rs","line_number":249}
{"timestamp":"2026-06-12T23:27:21.898048Z","level":"INFO","fields":{"message":"Received CAS response","request_id":"01KTZ2JP7A0B344JFVZ21SQBS4","status_code":200},"filename":"/home/runner/work/xet-core/xet-core/xet_client/src/common/http_client.rs","line_number":288}
{"timestamp":"2026-06-12T23:27:21.898070Z","level":"INFO","fields":{"message":"Request Success: cas::get_reconstruction_v2 api call succeeded (request id 01KTZ2JP7A0B344JFVZ21SQBS4)."},"filename":"/home/runner/work/xet-core/xet-core/xet_client/src/cas_client/retry_wrapper.rs","line_number":210}
{"timestamp":"2026-06-12T23:27:21.898172Z","level":"INFO","fields":{"message":"Completed get_reconstruction API call","call_id":3,"file_id":"e1a275e609cbe29ade2d09d54fbc6171b32f07278c487e04a180ef89ba600c65","bytes_range":"Some(Range { start: 256000000, end: 768000000 })","api_version":"v2"},"filename":"/home/runner/work/xet-core/xet-core/xet_client/src/cas_client/remote_client.rs","line_number":234}
{"timestamp":"2026-06-12T23:27:21.898221Z","level":"INFO","fields":{"message":"Received block of file terms from prefetch queue","file_hash":"e1a275e609cbe29ade2d09d54fbc6171b32f07278c487e04a180ef89ba600c65","domain":"transfer.xethub.hf.co","block_start":256000000,"block_end":710162369,"block_size":18},"filename":"/home/runner/work/xet-core/xet-core/xet_data/src/file_reconstruction/reconstruction_terms/manager.rs","line_number":151}
{"timestamp":"2026-06-12T23:27:21.898275Z","level":"INFO","fields":{"message":"Updated completion rate estimate based on previous block completion time (seconds).","file_hash":"e1a275e609cbe29ade2d09d54fbc6171b32f07278c487e04a180ef89ba600c65","block_start":256000000,"block_end":710162369,"block_size":454162369,"completion_time":0.00005355},"filename":"/home/runner/work/xet-core/xet-core/xet_data/src/file_reconstruction/reconstruction_terms/manager.rs","line_number":104}
{"timestamp":"2026-06-12T23:27:21.898290Z","level":"INFO","fields":{"message":"Completed prefetch queue; end of file reached.","file_hash":"e1a275e609cbe29ade2d09d54fbc6171b32f07278c487e04a180ef89ba600c65","prefetched_byte_position":1024000000},"filename":"/home/runner/work/xet-core/xet-core/xet_data/src/file_reconstruction/reconstruction_terms/manager.rs","line_number":178}
{"timestamp":"2026-06-12T23:27:21.898294Z","level":"INFO","fields":{"message":"All term blocks received and scheduled for writing","file_hash":"e1a275e609cbe29ade2d09d54fbc6171b32f07278c487e04a180ef89ba600c65","block_count":2,"total_terms_processed":22,"total_bytes_scheduled":710162369},"filename":"/home/runner/work/xet-core/xet-core/xet_data/src/file_reconstruction/run_state.rs","line_number":150}
{"timestamp":"2026-06-12T23:27:22.015314Z","level":"INFO","fields":{"message":"Received CAS response","request_id":"01KTZ2JPERTB3T3GZ3AQFJ18P3","status_code":200},"filename":"/home/runner/work/xet-core/xet-core/xet_client/src/common/http_client.rs","line_number":288}
{"timestamp":"2026-06-12T23:27:22.015338Z","level":"INFO","fields":{"message":"Request Success: cas::get_reconstruction_v2 api call succeeded (request id 01KTZ2JPERTB3T3GZ3AQFJ18P3)."},"filename":"/home/runner/work/xet-core/xet-core/xet_client/src/cas_client/retry_wrapper.rs","line_number":210}
{"timestamp":"2026-06-12T23:27:22.015382Z","level":"INFO","fields":{"message":"Completed get_reconstruction API call","call_id":5,"file_id":"efe4ac5fec7d582e00ceaa33c6575349d9936af65a298b64e477fa0f0e80756e","bytes_range":"Some(Range { start: 0, end: 256000000 })","api_version":"v2"},"filename":"/home/runner/work/xet-core/xet-core/xet_client/src/cas_client/remote_client.rs","line_number":234}
{"timestamp":"2026-06-12T23:27:22.015418Z","level":"INFO","fields":{"message":"Received block of file terms from prefetch queue","file_hash":"efe4ac5fec7d582e00ceaa33c6575349d9936af65a298b64e477fa0f0e80756e","domain":"transfer.xethub.hf.co","block_start":0,"block_end":256000000,"block_size":4},"filename":"/home/runner/work/xet-core/xet-core/xet_data/src/file_reconstruction/reconstruction_terms/manager.rs","line_number":151}
{"timestamp":"2026-06-12T23:27:22.015447Z","level":"INFO","fields":{"message":"Updated completion rate estimate based on previous block completion time (seconds).","file_hash":"efe4ac5fec7d582e00ceaa33c6575349d9936af65a298b64e477fa0f0e80756e","block_start":0,"block_end":256000000,"block_size":256000000,"completion_time":0.000029284},"filename":"/home/runner/work/xet-core/xet-core/xet_data/src/file_reconstruction/reconstruction_terms/manager.rs","line_number":104}
{"timestamp":"2026-06-12T23:27:22.015457Z","level":"INFO","fields":{"message":"Scheduling prefetch block","file_hash":"efe4ac5fec7d582e00ceaa33c6575349d9936af65a298b64e477fa0f0e80756e","prefetch_range":"(1024000000, 9024000000)","requested_block_size":8000000000,"actual_block_size":8000000000,"queue_depth":3},"filename":"/home/runner/work/xet-core/xet-core/xet_data/src/file_reconstruction/reconstruction_terms/manager.rs","line_number":272}
{"timestamp":"2026-06-12T23:27:22.015469Z","level":"INFO","fields":{"message":"Starting get_reconstruction API call","call_id":7,"file_id":"efe4ac5fec7d582e00ceaa33c6575349d9936af65a298b64e477fa0f0e80756e","bytes_range":"Some(Range { start: 1024000000, end: 9024000000 })","api_version":"v2"},"filename":"/home/runner/work/xet-core/xet-core/xet_client/src/cas_client/remote_client.rs","line_number":210}
{"timestamp":"2026-06-12T23:27:22.015469Z","level":"INFO","fields":{"message":"Retry strategy","max_attempts":5,"base_delay":"3s","no_retry_on_429":false},"filename":"/home/runner/work/xet-core/xet-core/xet_client/src/cas_client/retry_wrapper.rs","line_number":249}
{"timestamp":"2026-06-12T23:27:22.015474Z","level":"INFO","fields":{"message":"Retry strategy","max_attempts":5,"base_delay":"3s","no_retry_on_429":false},"filename":"/home/runner/work/xet-core/xet-core/xet_client/src/cas_client/retry_wrapper.rs","line_number":249}
{"timestamp":"2026-06-12T23:27:22.015490Z","level":"INFO","fields":{"message":"Retry strategy","max_attempts":5,"base_delay":"3s","no_retry_on_429":false},"filename":"/home/runner/work/xet-core/xet-core/xet_client/src/cas_client/retry_wrapper.rs","line_number":249}
{"timestamp":"2026-06-12T23:27:22.015516Z","level":"INFO","fields":{"message":"Retry strategy","max_attempts":5,"base_delay":"3s","no_retry_on_429":false},"filename":"/home/runner/work/xet-core/xet-core/xet_client/src/cas_client/retry_wrapper.rs","line_number":249}
{"timestamp":"2026-06-12T23:27:22.015532Z","level":"INFO","fields":{"message":"Retry strategy","max_attempts":5,"base_delay":"3s","no_retry_on_429":false},"filename":"/home/runner/work/xet-core/xet-core/xet_client/src/cas_client/retry_wrapper.rs","line_number":249}
{"timestamp":"2026-06-12T23:27:22.026089Z","level":"INFO","fields":{"message":"Received CAS response","request_id":"01KTZ2JPX471YSNA3G8FAT4AA7","status_code":416},"filename":"/home/runner/work/xet-core/xet-core/xet_client/src/common/http_client.rs","line_number":288}
{"timestamp":"2026-06-12T23:27:22.026124Z","level":"INFO","fields":{"message":"Reached end of reconstruction 416 (Range Not Satisfiable): \"cas::get_reconstruction_v2\" api call failed (request id 01KTZ2JPX471YSNA3G8FAT4AA7): HTTP status client error (416 Range Not Satisfiable) for url (https://cas-server.xethub.hf.co/v2/reconstructions/efe4ac5fec7d582e00ceaa33c6575349d9936af65a298b64e477fa0f0e80756e)"},"filename":"/home/runner/work/xet-core/xet-core/xet_client/src/cas_client/retry_wrapper.rs","line_number":162}
{"timestamp":"2026-06-12T23:27:22.088310Z","level":"INFO","fields":{"message":"Received CAS response","request_id":"01KTZ2JPERRJ3JYPDD45RCKSWA","status_code":200},"filename":"/home/runner/work/xet-core/xet-core/xet_client/src/common/http_client.rs","line_number":288}
{"timestamp":"2026-06-12T23:27:22.088328Z","level":"INFO","fields":{"message":"Request Success: cas::get_reconstruction_v2 api call succeeded (request id 01KTZ2JPERRJ3JYPDD45RCKSWA)."},"filename":"/home/runner/work/xet-core/xet-core/xet_client/src/cas_client/retry_wrapper.rs","line_number":210}
{"timestamp":"2026-06-12T23:27:22.088395Z","level":"INFO","fields":{"message":"Completed get_reconstruction API call","call_id":6,"file_id":"efe4ac5fec7d582e00ceaa33c6575349d9936af65a298b64e477fa0f0e80756e","bytes_range":"Some(Range { start: 256000000, end: 768000000 })","api_version":"v2"},"filename":"/home/runner/work/xet-core/xet-core/xet_client/src/cas_client/remote_client.rs","line_number":234}
{"timestamp":"2026-06-12T23:27:22.088438Z","level":"INFO","fields":{"message":"Received block of file terms from prefetch queue","file_hash":"efe4ac5fec7d582e00ceaa33c6575349d9936af65a298b64e477fa0f0e80756e","domain":"transfer.xethub.hf.co","block_start":256000000,"block_end":768000000,"block_size":9},"filename":"/home/runner/work/xet-core/xet-core/xet_data/src/file_reconstruction/reconstruction_terms/manager.rs","line_number":151}
{"timestamp":"2026-06-12T23:27:22.088472Z","level":"INFO","fields":{"message":"Updated completion rate estimate based on previous block completion time (seconds).","file_hash":"efe4ac5fec7d582e00ceaa33c6575349d9936af65a298b64e477fa0f0e80756e","block_start":256000000,"block_end":768000000,"block_size":512000000,"completion_time":0.000034441},"filename":"/home/runner/work/xet-core/xet-core/xet_data/src/file_reconstruction/reconstruction_terms/manager.rs","line_number":104}
{"timestamp":"2026-06-12T23:27:22.097623Z","level":"INFO","fields":{"message":"Received CAS response","request_id":"","status_code":206},"filename":"/home/runner/work/xet-core/xet-core/xet_client/src/common/http_client.rs","line_number":288}
{"timestamp":"2026-06-12T23:27:22.097642Z","level":"INFO","fields":{"message":"Request Success: s3::get_range api call succeeded (request id )."},"filename":"/home/runner/work/xet-core/xet-core/xet_client/src/cas_client/retry_wrapper.rs","line_number":210}
{"timestamp":"2026-06-12T23:27:22.109577Z","level":"INFO","fields":{"message":"Received CAS response","request_id":"01KTZ2JPEQP5YQFVK80D6WRM5D","status_code":200},"filename":"/home/runner/work/xet-core/xet-core/xet_client/src/common/http_client.rs","line_number":288}
{"timestamp":"2026-06-12T23:27:22.109590Z","level":"INFO","fields":{"message":"Request Success: cas::get_reconstruction_v2 api call succeeded (request id 01KTZ2JPEQP5YQFVK80D6WRM5D)."},"filename":"/home/runner/work/xet-core/xet-core/xet_client/src/cas_client/retry_wrapper.rs","line_number":210}
{"timestamp":"2026-06-12T23:27:22.109612Z","level":"INFO","fields":{"message":"Completed get_reconstruction API call","call_id":4,"file_id":"efe4ac5fec7d582e00ceaa33c6575349d9936af65a298b64e477fa0f0e80756e","bytes_range":"Some(Range { start: 768000000, end: 1024000000 })","api_version":"v2"},"filename":"/home/runner/work/xet-core/xet-core/xet_client/src/cas_client/remote_client.rs","line_number":234}
{"timestamp":"2026-06-12T23:27:22.109638Z","level":"INFO","fields":{"message":"Received block of file terms from prefetch queue","file_hash":"efe4ac5fec7d582e00ceaa33c6575349d9936af65a298b64e477fa0f0e80756e","domain":"transfer.xethub.hf.co","block_start":768000000,"block_end":988097824,"block_size":4},"filename":"/home/runner/work/xet-core/xet-core/xet_data/src/file_reconstruction/reconstruction_terms/manager.rs","line_number":151}
{"timestamp":"2026-06-12T23:27:22.109655Z","level":"INFO","fields":{"message":"Updated completion rate estimate based on previous block completion time (seconds).","file_hash":"efe4ac5fec7d582e00ceaa33c6575349d9936af65a298b64e477fa0f0e80756e","block_start":768000000,"block_end":988097824,"block_size":220097824,"completion_time":0.000017296},"filename":"/home/runner/work/xet-core/xet-core/xet_data/src/file_reconstruction/reconstruction_terms/manager.rs","line_number":104}
{"timestamp":"2026-06-12T23:27:22.109663Z","level":"INFO","fields":{"message":"Completed prefetch queue; end of file reached.","file_hash":"efe4ac5fec7d582e00ceaa33c6575349d9936af65a298b64e477fa0f0e80756e","prefetched_byte_position":9024000000},"filename":"/home/runner/work/xet-core/xet-core/xet_data/src/file_reconstruction/reconstruction_terms/manager.rs","line_number":178}
{"timestamp":"2026-06-12T23:27:22.109667Z","level":"INFO","fields":{"message":"All term blocks received and scheduled for writing","file_hash":"efe4ac5fec7d582e00ceaa33c6575349d9936af65a298b64e477fa0f0e80756e","block_count":3,"total_terms_processed":17,"total_bytes_scheduled":988097824},"filename":"/home/runner/work/xet-core/xet-core/xet_data/src/file_reconstruction/run_state.rs","line_number":150}
{"timestamp":"2026-06-12T23:27:22.112772Z","level":"INFO","fields":{"message":"Received CAS response","request_id":"","status_code":206},"filename":"/home/runner/work/xet-core/xet-core/xet_client/src/common/http_client.rs","line_number":288}
{"timestamp":"2026-06-12T23:27:22.112787Z","level":"INFO","fields":{"message":"Request Success: s3::get_range api call succeeded (request id )."},"filename":"/home/runner/work/xet-core/xet-core/xet_client/src/cas_client/retry_wrapper.rs","line_number":210}
{"timestamp":"2026-06-12T23:27:22.114160Z","level":"INFO","fields":{"message":"Received CAS response","request_id":"","status_code":206},"filename":"/home/runner/work/xet-core/xet-core/xet_client/src/common/http_client.rs","line_number":288}
{"timestamp":"2026-06-12T23:27:22.114173Z","level":"INFO","fields":{"message":"Request Success: s3::get_range api call succeeded (request id )."},"filename":"/home/runner/work/xet-core/xet-core/xet_client/src/cas_client/retry_wrapper.rs","line_number":210}
{"timestamp":"2026-06-12T23:27:22.133258Z","level":"INFO","fields":{"message":"Received CAS response","request_id":"","status_code":206},"filename":"/home/runner/work/xet-core/xet-core/xet_client/src/common/http_client.rs","line_number":288}
{"timestamp":"2026-06-12T23:27:22.133272Z","level":"INFO","fields":{"message":"Request Success: s3::get_range api call succeeded (request id )."},"filename":"/home/runner/work/xet-core/xet-core/xet_client/src/cas_client/retry_wrapper.rs","line_number":210}
{"timestamp":"2026-06-12T23:27:22.174797Z","level":"INFO","fields":{"message":"Received CAS response","request_id":"","status_code":206},"filename":"/home/runner/work/xet-core/xet-core/xet_client/src/common/http_client.rs","line_number":288}
{"timestamp":"2026-06-12T23:27:22.174820Z","level":"INFO","fields":{"message":"Request Success: s3::get_range api call succeeded (request id )."},"filename":"/home/runner/work/xet-core/xet-core/xet_client/src/cas_client/retry_wrapper.rs","line_number":210}
{"timestamp":"2026-06-12T23:27:22.188961Z","level":"INFO","fields":{"message":"Received CAS response","request_id":"","status_code":206},"filename":"/home/runner/work/xet-core/xet-core/xet_client/src/common/http_client.rs","line_number":288}
{"timestamp":"2026-06-12T23:27:22.188982Z","level":"INFO","fields":{"message":"Request Success: s3::get_range api call succeeded (request id )."},"filename":"/home/runner/work/xet-core/xet-core/xet_client/src/cas_client/retry_wrapper.rs","line_number":210}
{"timestamp":"2026-06-12T23:27:22.224805Z","level":"INFO","fields":{"message":"Received CAS response","request_id":"","status_code":206},"filename":"/home/runner/work/xet-core/xet-core/xet_client/src/common/http_client.rs","line_number":288}
{"timestamp":"2026-06-12T23:27:22.224832Z","level":"INFO","fields":{"message":"Request Success: s3::get_range api call succeeded (request id )."},"filename":"/home/runner/work/xet-core/xet-core/xet_client/src/cas_client/retry_wrapper.rs","line_number":210}
{"timestamp":"2026-06-12T23:27:22.240570Z","level":"INFO","fields":{"message":"Received CAS response","request_id":"","status_code":206},"filename":"/home/runner/work/xet-core/xet-core/xet_client/src/common/http_client.rs","line_number":288}
{"timestamp":"2026-06-12T23:27:22.240594Z","level":"INFO","fields":{"message":"Request Success: s3::get_range api call succeeded (request id )."},"filename":"/home/runner/work/xet-core/xet-core/xet_client/src/cas_client/retry_wrapper.rs","line_number":210}
{"timestamp":"2026-06-12T23:27:22.603598Z","level":"INFO","fields":{"message":"Concurrency control for download: Increased concurrency from 4 to 5; reason: success ratio 1.000 is above threshold 0.800 and predicted RTT for 61MB at new concurrency is 0.85s < target 60.0s"},"filename":"/home/runner/work/xet-core/xet-core/xet_client/src/cas_client/adaptive_concurrency/controller.rs","line_number":543}
{"timestamp":"2026-06-12T23:27:22.603655Z","level":"INFO","fields":{"message":"Retry strategy","max_attempts":5,"base_delay":"3s","no_retry_on_429":false},"filename":"/home/runner/work/xet-core/xet-core/xet_client/src/cas_client/retry_wrapper.rs","line_number":249}
{"timestamp":"2026-06-12T23:27:22.603685Z","level":"INFO","fields":{"message":"Retry strategy","max_attempts":5,"base_delay":"3s","no_retry_on_429":false},"filename":"/home/runner/work/xet-core/xet-core/xet_client/src/cas_client/retry_wrapper.rs","line_number":249}
{"timestamp":"2026-06-12T23:27:22.701422Z","level":"INFO","fields":{"message":"Received CAS response","request_id":"","status_code":206},"filename":"/home/runner/work/xet-core/xet-core/xet_client/src/common/http_client.rs","line_number":288}
{"timestamp":"2026-06-12T23:27:22.701449Z","level":"INFO","fields":{"message":"Request Success: s3::get_range api call succeeded (request id )."},"filename":"/home/runner/work/xet-core/xet-core/xet_client/src/cas_client/retry_wrapper.rs","line_number":210}
{"timestamp":"2026-06-12T23:27:22.745901Z","level":"INFO","fields":{"message":"Received CAS response","request_id":"","status_code":206},"filename":"/home/runner/work/xet-core/xet-core/xet_client/src/common/http_client.rs","line_number":288}
{"timestamp":"2026-06-12T23:27:22.745925Z","level":"INFO","fields":{"message":"Request Success: s3::get_range api call succeeded (request id )."},"filename":"/home/runner/work/xet-core/xet-core/xet_client/src/cas_client/retry_wrapper.rs","line_number":210}
{"timestamp":"2026-06-12T23:27:22.773517Z","level":"INFO","fields":{"message":"Concurrency control for download: Increased concurrency from 4 to 5; reason: success ratio 1.000 is above threshold 0.800 and predicted RTT for 61MB at new concurrency is 1.27s < target 60.0s"},"filename":"/home/runner/work/xet-core/xet-core/xet_client/src/cas_client/adaptive_concurrency/controller.rs","line_number":543}
{"timestamp":"2026-06-12T23:27:22.773576Z","level":"INFO","fields":{"message":"Retry strategy","max_attempts":5,"base_delay":"3s","no_retry_on_429":false},"filename":"/home/runner/work/xet-core/xet-core/xet_client/src/cas_client/retry_wrapper.rs","line_number":249}
{"timestamp":"2026-06-12T23:27:22.773693Z","level":"INFO","fields":{"message":"Retry strategy","max_attempts":5,"base_delay":"3s","no_retry_on_429":false},"filename":"/home/runner/work/xet-core/xet-core/xet_client/src/cas_client/retry_wrapper.rs","line_number":249}
{"timestamp":"2026-06-12T23:27:22.789305Z","level":"INFO","fields":{"message":"Retry strategy","max_attempts":5,"base_delay":"3s","no_retry_on_429":false},"filename":"/home/runner/work/xet-core/xet-core/xet_client/src/cas_client/retry_wrapper.rs","line_number":249}
{"timestamp":"2026-06-12T23:27:22.792397Z","level":"INFO","fields":{"message":"Retry strategy","max_attempts":5,"base_delay":"3s","no_retry_on_429":false},"filename":"/home/runner/work/xet-core/xet-core/xet_client/src/cas_client/retry_wrapper.rs","line_number":249}
{"timestamp":"2026-06-12T23:27:22.915657Z","level":"INFO","fields":{"message":"Received CAS response","request_id":"","status_code":206},"filename":"/home/runner/work/xet-core/xet-core/xet_client/src/common/http_client.rs","line_number":288}
{"timestamp":"2026-06-12T23:27:22.915678Z","level":"INFO","fields":{"message":"Request Success: s3::get_range api call succeeded (request id )."},"filename":"/home/runner/work/xet-core/xet-core/xet_client/src/cas_client/retry_wrapper.rs","line_number":210}
{"timestamp":"2026-06-12T23:27:22.915824Z","level":"INFO","fields":{"message":"Received CAS response","request_id":"","status_code":206},"filename":"/home/runner/work/xet-core/xet-core/xet_client/src/common/http_client.rs","line_number":288}
{"timestamp":"2026-06-12T23:27:22.915839Z","level":"INFO","fields":{"message":"Request Success: s3::get_range api call succeeded (request id )."},"filename":"/home/runner/work/xet-core/xet-core/xet_client/src/cas_client/retry_wrapper.rs","line_number":210}
{"timestamp":"2026-06-12T23:27:22.926293Z","level":"INFO","fields":{"message":"Received CAS response","request_id":"","status_code":206},"filename":"/home/runner/work/xet-core/xet-core/xet_client/src/common/http_client.rs","line_number":288}
{"timestamp":"2026-06-12T23:27:22.926309Z","level":"INFO","fields":{"message":"Request Success: s3::get_range api call succeeded (request id )."},"filename":"/home/runner/work/xet-core/xet-core/xet_client/src/cas_client/retry_wrapper.rs","line_number":210}
{"timestamp":"2026-06-12T23:27:22.936819Z","level":"INFO","fields":{"message":"Received CAS response","request_id":"","status_code":206},"filename":"/home/runner/work/xet-core/xet-core/xet_client/src/common/http_client.rs","line_number":288}
{"timestamp":"2026-06-12T23:27:22.936836Z","level":"INFO","fields":{"message":"Request Success: s3::get_range api call succeeded (request id )."},"filename":"/home/runner/work/xet-core/xet-core/xet_client/src/cas_client/retry_wrapper.rs","line_number":210}
{"timestamp":"2026-06-12T23:27:22.973441Z","level":"INFO","fields":{"message":"Retry strategy","max_attempts":5,"base_delay":"3s","no_retry_on_429":false},"filename":"/home/runner/work/xet-core/xet-core/xet_client/src/cas_client/retry_wrapper.rs","line_number":249}
{"timestamp":"2026-06-12T23:27:23.016638Z","level":"INFO","fields":{"message":"Retry strategy","max_attempts":5,"base_delay":"3s","no_retry_on_429":false},"filename":"/home/runner/work/xet-core/xet-core/xet_client/src/cas_client/retry_wrapper.rs","line_number":249}
{"timestamp":"2026-06-12T23:27:23.137028Z","level":"INFO","fields":{"message":"Concurrency control for download: Increased concurrency from 5 to 6; reason: success ratio 1.000 is above threshold 0.800 and predicted RTT for 61MB at new concurrency is 1.60s < target 60.0s"},"filename":"/home/runner/work/xet-core/xet-core/xet_client/src/cas_client/adaptive_concurrency/controller.rs","line_number":543}
{"timestamp":"2026-06-12T23:27:23.137066Z","level":"INFO","fields":{"message":"Retry strategy","max_attempts":5,"base_delay":"3s","no_retry_on_429":false},"filename":"/home/runner/work/xet-core/xet-core/xet_client/src/cas_client/retry_wrapper.rs","line_number":249}
{"timestamp":"2026-06-12T23:27:23.160412Z","level":"INFO","fields":{"message":"Retry strategy","max_attempts":5,"base_delay":"3s","no_retry_on_429":false},"filename":"/home/runner/work/xet-core/xet-core/xet_client/src/cas_client/retry_wrapper.rs","line_number":249}
{"timestamp":"2026-06-12T23:27:23.166617Z","level":"INFO","fields":{"message":"Received CAS response","request_id":"","status_code":206},"filename":"/home/runner/work/xet-core/xet-core/xet_client/src/common/http_client.rs","line_number":288}
{"timestamp":"2026-06-12T23:27:23.166642Z","level":"INFO","fields":{"message":"Request Success: s3::get_range api call succeeded (request id )."},"filename":"/home/runner/work/xet-core/xet-core/xet_client/src/cas_client/retry_wrapper.rs","line_number":210}
{"timestamp":"2026-06-12T23:27:23.197878Z","level":"INFO","fields":{"message":"Received CAS response","request_id":"","status_code":206},"filename":"/home/runner/work/xet-core/xet-core/xet_client/src/common/http_client.rs","line_number":288}
{"timestamp":"2026-06-12T23:27:23.197905Z","level":"INFO","fields":{"message":"Request Success: s3::get_range api call succeeded (request id )."},"filename":"/home/runner/work/xet-core/xet-core/xet_client/src/cas_client/retry_wrapper.rs","line_number":210}
{"timestamp":"2026-06-12T23:27:23.258816Z","level":"INFO","fields":{"message":"Retry strategy","max_attempts":5,"base_delay":"3s","no_retry_on_429":false},"filename":"/home/runner/work/xet-core/xet-core/xet_client/src/cas_client/retry_wrapper.rs","line_number":249}
{"timestamp":"2026-06-12T23:27:23.326522Z","level":"INFO","fields":{"message":"Concurrency control for download: Increased concurrency from 5 to 6; reason: success ratio 1.000 is above threshold 0.800 and predicted RTT for 61MB at new concurrency is 1.57s < target 60.0s"},"filename":"/home/runner/work/xet-core/xet-core/xet_client/src/cas_client/adaptive_concurrency/controller.rs","line_number":543}
{"timestamp":"2026-06-12T23:27:23.326619Z","level":"INFO","fields":{"message":"Retry strategy","max_attempts":5,"base_delay":"3s","no_retry_on_429":false},"filename":"/home/runner/work/xet-core/xet-core/xet_client/src/cas_client/retry_wrapper.rs","line_number":249}
{"timestamp":"2026-06-12T23:27:23.326681Z","level":"INFO","fields":{"message":"Retry strategy","max_attempts":5,"base_delay":"3s","no_retry_on_429":false},"filename":"/home/runner/work/xet-core/xet-core/xet_client/src/cas_client/retry_wrapper.rs","line_number":249}
{"timestamp":"2026-06-12T23:27:23.361256Z","level":"INFO","fields":{"message":"Received CAS response","request_id":"","status_code":206},"filename":"/home/runner/work/xet-core/xet-core/xet_client/src/common/http_client.rs","line_number":288}
{"timestamp":"2026-06-12T23:27:23.361281Z","level":"INFO","fields":{"message":"Request Success: s3::get_range api call succeeded (request id )."},"filename":"/home/runner/work/xet-core/xet-core/xet_client/src/cas_client/retry_wrapper.rs","line_number":210}
{"timestamp":"2026-06-12T23:27:23.369771Z","level":"INFO","fields":{"message":"Received CAS response","request_id":"","status_code":206},"filename":"/home/runner/work/xet-core/xet-core/xet_client/src/common/http_client.rs","line_number":288}
{"timestamp":"2026-06-12T23:27:23.369790Z","level":"INFO","fields":{"message":"Request Success: s3::get_range api call succeeded (request id )."},"filename":"/home/runner/work/xet-core/xet-core/xet_client/src/cas_client/retry_wrapper.rs","line_number":210}
{"timestamp":"2026-06-12T23:27:23.398971Z","level":"INFO","fields":{"message":"Retry strategy","max_attempts":5,"base_delay":"3s","no_retry_on_429":false},"filename":"/home/runner/work/xet-core/xet-core/xet_client/src/cas_client/retry_wrapper.rs","line_number":249}
{"timestamp":"2026-06-12T23:27:23.416675Z","level":"INFO","fields":{"message":"Received CAS response","request_id":"","status_code":206},"filename":"/home/runner/work/xet-core/xet-core/xet_client/src/common/http_client.rs","line_number":288}
{"timestamp":"2026-06-12T23:27:23.416699Z","level":"INFO","fields":{"message":"Request Success: s3::get_range api call succeeded (request id )."},"filename":"/home/runner/work/xet-core/xet-core/xet_client/src/cas_client/retry_wrapper.rs","line_number":210}
{"timestamp":"2026-06-12T23:27:23.469437Z","level":"INFO","fields":{"message":"Received CAS response","request_id":"","status_code":206},"filename":"/home/runner/work/xet-core/xet-core/xet_client/src/common/http_client.rs","line_number":288}
{"timestamp":"2026-06-12T23:27:23.469461Z","level":"INFO","fields":{"message":"Request Success: s3::get_range api call succeeded (request id )."},"filename":"/home/runner/work/xet-core/xet-core/xet_client/src/cas_client/retry_wrapper.rs","line_number":210}
{"timestamp":"2026-06-12T23:27:23.508621Z","level":"INFO","fields":{"message":"Received CAS response","request_id":"","status_code":206},"filename":"/home/runner/work/xet-core/xet-core/xet_client/src/common/http_client.rs","line_number":288}
{"timestamp":"2026-06-12T23:27:23.508647Z","level":"INFO","fields":{"message":"Request Success: s3::get_range api call succeeded (request id )."},"filename":"/home/runner/work/xet-core/xet-core/xet_client/src/cas_client/retry_wrapper.rs","line_number":210}
{"timestamp":"2026-06-12T23:27:23.522274Z","level":"INFO","fields":{"message":"Retry strategy","max_attempts":5,"base_delay":"3s","no_retry_on_429":false},"filename":"/home/runner/work/xet-core/xet-core/xet_client/src/cas_client/retry_wrapper.rs","line_number":249}
{"timestamp":"2026-06-12T23:27:23.539131Z","level":"INFO","fields":{"message":"Received CAS response","request_id":"","status_code":206},"filename":"/home/runner/work/xet-core/xet-core/xet_client/src/common/http_client.rs","line_number":288}
{"timestamp":"2026-06-12T23:27:23.539148Z","level":"INFO","fields":{"message":"Request Success: s3::get_range api call succeeded (request id )."},"filename":"/home/runner/work/xet-core/xet-core/xet_client/src/cas_client/retry_wrapper.rs","line_number":210}
{"timestamp":"2026-06-12T23:27:23.606141Z","level":"INFO","fields":{"message":"Retry strategy","max_attempts":5,"base_delay":"3s","no_retry_on_429":false},"filename":"/home/runner/work/xet-core/xet-core/xet_client/src/cas_client/retry_wrapper.rs","line_number":249}
{"timestamp":"2026-06-12T23:27:23.624979Z","level":"INFO","fields":{"message":"Retry strategy","max_attempts":5,"base_delay":"3s","no_retry_on_429":false},"filename":"/home/runner/work/xet-core/xet-core/xet_client/src/cas_client/retry_wrapper.rs","line_number":249}
{"timestamp":"2026-06-12T23:27:23.677018Z","level":"INFO","fields":{"message":"Received CAS response","request_id":"","status_code":206},"filename":"/home/runner/work/xet-core/xet-core/xet_client/src/common/http_client.rs","line_number":288}
{"timestamp":"2026-06-12T23:27:23.677044Z","level":"INFO","fields":{"message":"Request Success: s3::get_range api call succeeded (request id )."},"filename":"/home/runner/work/xet-core/xet-core/xet_client/src/cas_client/retry_wrapper.rs","line_number":210}
{"timestamp":"2026-06-12T23:27:23.679937Z","level":"INFO","fields":{"message":"Received CAS response","request_id":"","status_code":206},"filename":"/home/runner/work/xet-core/xet-core/xet_client/src/common/http_client.rs","line_number":288}
{"timestamp":"2026-06-12T23:27:23.679952Z","level":"INFO","fields":{"message":"Request Success: s3::get_range api call succeeded (request id )."},"filename":"/home/runner/work/xet-core/xet-core/xet_client/src/cas_client/retry_wrapper.rs","line_number":210}
{"timestamp":"2026-06-12T23:27:23.708740Z","level":"INFO","fields":{"message":"Concurrency control for download: Increased concurrency from 6 to 7; reason: success ratio 1.000 is above threshold 0.800 and predicted RTT for 61MB at new concurrency is 1.23s < target 60.0s"},"filename":"/home/runner/work/xet-core/xet-core/xet_client/src/cas_client/adaptive_concurrency/controller.rs","line_number":543}
{"timestamp":"2026-06-12T23:27:23.708773Z","level":"INFO","fields":{"message":"Retry strategy","max_attempts":5,"base_delay":"3s","no_retry_on_429":false},"filename":"/home/runner/work/xet-core/xet-core/xet_client/src/cas_client/retry_wrapper.rs","line_number":249}
{"timestamp":"2026-06-12T23:27:23.743395Z","level":"INFO","fields":{"message":"Received CAS response","request_id":"","status_code":206},"filename":"/home/runner/work/xet-core/xet-core/xet_client/src/common/http_client.rs","line_number":288}
{"timestamp":"2026-06-12T23:27:23.743419Z","level":"INFO","fields":{"message":"Request Success: s3::get_range api call succeeded (request id )."},"filename":"/home/runner/work/xet-core/xet-core/xet_client/src/cas_client/retry_wrapper.rs","line_number":210}
{"timestamp":"2026-06-12T23:27:23.782904Z","level":"INFO","fields":{"message":"Retry strategy","max_attempts":5,"base_delay":"3s","no_retry_on_429":false},"filename":"/home/runner/work/xet-core/xet-core/xet_client/src/cas_client/retry_wrapper.rs","line_number":249}
{"timestamp":"2026-06-12T23:27:23.838772Z","level":"INFO","fields":{"message":"Concurrency control for download: Increased concurrency from 6 to 7; reason: success ratio 1.000 is above threshold 0.800 and predicted RTT for 61MB at new concurrency is 1.51s < target 60.0s"},"filename":"/home/runner/work/xet-core/xet-core/xet_client/src/cas_client/adaptive_concurrency/controller.rs","line_number":543}
{"timestamp":"2026-06-12T23:27:23.838810Z","level":"INFO","fields":{"message":"Retry strategy","max_attempts":5,"base_delay":"3s","no_retry_on_429":false},"filename":"/home/runner/work/xet-core/xet-core/xet_client/src/cas_client/retry_wrapper.rs","line_number":249}
{"timestamp":"2026-06-12T23:27:23.875452Z","level":"INFO","fields":{"message":"Received CAS response","request_id":"","status_code":206},"filename":"/home/runner/work/xet-core/xet-core/xet_client/src/common/http_client.rs","line_number":288}
{"timestamp":"2026-06-12T23:27:23.875478Z","level":"INFO","fields":{"message":"Request Success: s3::get_range api call succeeded (request id )."},"filename":"/home/runner/work/xet-core/xet-core/xet_client/src/cas_client/retry_wrapper.rs","line_number":210}
{"timestamp":"2026-06-12T23:27:23.901654Z","level":"INFO","fields":{"message":"Retry strategy","max_attempts":5,"base_delay":"3s","no_retry_on_429":false},"filename":"/home/runner/work/xet-core/xet-core/xet_client/src/cas_client/retry_wrapper.rs","line_number":249}
{"timestamp":"2026-06-12T23:27:23.965658Z","level":"INFO","fields":{"message":"Received CAS response","request_id":"","status_code":206},"filename":"/home/runner/work/xet-core/xet-core/xet_client/src/common/http_client.rs","line_number":288}
{"timestamp":"2026-06-12T23:27:23.965685Z","level":"INFO","fields":{"message":"Request Success: s3::get_range api call succeeded (request id )."},"filename":"/home/runner/work/xet-core/xet-core/xet_client/src/cas_client/retry_wrapper.rs","line_number":210}
{"timestamp":"2026-06-12T23:27:24.032487Z","level":"INFO","fields":{"message":"Received CAS response","request_id":"","status_code":206},"filename":"/home/runner/work/xet-core/xet-core/xet_client/src/common/http_client.rs","line_number":288}
{"timestamp":"2026-06-12T23:27:24.032518Z","level":"INFO","fields":{"message":"Request Success: s3::get_range api call succeeded (request id )."},"filename":"/home/runner/work/xet-core/xet-core/xet_client/src/cas_client/retry_wrapper.rs","line_number":210}
{"timestamp":"2026-06-12T23:27:24.043934Z","level":"INFO","fields":{"message":"Retry strategy","max_attempts":5,"base_delay":"3s","no_retry_on_429":false},"filename":"/home/runner/work/xet-core/xet-core/xet_client/src/cas_client/retry_wrapper.rs","line_number":249}
{"timestamp":"2026-06-12T23:27:24.059846Z","level":"INFO","fields":{"message":"Received CAS response","request_id":"","status_code":206},"filename":"/home/runner/work/xet-core/xet-core/xet_client/src/common/http_client.rs","line_number":288}
{"timestamp":"2026-06-12T23:27:24.059873Z","level":"INFO","fields":{"message":"Request Success: s3::get_range api call succeeded (request id )."},"filename":"/home/runner/work/xet-core/xet-core/xet_client/src/cas_client/retry_wrapper.rs","line_number":210}
{"timestamp":"2026-06-12T23:27:24.082916Z","level":"INFO","fields":{"message":"Retry strategy","max_attempts":5,"base_delay":"3s","no_retry_on_429":false},"filename":"/home/runner/work/xet-core/xet-core/xet_client/src/cas_client/retry_wrapper.rs","line_number":249}
{"timestamp":"2026-06-12T23:27:24.107682Z","level":"INFO","fields":{"message":"Retry strategy","max_attempts":5,"base_delay":"3s","no_retry_on_429":false},"filename":"/home/runner/work/xet-core/xet-core/xet_client/src/cas_client/retry_wrapper.rs","line_number":249}
{"timestamp":"2026-06-12T23:27:24.177460Z","level":"INFO","fields":{"message":"Retry strategy","max_attempts":5,"base_delay":"3s","no_retry_on_429":false},"filename":"/home/runner/work/xet-core/xet-core/xet_client/src/cas_client/retry_wrapper.rs","line_number":249}
{"timestamp":"2026-06-12T23:27:24.183872Z","level":"INFO","fields":{"message":"Received CAS response","request_id":"","status_code":206},"filename":"/home/runner/work/xet-core/xet-core/xet_client/src/common/http_client.rs","line_number":288}
{"timestamp":"2026-06-12T23:27:24.183891Z","level":"INFO","fields":{"message":"Request Success: s3::get_range api call succeeded (request id )."},"filename":"/home/runner/work/xet-core/xet-core/xet_client/src/cas_client/retry_wrapper.rs","line_number":210}
{"timestamp":"2026-06-12T23:27:24.212294Z","level":"INFO","fields":{"message":"Retry strategy","max_attempts":5,"base_delay":"3s","no_retry_on_429":false},"filename":"/home/runner/work/xet-core/xet-core/xet_client/src/cas_client/retry_wrapper.rs","line_number":249}
{"timestamp":"2026-06-12T23:27:24.226848Z","level":"INFO","fields":{"message":"Concurrency control for download: Increased concurrency from 7 to 8; reason: success ratio 1.000 is above threshold 0.800 and predicted RTT for 61MB at new concurrency is 1.29s < target 60.0s"},"filename":"/home/runner/work/xet-core/xet-core/xet_client/src/cas_client/adaptive_concurrency/controller.rs","line_number":543}
{"timestamp":"2026-06-12T23:27:24.271141Z","level":"INFO","fields":{"message":"Received CAS response","request_id":"","status_code":206},"filename":"/home/runner/work/xet-core/xet-core/xet_client/src/common/http_client.rs","line_number":288}
{"timestamp":"2026-06-12T23:27:24.271164Z","level":"INFO","fields":{"message":"Request Success: s3::get_range api call succeeded (request id )."},"filename":"/home/runner/work/xet-core/xet-core/xet_client/src/cas_client/retry_wrapper.rs","line_number":210}
{"timestamp":"2026-06-12T23:27:24.291272Z","level":"INFO","fields":{"message":"Received CAS response","request_id":"","status_code":206},"filename":"/home/runner/work/xet-core/xet-core/xet_client/src/common/http_client.rs","line_number":288}
{"timestamp":"2026-06-12T23:27:24.291314Z","level":"INFO","fields":{"message":"Request Success: s3::get_range api call succeeded (request id )."},"filename":"/home/runner/work/xet-core/xet-core/xet_client/src/cas_client/retry_wrapper.rs","line_number":210}
{"timestamp":"2026-06-12T23:27:24.338974Z","level":"INFO","fields":{"message":"Received CAS response","request_id":"","status_code":206},"filename":"/home/runner/work/xet-core/xet-core/xet_client/src/common/http_client.rs","line_number":288}
{"timestamp":"2026-06-12T23:27:24.339004Z","level":"INFO","fields":{"message":"Request Success: s3::get_range api call succeeded (request id )."},"filename":"/home/runner/work/xet-core/xet-core/xet_client/src/cas_client/retry_wrapper.rs","line_number":210}
{"timestamp":"2026-06-12T23:27:24.339282Z","level":"INFO","fields":{"message":"Concurrency control for download: Increased concurrency from 7 to 8; reason: success ratio 1.000 is above threshold 0.800 and predicted RTT for 61MB at new concurrency is 1.50s < target 60.0s"},"filename":"/home/runner/work/xet-core/xet-core/xet_client/src/cas_client/adaptive_concurrency/controller.rs","line_number":543}
{"timestamp":"2026-06-12T23:27:24.414386Z","level":"INFO","fields":{"message":"Received CAS response","request_id":"","status_code":206},"filename":"/home/runner/work/xet-core/xet-core/xet_client/src/common/http_client.rs","line_number":288}
{"timestamp":"2026-06-12T23:27:24.414413Z","level":"INFO","fields":{"message":"Request Success: s3::get_range api call succeeded (request id )."},"filename":"/home/runner/work/xet-core/xet-core/xet_client/src/cas_client/retry_wrapper.rs","line_number":210}
{"timestamp":"2026-06-12T23:27:24.743184Z","level":"INFO","fields":{"message":"Concurrency control for download: Increased concurrency from 8 to 9; reason: success ratio 1.000 is above threshold 0.800 and predicted RTT for 61MB at new concurrency is 1.56s < target 60.0s"},"filename":"/home/runner/work/xet-core/xet-core/xet_client/src/cas_client/adaptive_concurrency/controller.rs","line_number":543}
{"timestamp":"2026-06-12T23:27:24.997925Z","level":"INFO","fields":{"message":"Concurrency control for download: Increased concurrency from 8 to 9; reason: success ratio 1.000 is above threshold 0.800 and predicted RTT for 61MB at new concurrency is 1.78s < target 60.0s"},"filename":"/home/runner/work/xet-core/xet-core/xet_client/src/cas_client/adaptive_concurrency/controller.rs","line_number":543}
{"timestamp":"2026-06-12T23:27:25.513363Z","level":"INFO","fields":{"message":"Concurrency control for download: Increased concurrency from 9 to 10; reason: success ratio 1.000 is above threshold 0.800 and predicted RTT for 61MB at new concurrency is 2.20s < target 60.0s"},"filename":"/home/runner/work/xet-core/xet-core/xet_client/src/cas_client/adaptive_concurrency/controller.rs","line_number":543}
{"timestamp":"2026-06-12T23:27:26.055789Z","level":"INFO","fields":{"message":"Concurrency control for download: Increased concurrency from 10 to 11; reason: success ratio 1.000 is above threshold 0.800 and predicted RTT for 61MB at new concurrency is 2.38s < target 60.0s"},"filename":"/home/runner/work/xet-core/xet-core/xet_client/src/cas_client/adaptive_concurrency/controller.rs","line_number":543}
{"timestamp":"2026-06-12T23:27:26.938358Z","level":"INFO","fields":{"message":"Concurrency control for download: Increased concurrency from 11 to 12; reason: success ratio 1.000 is above threshold 0.800 and predicted RTT for 61MB at new concurrency is 2.55s < target 60.0s"},"filename":"/home/runner/work/xet-core/xet-core/xet_client/src/cas_client/adaptive_concurrency/controller.rs","line_number":543}
{"timestamp":"2026-06-12T23:27:27.458822Z","level":"INFO","fields":{"message":"Concurrency control for download: Increased concurrency from 12 to 13; reason: success ratio 1.000 is above threshold 0.800 and predicted RTT for 61MB at new concurrency is 2.15s < target 60.0s"},"filename":"/home/runner/work/xet-core/xet-core/xet_client/src/cas_client/adaptive_concurrency/controller.rs","line_number":543}
{"timestamp":"2026-06-12T23:27:27.717562Z","level":"INFO","fields":{"message":"File reconstruction completed successfully","file_hash":"efe4ac5fec7d582e00ceaa33c6575349d9936af65a298b64e477fa0f0e80756e","block_count":3,"total_terms_processed":17,"total_bytes_scheduled":988097824},"filename":"/home/runner/work/xet-core/xet-core/xet_data/src/file_reconstruction/run_state.rs","line_number":150}
{"timestamp":"2026-06-12T23:27:27.850136Z","level":"INFO","fields":{"message":"CAS auth disabled","caller":"/home/runner/work/xet-core/xet-core/xet_client/src/common/http_client.rs:166"},"filename":"/home/runner/work/xet-core/xet-core/xet_runtime/src/error_printer/mod.rs","line_number":198}
{"timestamp":"2026-06-12T23:27:27.856693Z","level":"INFO","fields":{"message":"HTTP client configured","idle_timeout":"60s","max_idle_connections":16,"custom_headers":"Some({\"user-agent\": \"unknown/None; hf_hub/1.19.0; python/3.11.15; torch/2.12.0\", \"authorization\": \"[REDACTED]\"})"},"filename":"/home/runner/work/xet-core/xet-core/xet_client/src/common/http_client.rs","line_number":187}
{"timestamp":"2026-06-12T23:27:27.856716Z","level":"INFO","fields":{"message":"Retry strategy","max_attempts":5,"base_delay":"3s","no_retry_on_429":false},"filename":"/home/runner/work/xet-core/xet-core/xet_client/src/cas_client/retry_wrapper.rs","line_number":249}
{"timestamp":"2026-06-12T23:27:27.896407Z","level":"INFO","fields":{"message":"Received CAS response","request_id":"Root=1-6a2c95df-3b23b0dd289e1c9c04ce73ae","status_code":200},"filename":"/home/runner/work/xet-core/xet-core/xet_client/src/common/http_client.rs","line_number":288}
{"timestamp":"2026-06-12T23:27:27.896429Z","level":"INFO","fields":{"message":"Request Success: xet-token api call succeeded (request id Root=1-6a2c95df-3b23b0dd289e1c9c04ce73ae)."},"filename":"/home/runner/work/xet-core/xet-core/xet_client/src/cas_client/retry_wrapper.rs","line_number":210}
{"timestamp":"2026-06-12T23:27:27.896497Z","level":"INFO","fields":{"message":"TranslatorConfig initialized","endpoint":"https://cas-server.xethub.hf.co","session_id":"Some(\"019ebe29-7298-7732-adfe-3d0b0bc34446\")","shard_cache":"/home/runner/work/FinAI/FinAI/.hf_cache/xet/https___cas_serv-tGqkUaZf_CBPHQ6h/shard-cache","shard_session":"/home/runner/work/FinAI/FinAI/.hf_cache/xet/https___cas_serv-tGqkUaZf_CBPHQ6h/staging/shard-session"},"filename":"/home/runner/work/xet-core/xet-core/xet_data/src/processing/configurations.rs","line_number":115}
{"timestamp":"2026-06-12T23:27:27.902897Z","level":"INFO","fields":{"message":"HTTP client configured","idle_timeout":"60s","max_idle_connections":16,"custom_headers":"Some({\"user-agent\": \"unknown/None; hf_hub/1.19.0; python/3.11.15; torch/2.12.0; hf_xet/1.5.1\"})"},"filename":"/home/runner/work/xet-core/xet-core/xet_client/src/common/http_client.rs","line_number":187}
{"timestamp":"2026-06-12T23:27:27.902917Z","level":"INFO","fields":{"message":"CAS auth disabled","caller":"/home/runner/work/xet-core/xet-core/xet_client/src/common/http_client.rs:166"},"filename":"/home/runner/work/xet-core/xet-core/xet_runtime/src/error_printer/mod.rs","line_number":198}
{"timestamp":"2026-06-12T23:27:27.902922Z","level":"INFO","fields":{"message":"HTTP client configured","idle_timeout":"60s","max_idle_connections":16,"custom_headers":"Some({\"user-agent\": \"unknown/None; hf_hub/1.19.0; python/3.11.15; torch/2.12.0; hf_xet/1.5.1\"})"},"filename":"/home/runner/work/xet-core/xet-core/xet_client/src/common/http_client.rs","line_number":187}
{"timestamp":"2026-06-12T23:27:27.909059Z","level":"INFO","fields":{"message":"No-read-timeout HTTP client configured (for shard uploads)","connect_timeout":"60s"},"filename":"/home/runner/work/xet-core/xet-core/xet_client/src/common/http_client.rs","line_number":136}
{"timestamp":"2026-06-12T23:27:27.909075Z","level":"INFO","fields":{"message":"Initializing Adaptive Concurrency Controller for upload with starting concurrency = 2; min = 1, max = 64, min_bytes_for_adjustment = 20000000, min_completed_transmissions_for_adjustment = 1"},"filename":"/home/runner/work/xet-core/xet-core/xet_client/src/cas_client/adaptive_concurrency/controller.rs","line_number":301}
{"timestamp":"2026-06-12T23:27:27.909082Z","level":"INFO","fields":{"message":"Initializing Adaptive Concurrency Controller for download with starting concurrency = 4; min = 1, max = 64, min_bytes_for_adjustment = 20000000, min_completed_transmissions_for_adjustment = 1"},"filename":"/home/runner/work/xet-core/xet-core/xet_client/src/cas_client/adaptive_concurrency/controller.rs","line_number":301}
{"timestamp":"2026-06-12T23:27:27.909151Z","level":"INFO","fields":{"message":"New file download group, session_id=019ebe29-57ff-7742-b299-d4c0807b3222, group_id=10"},"filename":"/home/runner/work/xet-core/xet-core/xet_pkg/src/xet_session/file_download_group.rs","line_number":61}
{"timestamp":"2026-06-12T23:27:27.909239Z","level":"INFO","fields":{"message":"Download file to path","group_id":"10","dest_path":"\"/home/runner/work/FinAI/FinAI/temp_download/.cache/huggingface/download/checkpoint/HgM_lKo9sdSCfRtVg7MMFS7EKqo=.716ec13e363ec927a345aa1d39bb8ed88a0ce7fadcdef14509b1f2afd64a8bee.a0e52ab8.incomplete\"","hash":"21b36a86e5f8663c44c00025062c78c18c64ae7c86c6d4819e35b034c363125f"},"filename":"/home/runner/work/xet-core/xet-core/xet_pkg/src/xet_session/file_download_group.rs","line_number":287}
{"timestamp":"2026-06-12T23:27:27.909301Z","level":"INFO","fields":{"message":"Reconstructing file to disk","file_hash":"21b36a86e5f8663c44c00025062c78c18c64ae7c86c6d4819e35b034c363125f","byte_range":"None","path":"/home/runner/work/FinAI/FinAI/temp_download/.cache/huggingface/download/checkpoint/HgM_lKo9sdSCfRtVg7MMFS7EKqo=.716ec13e363ec927a345aa1d39bb8ed88a0ce7fadcdef14509b1f2afd64a8bee.a0e52ab8.incomplete","write_offset":"None"},"filename":"/home/runner/work/xet-core/xet-core/xet_data/src/file_reconstruction/file_reconstructor.rs","line_number":121}
{"timestamp":"2026-06-12T23:27:27.909371Z","level":"INFO","fields":{"message":"Download group finish","group_id":"10"},"filename":"/home/runner/work/xet-core/xet-core/xet_pkg/src/xet_session/file_download_group.rs","line_number":306}
{"timestamp":"2026-06-12T23:27:27.909375Z","level":"INFO","fields":{"message":"Scheduling prefetch block","file_hash":"21b36a86e5f8663c44c00025062c78c18c64ae7c86c6d4819e35b034c363125f","prefetch_range":"(0, 256000000)","requested_block_size":256000000,"actual_block_size":256000000,"queue_depth":1},"filename":"/home/runner/work/xet-core/xet-core/xet_data/src/file_reconstruction/reconstruction_terms/manager.rs","line_number":272}
{"timestamp":"2026-06-12T23:27:27.909384Z","level":"INFO","fields":{"message":"Scheduling prefetch block","file_hash":"21b36a86e5f8663c44c00025062c78c18c64ae7c86c6d4819e35b034c363125f","prefetch_range":"(256000000, 768000000)","requested_block_size":512000000,"actual_block_size":512000000,"queue_depth":2},"filename":"/home/runner/work/xet-core/xet-core/xet_data/src/file_reconstruction/reconstruction_terms/manager.rs","line_number":272}
{"timestamp":"2026-06-12T23:27:27.909398Z","level":"INFO","fields":{"message":"Scheduling prefetch block","file_hash":"21b36a86e5f8663c44c00025062c78c18c64ae7c86c6d4819e35b034c363125f","prefetch_range":"(768000000, 1024000000)","requested_block_size":256000000,"actual_block_size":256000000,"queue_depth":3},"filename":"/home/runner/work/xet-core/xet-core/xet_data/src/file_reconstruction/reconstruction_terms/manager.rs","line_number":272}
{"timestamp":"2026-06-12T23:27:27.909414Z","level":"INFO","fields":{"message":"Starting get_reconstruction API call","call_id":8,"file_id":"21b36a86e5f8663c44c00025062c78c18c64ae7c86c6d4819e35b034c363125f","bytes_range":"Some(Range { start: 768000000, end: 1024000000 })","api_version":"v2"},"filename":"/home/runner/work/xet-core/xet-core/xet_client/src/cas_client/remote_client.rs","line_number":210}
{"timestamp":"2026-06-12T23:27:27.909422Z","level":"INFO","fields":{"message":"Retry strategy","max_attempts":5,"base_delay":"3s","no_retry_on_429":false},"filename":"/home/runner/work/xet-core/xet-core/xet_client/src/cas_client/retry_wrapper.rs","line_number":249}
{"timestamp":"2026-06-12T23:27:27.909505Z","level":"INFO","fields":{"message":"Starting get_reconstruction API call","call_id":9,"file_id":"21b36a86e5f8663c44c00025062c78c18c64ae7c86c6d4819e35b034c363125f","bytes_range":"Some(Range { start: 0, end: 256000000 })","api_version":"v2"},"filename":"/home/runner/work/xet-core/xet-core/xet_client/src/cas_client/remote_client.rs","line_number":210}
{"timestamp":"2026-06-12T23:27:27.909513Z","level":"INFO","fields":{"message":"Retry strategy","max_attempts":5,"base_delay":"3s","no_retry_on_429":false},"filename":"/home/runner/work/xet-core/xet-core/xet_client/src/cas_client/retry_wrapper.rs","line_number":249}
{"timestamp":"2026-06-12T23:27:27.909574Z","level":"INFO","fields":{"message":"Starting get_reconstruction API call","call_id":10,"file_id":"21b36a86e5f8663c44c00025062c78c18c64ae7c86c6d4819e35b034c363125f","bytes_range":"Some(Range { start: 256000000, end: 768000000 })","api_version":"v2"},"filename":"/home/runner/work/xet-core/xet-core/xet_client/src/cas_client/remote_client.rs","line_number":210}
{"timestamp":"2026-06-12T23:27:27.909585Z","level":"INFO","fields":{"message":"Retry strategy","max_attempts":5,"base_delay":"3s","no_retry_on_429":false},"filename":"/home/runner/work/xet-core/xet-core/xet_client/src/cas_client/retry_wrapper.rs","line_number":249}
{"timestamp":"2026-06-12T23:27:28.010427Z","level":"INFO","fields":{"message":"Received CAS response","request_id":"01KTZ2JWR5CETY65GHMW8TP0YM","status_code":416},"filename":"/home/runner/work/xet-core/xet-core/xet_client/src/common/http_client.rs","line_number":288}
{"timestamp":"2026-06-12T23:27:28.010459Z","level":"INFO","fields":{"message":"Reached end of reconstruction 416 (Range Not Satisfiable): \"cas::get_reconstruction_v2\" api call failed (request id 01KTZ2JWR5CETY65GHMW8TP0YM): HTTP status client error (416 Range Not Satisfiable) for url (https://cas-server.xethub.hf.co/v2/reconstructions/21b36a86e5f8663c44c00025062c78c18c64ae7c86c6d4819e35b034c363125f)"},"filename":"/home/runner/work/xet-core/xet-core/xet_client/src/cas_client/retry_wrapper.rs","line_number":162}
{"timestamp":"2026-06-12T23:27:28.014846Z","level":"INFO","fields":{"message":"Received CAS response","request_id":"01KTZ2JWR5E9JG0TTCEP281GG9","status_code":416},"filename":"/home/runner/work/xet-core/xet-core/xet_client/src/common/http_client.rs","line_number":288}
{"timestamp":"2026-06-12T23:27:28.014869Z","level":"INFO","fields":{"message":"Reached end of reconstruction 416 (Range Not Satisfiable): \"cas::get_reconstruction_v2\" api call failed (request id 01KTZ2JWR5E9JG0TTCEP281GG9): HTTP status client error (416 Range Not Satisfiable) for url (https://cas-server.xethub.hf.co/v2/reconstructions/21b36a86e5f8663c44c00025062c78c18c64ae7c86c6d4819e35b034c363125f)"},"filename":"/home/runner/work/xet-core/xet-core/xet_client/src/cas_client/retry_wrapper.rs","line_number":162}
{"timestamp":"2026-06-12T23:27:28.212445Z","level":"INFO","fields":{"message":"Received CAS response","request_id":"01KTZ2JWR44E8GV62VXB5VTH4X","status_code":200},"filename":"/home/runner/work/xet-core/xet-core/xet_client/src/common/http_client.rs","line_number":288}
{"timestamp":"2026-06-12T23:27:28.212475Z","level":"INFO","fields":{"message":"Request Success: cas::get_reconstruction_v2 api call succeeded (request id 01KTZ2JWR44E8GV62VXB5VTH4X)."},"filename":"/home/runner/work/xet-core/xet-core/xet_client/src/cas_client/retry_wrapper.rs","line_number":210}
{"timestamp":"2026-06-12T23:27:28.212503Z","level":"INFO","fields":{"message":"Completed get_reconstruction API call","call_id":9,"file_id":"21b36a86e5f8663c44c00025062c78c18c64ae7c86c6d4819e35b034c363125f","bytes_range":"Some(Range { start: 0, end: 256000000 })","api_version":"v2"},"filename":"/home/runner/work/xet-core/xet-core/xet_client/src/cas_client/remote_client.rs","line_number":234}
{"timestamp":"2026-06-12T23:27:28.212540Z","level":"INFO","fields":{"message":"Received block of file terms from prefetch queue","file_hash":"21b36a86e5f8663c44c00025062c78c18c64ae7c86c6d4819e35b034c363125f","domain":"transfer.xethub.hf.co","block_start":0,"block_end":11421990,"block_size":1},"filename":"/home/runner/work/xet-core/xet-core/xet_data/src/file_reconstruction/reconstruction_terms/manager.rs","line_number":151}
{"timestamp":"2026-06-12T23:27:28.212569Z","level":"INFO","fields":{"message":"Updated completion rate estimate based on previous block completion time (seconds).","file_hash":"21b36a86e5f8663c44c00025062c78c18c64ae7c86c6d4819e35b034c363125f","block_start":0,"block_end":11421990,"block_size":11421990,"completion_time":0.000027601},"filename":"/home/runner/work/xet-core/xet-core/xet_data/src/file_reconstruction/reconstruction_terms/manager.rs","line_number":104}
{"timestamp":"2026-06-12T23:27:28.212586Z","level":"INFO","fields":{"message":"Completed prefetch queue; end of file reached.","file_hash":"21b36a86e5f8663c44c00025062c78c18c64ae7c86c6d4819e35b034c363125f","prefetched_byte_position":1024000000},"filename":"/home/runner/work/xet-core/xet-core/xet_data/src/file_reconstruction/reconstruction_terms/manager.rs","line_number":178}
{"timestamp":"2026-06-12T23:27:28.212590Z","level":"INFO","fields":{"message":"All term blocks received and scheduled for writing","file_hash":"21b36a86e5f8663c44c00025062c78c18c64ae7c86c6d4819e35b034c363125f","block_count":1,"total_terms_processed":1,"total_bytes_scheduled":11421990},"filename":"/home/runner/work/xet-core/xet-core/xet_data/src/file_reconstruction/run_state.rs","line_number":150}
{"timestamp":"2026-06-12T23:27:28.212603Z","level":"INFO","fields":{"message":"Retry strategy","max_attempts":5,"base_delay":"3s","no_retry_on_429":false},"filename":"/home/runner/work/xet-core/xet-core/xet_client/src/cas_client/retry_wrapper.rs","line_number":249}
{"timestamp":"2026-06-12T23:27:28.327954Z","level":"INFO","fields":{"message":"Received CAS response","request_id":"","status_code":206},"filename":"/home/runner/work/xet-core/xet-core/xet_client/src/common/http_client.rs","line_number":288}
{"timestamp":"2026-06-12T23:27:28.327981Z","level":"INFO","fields":{"message":"Request Success: s3::get_range api call succeeded (request id )."},"filename":"/home/runner/work/xet-core/xet-core/xet_client/src/cas_client/retry_wrapper.rs","line_number":210}
{"timestamp":"2026-06-12T23:27:28.569425Z","level":"INFO","fields":{"message":"File reconstruction completed successfully","file_hash":"21b36a86e5f8663c44c00025062c78c18c64ae7c86c6d4819e35b034c363125f","block_count":1,"total_terms_processed":1,"total_bytes_scheduled":11421990},"filename":"/home/runner/work/xet-core/xet-core/xet_data/src/file_reconstruction/run_state.rs","line_number":150}
{"timestamp":"2026-06-12T23:27:28.695516Z","level":"INFO","fields":{"message":"CAS auth disabled","caller":"/home/runner/work/xet-core/xet-core/xet_client/src/common/http_client.rs:166"},"filename":"/home/runner/work/xet-core/xet-core/xet_runtime/src/error_printer/mod.rs","line_number":198}
{"timestamp":"2026-06-12T23:27:28.702105Z","level":"INFO","fields":{"message":"HTTP client configured","idle_timeout":"60s","max_idle_connections":16,"custom_headers":"Some({\"user-agent\": \"unknown/None; hf_hub/1.19.0; python/3.11.15; torch/2.12.0\", \"authorization\": \"[REDACTED]\"})"},"filename":"/home/runner/work/xet-core/xet-core/xet_client/src/common/http_client.rs","line_number":187}
{"timestamp":"2026-06-12T23:27:28.702129Z","level":"INFO","fields":{"message":"Retry strategy","max_attempts":5,"base_delay":"3s","no_retry_on_429":false},"filename":"/home/runner/work/xet-core/xet-core/xet_client/src/cas_client/retry_wrapper.rs","line_number":249}
{"timestamp":"2026-06-12T23:27:28.743272Z","level":"INFO","fields":{"message":"Received CAS response","request_id":"Root=1-6a2c95e0-311b35953bde49a62b4755bc","status_code":200},"filename":"/home/runner/work/xet-core/xet-core/xet_client/src/common/http_client.rs","line_number":288}
{"timestamp":"2026-06-12T23:27:28.743293Z","level":"INFO","fields":{"message":"Request Success: xet-token api call succeeded (request id Root=1-6a2c95e0-311b35953bde49a62b4755bc)."},"filename":"/home/runner/work/xet-core/xet-core/xet_client/src/cas_client/retry_wrapper.rs","line_number":210}
{"timestamp":"2026-06-12T23:27:28.743364Z","level":"INFO","fields":{"message":"TranslatorConfig initialized","endpoint":"https://cas-server.xethub.hf.co","session_id":"Some(\"019ebe29-75e7-7d71-b772-e6343d15d0d2\")","shard_cache":"/home/runner/work/FinAI/FinAI/.hf_cache/xet/https___cas_serv-tGqkUaZf_CBPHQ6h/shard-cache","shard_session":"/home/runner/work/FinAI/FinAI/.hf_cache/xet/https___cas_serv-tGqkUaZf_CBPHQ6h/staging/shard-session"},"filename":"/home/runner/work/xet-core/xet-core/xet_data/src/processing/configurations.rs","line_number":115}
{"timestamp":"2026-06-12T23:27:28.749861Z","level":"INFO","fields":{"message":"HTTP client configured","idle_timeout":"60s","max_idle_connections":16,"custom_headers":"Some({\"user-agent\": \"unknown/None; hf_hub/1.19.0; python/3.11.15; torch/2.12.0; hf_xet/1.5.1\"})"},"filename":"/home/runner/work/xet-core/xet-core/xet_client/src/common/http_client.rs","line_number":187}
{"timestamp":"2026-06-12T23:27:28.749878Z","level":"INFO","fields":{"message":"CAS auth disabled","caller":"/home/runner/work/xet-core/xet-core/xet_client/src/common/http_client.rs:166"},"filename":"/home/runner/work/xet-core/xet-core/xet_runtime/src/error_printer/mod.rs","line_number":198}
{"timestamp":"2026-06-12T23:27:28.749883Z","level":"INFO","fields":{"message":"HTTP client configured","idle_timeout":"60s","max_idle_connections":16,"custom_headers":"Some({\"user-agent\": \"unknown/None; hf_hub/1.19.0; python/3.11.15; torch/2.12.0; hf_xet/1.5.1\"})"},"filename":"/home/runner/work/xet-core/xet-core/xet_client/src/common/http_client.rs","line_number":187}
{"timestamp":"2026-06-12T23:27:28.756132Z","level":"INFO","fields":{"message":"No-read-timeout HTTP client configured (for shard uploads)","connect_timeout":"60s"},"filename":"/home/runner/work/xet-core/xet-core/xet_client/src/common/http_client.rs","line_number":136}
{"timestamp":"2026-06-12T23:27:28.756144Z","level":"INFO","fields":{"message":"Initializing Adaptive Concurrency Controller for upload with starting concurrency = 2; min = 1, max = 64, min_bytes_for_adjustment = 20000000, min_completed_transmissions_for_adjustment = 1"},"filename":"/home/runner/work/xet-core/xet-core/xet_client/src/cas_client/adaptive_concurrency/controller.rs","line_number":301}
{"timestamp":"2026-06-12T23:27:28.756148Z","level":"INFO","fields":{"message":"Initializing Adaptive Concurrency Controller for download with starting concurrency = 4; min = 1, max = 64, min_bytes_for_adjustment = 20000000, min_completed_transmissions_for_adjustment = 1"},"filename":"/home/runner/work/xet-core/xet-core/xet_client/src/cas_client/adaptive_concurrency/controller.rs","line_number":301}
{"timestamp":"2026-06-12T23:27:28.756184Z","level":"INFO","fields":{"message":"New file download group, session_id=019ebe29-57ff-7742-b299-d4c0807b3222, group_id=13"},"filename":"/home/runner/work/xet-core/xet-core/xet_pkg/src/xet_session/file_download_group.rs","line_number":61}
{"timestamp":"2026-06-12T23:27:28.756269Z","level":"INFO","fields":{"message":"Download file to path","group_id":"13","dest_path":"\"/home/runner/work/FinAI/FinAI/temp_download/.cache/huggingface/download/checkpoint/BbZQhXbpaYPFp6jbudOhcbSuIqA=.e07f36bf7ecc2412c71148fefa6b50b6cd87ba14d985e1aafb2150f4e2226e72.b53ad88d.incomplete\"","hash":"ba5538fbc271d973eb4295318e7acdb12020d606e583d9dd1985f1e799d980fd"},"filename":"/home/runner/work/xet-core/xet-core/xet_pkg/src/xet_session/file_download_group.rs","line_number":287}
{"timestamp":"2026-06-12T23:27:28.756332Z","level":"INFO","fields":{"message":"Reconstructing file to disk","file_hash":"ba5538fbc271d973eb4295318e7acdb12020d606e583d9dd1985f1e799d980fd","byte_range":"None","path":"/home/runner/work/FinAI/FinAI/temp_download/.cache/huggingface/download/checkpoint/BbZQhXbpaYPFp6jbudOhcbSuIqA=.e07f36bf7ecc2412c71148fefa6b50b6cd87ba14d985e1aafb2150f4e2226e72.b53ad88d.incomplete","write_offset":"None"},"filename":"/home/runner/work/xet-core/xet-core/xet_data/src/file_reconstruction/file_reconstructor.rs","line_number":121}
{"timestamp":"2026-06-12T23:27:28.756405Z","level":"INFO","fields":{"message":"Download group finish","group_id":"13"},"filename":"/home/runner/work/xet-core/xet-core/xet_pkg/src/xet_session/file_download_group.rs","line_number":306}
{"timestamp":"2026-06-12T23:27:28.756417Z","level":"INFO","fields":{"message":"Scheduling prefetch block","file_hash":"ba5538fbc271d973eb4295318e7acdb12020d606e583d9dd1985f1e799d980fd","prefetch_range":"(0, 256000000)","requested_block_size":256000000,"actual_block_size":256000000,"queue_depth":1},"filename":"/home/runner/work/xet-core/xet-core/xet_data/src/file_reconstruction/reconstruction_terms/manager.rs","line_number":272}
{"timestamp":"2026-06-12T23:27:28.756428Z","level":"INFO","fields":{"message":"Scheduling prefetch block","file_hash":"ba5538fbc271d973eb4295318e7acdb12020d606e583d9dd1985f1e799d980fd","prefetch_range":"(256000000, 768000000)","requested_block_size":512000000,"actual_block_size":512000000,"queue_depth":2},"filename":"/home/runner/work/xet-core/xet-core/xet_data/src/file_reconstruction/reconstruction_terms/manager.rs","line_number":272}
{"timestamp":"2026-06-12T23:27:28.756436Z","level":"INFO","fields":{"message":"Scheduling prefetch block","file_hash":"ba5538fbc271d973eb4295318e7acdb12020d606e583d9dd1985f1e799d980fd","prefetch_range":"(768000000, 1024000000)","requested_block_size":256000000,"actual_block_size":256000000,"queue_depth":3},"filename":"/home/runner/work/xet-core/xet-core/xet_data/src/file_reconstruction/reconstruction_terms/manager.rs","line_number":272}
{"timestamp":"2026-06-12T23:27:28.756457Z","level":"INFO","fields":{"message":"Starting get_reconstruction API call","call_id":11,"file_id":"ba5538fbc271d973eb4295318e7acdb12020d606e583d9dd1985f1e799d980fd","bytes_range":"Some(Range { start: 768000000, end: 1024000000 })","api_version":"v2"},"filename":"/home/runner/work/xet-core/xet-core/xet_client/src/cas_client/remote_client.rs","line_number":210}
{"timestamp":"2026-06-12T23:27:28.756466Z","level":"INFO","fields":{"message":"Retry strategy","max_attempts":5,"base_delay":"3s","no_retry_on_429":false},"filename":"/home/runner/work/xet-core/xet-core/xet_client/src/cas_client/retry_wrapper.rs","line_number":249}
{"timestamp":"2026-06-12T23:27:28.756470Z","level":"INFO","fields":{"message":"Starting get_reconstruction API call","call_id":12,"file_id":"ba5538fbc271d973eb4295318e7acdb12020d606e583d9dd1985f1e799d980fd","bytes_range":"Some(Range { start: 256000000, end: 768000000 })","api_version":"v2"},"filename":"/home/runner/work/xet-core/xet-core/xet_client/src/cas_client/remote_client.rs","line_number":210}
{"timestamp":"2026-06-12T23:27:28.756476Z","level":"INFO","fields":{"message":"Retry strategy","max_attempts":5,"base_delay":"3s","no_retry_on_429":false},"filename":"/home/runner/work/xet-core/xet-core/xet_client/src/cas_client/retry_wrapper.rs","line_number":249}
{"timestamp":"2026-06-12T23:27:28.756476Z","level":"INFO","fields":{"message":"Starting get_reconstruction API call","call_id":13,"file_id":"ba5538fbc271d973eb4295318e7acdb12020d606e583d9dd1985f1e799d980fd","bytes_range":"Some(Range { start: 0, end: 256000000 })","api_version":"v2"},"filename":"/home/runner/work/xet-core/xet-core/xet_client/src/cas_client/remote_client.rs","line_number":210}
{"timestamp":"2026-06-12T23:27:28.756484Z","level":"INFO","fields":{"message":"Retry strategy","max_attempts":5,"base_delay":"3s","no_retry_on_429":false},"filename":"/home/runner/work/xet-core/xet-core/xet_client/src/cas_client/retry_wrapper.rs","line_number":249}
{"timestamp":"2026-06-12T23:27:28.898993Z","level":"INFO","fields":{"message":"Received CAS response","request_id":"01KTZ2JXKXQY20VPAFPQ4J5YC5","status_code":416},"filename":"/home/runner/work/xet-core/xet-core/xet_client/src/common/http_client.rs","line_number":288}
{"timestamp":"2026-06-12T23:27:28.899029Z","level":"INFO","fields":{"message":"Reached end of reconstruction 416 (Range Not Satisfiable): \"cas::get_reconstruction_v2\" api call failed (request id 01KTZ2JXKXQY20VPAFPQ4J5YC5): HTTP status client error (416 Range Not Satisfiable) for url (https://cas-server.xethub.hf.co/v2/reconstructions/ba5538fbc271d973eb4295318e7acdb12020d606e583d9dd1985f1e799d980fd)"},"filename":"/home/runner/work/xet-core/xet-core/xet_client/src/cas_client/retry_wrapper.rs","line_number":162}
{"timestamp":"2026-06-12T23:27:28.899117Z","level":"INFO","fields":{"message":"Received CAS response","request_id":"01KTZ2JXKXZF8HY1JBTN4BKPM3","status_code":416},"filename":"/home/runner/work/xet-core/xet-core/xet_client/src/common/http_client.rs","line_number":288}
{"timestamp":"2026-06-12T23:27:28.899131Z","level":"INFO","fields":{"message":"Reached end of reconstruction 416 (Range Not Satisfiable): \"cas::get_reconstruction_v2\" api call failed (request id 01KTZ2JXKXZF8HY1JBTN4BKPM3): HTTP status client error (416 Range Not Satisfiable) for url (https://cas-server.xethub.hf.co/v2/reconstructions/ba5538fbc271d973eb4295318e7acdb12020d606e583d9dd1985f1e799d980fd)"},"filename":"/home/runner/work/xet-core/xet-core/xet_client/src/cas_client/retry_wrapper.rs","line_number":162}
{"timestamp":"2026-06-12T23:27:29.015013Z","level":"INFO","fields":{"message":"Received CAS response","request_id":"01KTZ2JXKZV0PGFKPYA739C65Z","status_code":200},"filename":"/home/runner/work/xet-core/xet-core/xet_client/src/common/http_client.rs","line_number":288}
{"timestamp":"2026-06-12T23:27:29.015040Z","level":"INFO","fields":{"message":"Request Success: cas::get_reconstruction_v2 api call succeeded (request id 01KTZ2JXKZV0PGFKPYA739C65Z)."},"filename":"/home/runner/work/xet-core/xet-core/xet_client/src/cas_client/retry_wrapper.rs","line_number":210}
{"timestamp":"2026-06-12T23:27:29.015068Z","level":"INFO","fields":{"message":"Completed get_reconstruction API call","call_id":13,"file_id":"ba5538fbc271d973eb4295318e7acdb12020d606e583d9dd1985f1e799d980fd","bytes_range":"Some(Range { start: 0, end: 256000000 })","api_version":"v2"},"filename":"/home/runner/work/xet-core/xet-core/xet_client/src/cas_client/remote_client.rs","line_number":234}
{"timestamp":"2026-06-12T23:27:29.015122Z","level":"INFO","fields":{"message":"Received block of file terms from prefetch queue","file_hash":"ba5538fbc271d973eb4295318e7acdb12020d606e583d9dd1985f1e799d980fd","domain":"transfer.xethub.hf.co","block_start":0,"block_end":1361,"block_size":1},"filename":"/home/runner/work/xet-core/xet-core/xet_data/src/file_reconstruction/reconstruction_terms/manager.rs","line_number":151}
{"timestamp":"2026-06-12T23:27:29.015156Z","level":"INFO","fields":{"message":"Updated completion rate estimate based on previous block completion time (seconds).","file_hash":"ba5538fbc271d973eb4295318e7acdb12020d606e583d9dd1985f1e799d980fd","block_start":0,"block_end":1361,"block_size":1361,"completion_time":0.00003359},"filename":"/home/runner/work/xet-core/xet-core/xet_data/src/file_reconstruction/reconstruction_terms/manager.rs","line_number":104}
{"timestamp":"2026-06-12T23:27:29.015168Z","level":"INFO","fields":{"message":"Completed prefetch queue; end of file reached.","file_hash":"ba5538fbc271d973eb4295318e7acdb12020d606e583d9dd1985f1e799d980fd","prefetched_byte_position":1024000000},"filename":"/home/runner/work/xet-core/xet-core/xet_data/src/file_reconstruction/reconstruction_terms/manager.rs","line_number":178}
{"timestamp":"2026-06-12T23:27:29.015174Z","level":"INFO","fields":{"message":"All term blocks received and scheduled for writing","file_hash":"ba5538fbc271d973eb4295318e7acdb12020d606e583d9dd1985f1e799d980fd","block_count":1,"total_terms_processed":1,"total_bytes_scheduled":1361},"filename":"/home/runner/work/xet-core/xet-core/xet_data/src/file_reconstruction/run_state.rs","line_number":150}
{"timestamp":"2026-06-12T23:27:29.015183Z","level":"INFO","fields":{"message":"Retry strategy","max_attempts":5,"base_delay":"3s","no_retry_on_429":false},"filename":"/home/runner/work/xet-core/xet-core/xet_client/src/cas_client/retry_wrapper.rs","line_number":249}
{"timestamp":"2026-06-12T23:27:29.185078Z","level":"INFO","fields":{"message":"Received CAS response","request_id":"","status_code":206},"filename":"/home/runner/work/xet-core/xet-core/xet_client/src/common/http_client.rs","line_number":288}
{"timestamp":"2026-06-12T23:27:29.185125Z","level":"INFO","fields":{"message":"Request Success: s3::get_range api call succeeded (request id )."},"filename":"/home/runner/work/xet-core/xet-core/xet_client/src/cas_client/retry_wrapper.rs","line_number":210}
{"timestamp":"2026-06-12T23:27:29.264125Z","level":"INFO","fields":{"message":"File reconstruction completed successfully","file_hash":"ba5538fbc271d973eb4295318e7acdb12020d606e583d9dd1985f1e799d980fd","block_count":1,"total_terms_processed":1,"total_bytes_scheduled":1361},"filename":"/home/runner/work/xet-core/xet-core/xet_data/src/file_reconstruction/run_state.rs","line_number":150}
{"timestamp":"2026-06-12T23:27:29.264807Z","level":"INFO","fields":{"message":"File reconstruction completed successfully","file_hash":"e1a275e609cbe29ade2d09d54fbc6171b32f07278c487e04a180ef89ba600c65","block_count":2,"total_terms_processed":22,"total_bytes_scheduled":710162369},"filename":"/home/runner/work/xet-core/xet-core/xet_data/src/file_reconstruction/run_state.rs","line_number":150}
