{
  "current_score": 105517.98863924592,
  "max_score": 1000000,
  "progress_percentage": 10.551798863924592,
  "timestamp": "2025-09-18T22:14:39.520706"
}