{
  "current_score": 52217.73885821221,
  "max_score": 1000000,
  "progress_percentage": 5.221773885821221,
  "timestamp": "2025-09-18T22:11:10.719505"
}